--- @param m MarioState
--- @param targetAnimID integer|string
function set_player_animation(m, targetAnimID)
    if type(targetAnimID) == "number" then
        set_mario_animation(m, targetAnimID)
    else
        smlua_anim_util_set_animation(m.marioObj, targetAnimID)
    end
end

set_character_animation = set_player_animation

---@param m MarioState
---@param speed integer
function set_character_anim_speed(m, speed)
	m.marioObj.header.gfx.animInfo.animAccel = speed and 65536 * speed or 65536
	return true
end

--- @param name string
--- @param flags integer
--- @param animYTransDivisor integer
--- @param startFrame integer
--- @param loopStart integer
--- @param loopEnd integer
--- @param values table
--- @param index table
--- @return string
function animation_register(name, flags, animYTransDivisor, startFrame, loopStart, loopEnd, values, index)
    smlua_anim_util_register_animation(name, flags, animYTransDivisor, startFrame, loopStart, loopEnd, values, index)
    return name
end

CHAR_ANIM_GRAB_IDLE = animation_register("hold_idle", 0, 0, 0, 0, 89, {
    0x0000, 0x00AA, 0x00AA, 0x00A9, 0x00A8, 0x00A6, 0x00A5, 0x00A3, 0x00A1,
	0x009F, 0x009E, 0x009C, 0x009B, 0x009A, 0x0099, 0x0099, 0x0099, 0x009A,
	0x009B, 0x009C, 0x009E, 0x00A0, 0x00A2, 0x00A3, 0x00A5, 0x00A7, 0x00A8,
	0x00AA, 0x00AB, 0x00AB, 0x00AC, 0x00AB, 0x00AB, 0x00A9, 0x00A8, 0x00A6,
	0x00A4, 0x00A2, 0x00A0, 0x009E, 0x009C, 0x009B, 0x0099, 0x0098, 0x0097,
	0x0097, 0x0097, 0x0098, 0x0099, 0x009B, 0x009C, 0x009E, 0x00A0, 0x00A2,
	0x00A4, 0x00A6, 0x00A8, 0x00A9, 0x00AB, 0x00AB, 0x00AC, 0x00AB, 0x00AB,
	0x00A9, 0x00A8, 0x00A6, 0x00A4, 0x00A2, 0x00A0, 0x009E, 0x009C, 0x009B,
	0x0099, 0x0098, 0x0097, 0x0097, 0x0097, 0x0098, 0x0099, 0x009B, 0x009C,
	0x009E, 0x00A0, 0x00A2, 0x00A4, 0x00A6, 0x00A8, 0x00A9, 0x00AA, 0x00AB,
	0x0000, 0x0000, 0x0000, 0x0000, 0x0000, 0x0001, 0x0001, 0x0002, 0x0002,
	0x0002, 0x0003, 0x0003, 0x0003, 0x0003, 0x0003, 0x0003, 0x0003, 0x0003,
	0x0002, 0x0002, 0x0001, 0x0001, 0x0000, 0x0000, 0x0000, 0x0000, 0xFFFF,
	0xFFFF, 0xFFFF, 0xFFFF, 0xFFFF, 0xFFFF, 0xFFFF, 0x0000, 0x0000, 0x0000,
	0x0000, 0x0001, 0x0001, 0x0002, 0x0002, 0x0003, 0x0003, 0x0003, 0x0003,
	0x0003, 0x0003, 0x0003, 0x0002, 0x0002, 0x0001, 0x0001, 0x0000, 0x0000,
	0x0000, 0x0000, 0xFFFF, 0xFFFF, 0xFFFF, 0xFFFF, 0xFFFF, 0xFFFF, 0xFFFF,
	0x0000, 0x0000, 0x0000, 0x0000, 0x0001, 0x0001, 0x0002, 0x0002, 0x0003,
	0x0003, 0x0003, 0x0003, 0x0003, 0x0003, 0x0003, 0x0002, 0x0002, 0x0001,
	0x0001, 0x0000, 0x0000, 0x0000, 0x0000, 0xFFFF, 0x0000, 0x3FFF, 0x0000,
	0xFFFF, 0x0000, 0x40A1, 0x40A7, 0x40B8, 0x40D2, 0x40F4, 0x411B, 0x4145,
	0x4172, 0x419E, 0x41C9, 0x41F0, 0x4211, 0x422B, 0x423C, 0x4242, 0x423D,
	0x422E, 0x4217, 0x41F9, 0x41D6, 0x41AF, 0x4186, 0x415D, 0x4134, 0x410D,
	0x40EA, 0x40CC, 0x40B5, 0x40A6, 0x40A1, 0x40A6, 0x40B5, 0x40CC, 0x40EA,
	0x410D, 0x4134, 0x415D, 0x4186, 0x41AF, 0x41D6, 0x41F9, 0x4217, 0x422E,
	0x423D, 0x4242, 0x423D, 0x422E, 0x4217, 0x41F9, 0x41D6, 0x41AF, 0x4186,
	0x415D, 0x4134, 0x410D, 0x40EA, 0x40CC, 0x40B5, 0x40A6, 0x40A1, 0x40A6,
	0x40B5, 0x40CC, 0x40EA, 0x410D, 0x4134, 0x415C, 0x4186, 0x41AF, 0x41D6,
	0x41F9, 0x4217, 0x422E, 0x423D, 0x4242, 0x423F, 0x4235, 0x4225, 0x4210,
	0x41F6, 0x41D9, 0x41B9, 0x4197, 0x4173, 0x414E, 0x412A, 0x4106, 0x40E4,
	0x40C4, 0x40A6, 0x0000, 0x0000, 0x0000, 0xFFFF, 0x0000, 0xFFFF, 0x0000,
	0xFFFF, 0x0000, 0xFFFF, 0x0000, 0xFFFF, 0x0000, 0xFFFF, 0xFFFF, 0xFFFF,
	0xFFFF, 0x0000, 0xFFFF, 0x0000, 0x0000, 0xFFFF, 0x0000, 0x0000, 0xFFFF,
	0xFFFF, 0xFFFF, 0xFFFF, 0x0000, 0x0000, 0x0000, 0xFFFF, 0xFFFF, 0xFFFF,
	0xFFFF, 0x0000, 0x0000, 0xFFFF, 0x0000, 0x0000, 0xFFFF, 0x0000, 0xFFFF,
	0xFFFF, 0xFFFF, 0xFFFF, 0xFFFF, 0x0000, 0xFFFF, 0x0000, 0x0000, 0xFFFF,
	0x0000, 0x0000, 0xFFFF, 0xFFFF, 0xFFFF, 0xFFFF, 0x0000, 0x0000, 0x0000,
	0xFFFF, 0xFFFF, 0xFFFF, 0xFFFF, 0x0000, 0xFFFF, 0xFFFF, 0x0000, 0x0000,
	0xFFFF, 0x0000, 0xFFFF, 0xFFFF, 0xFFFF, 0x0000, 0x0000, 0x0000, 0xFFFF,
	0xFFFF, 0xFFFF, 0xFFFF, 0xFFFF, 0x0000, 0x0000, 0xFFFF, 0xFFFF, 0xFFFF,
	0xFFFF, 0x0000, 0xFFFF, 0xFFFF, 0xFFFF, 0xFFFF, 0xFFFF, 0xFFFF, 0xFFFF,
	0x0000, 0xFFFF, 0x0000, 0xFFFF, 0x0000, 0x0000, 0xFFFF, 0x0000, 0xFFFF,
	0xFFFF, 0x0000, 0xFFFF, 0xFFFF, 0xFFFF, 0xFFFF, 0xFFFF, 0xFFFF, 0xFFFF,
	0x0000, 0xFFFF, 0x0000, 0x0000, 0xFFFF, 0x0000, 0x0000, 0xFFFF, 0x0000,
	0xFFFF, 0xFFFF, 0xFFFF, 0xFFFF, 0xFFFF, 0xFFFF, 0xFFFF, 0x0000, 0xFFFF,
	0xFFFF, 0x0000, 0xFFFF, 0xFFFF, 0x0000, 0xFFFF, 0xFFFF, 0xFFFF, 0xFFFF,
	0xFFFF, 0xFFFF, 0xFFFF, 0x0000, 0xFFFF, 0x0000, 0x0000, 0xFFFF, 0x0000,
	0x0000, 0xFFFF, 0x0000, 0xFFFF, 0xFFFF, 0xFFFF, 0xFFFF, 0xFFFF, 0xFFFF,
	0xFFFF, 0x0000, 0xFFFF, 0xFFFF, 0x0000, 0x0000, 0xFFFF, 0xFFFF, 0x0000,
	0x0000, 0xFFFF, 0xFFFF, 0xFFFF, 0xFFFF, 0xFFFF, 0xFFFF, 0x0000, 0x0000,
	0xFFFF, 0x0000, 0x0884, 0x0000, 0x0034, 0x00CA, 0x01B5, 0x02EA, 0x045B,
	0x05FE, 0x07C6, 0x09A7, 0x0B96, 0x0D85, 0x0F6A, 0x1138, 0x12E3, 0x145F,
	0x15E8, 0x17B6, 0x19B7, 0x1BD9, 0x1E0B, 0x203B, 0x2256, 0x244B, 0x2608,
	0x277A, 0x2891, 0x2939, 0x2962, 0x28F9, 0x27ED, 0x2617, 0x2370, 0x2016,
	0x1C26, 0x17BD, 0x12F7, 0x0DF3, 0x08CD, 0x03A2, 0xFE90, 0xF9B4, 0xF52A,
	0xF111, 0xED84, 0xEAA2, 0xE838, 0xE601, 0xE3FF, 0xE231, 0xE098, 0xDF35,
	0xDE08, 0xDD11, 0xDC52, 0xDBCB, 0xDB7D, 0xDB67, 0xDB8B, 0xDBE9, 0xDC82,
	0xDD82, 0xDF08, 0xE100, 0xE357, 0xE5FA, 0xE8D6, 0xEBD7, 0xEEE9, 0xF1FA,
	0xF4F6, 0xF7C9, 0xFA61, 0xFCA9, 0xFE8F, 0x0000, 0x0107, 0x01C6, 0x0245,
	0x028B, 0x02A0, 0x028E, 0x025A, 0x020F, 0x01B4, 0x0150, 0x00EC, 0x0091,
	0x0045, 0x0012, 0x0000, 0xFFFF, 0xFFFF, 0x0000, 0x0000, 0x0000, 0x0000,
	0x0000, 0xFFFF, 0x0000, 0xFFFF, 0xFFFF, 0xFFFF, 0xFFFF, 0xFFFF, 0xFFFF,
	0x0001, 0x0006, 0x000D, 0x0015, 0x001F, 0x0028, 0x0030, 0x0037, 0x003C,
	0x003E, 0x003C, 0x0035, 0x002A, 0x0018, 0x0000, 0xFFE0, 0xFFB8, 0xFF8B,
	0xFF57, 0xFF20, 0xFEE4, 0xFEA6, 0xFE65, 0xFE24, 0xFDE2, 0xFDA1, 0xFD62,
	0xFD25, 0xFCEC, 0xFCB7, 0xFC80, 0xFC43, 0xFC01, 0xFBBC, 0xFB76, 0xFB30,
	0xFAED, 0xFAAF, 0xFA76, 0xFA46, 0xFA20, 0xFA05, 0xF9F7, 0xF9F9, 0xFA0C,
	0xFA35, 0xFA74, 0xFAC8, 0xFB2C, 0xFB9D, 0xFC18, 0xFC99, 0xFD1D, 0xFDA2,
	0xFE23, 0xFE9D, 0xFF0D, 0xFF70, 0xFFC2, 0xFFFF, 0x002C, 0x004C, 0x0061,
	0x006D, 0x0070, 0x006D, 0x0065, 0x0058, 0x0049, 0x0038, 0x0027, 0x0018,
	0x000B, 0x0003, 0xFFFF, 0xFC61, 0xFC52, 0xFC2A, 0xFBED, 0xFBA0, 0xFB48,
	0xFAE9, 0xFA8A, 0xFA2E, 0xF9DA, 0xF994, 0xF960, 0xF943, 0xF942, 0xF963,
	0xF9AE, 0xFA26, 0xFAC2, 0xFB7B, 0xFC49, 0xFD24, 0xFE05, 0xFEE2, 0xFFB6,
	0x0077, 0x011D, 0x01A2, 0x01FD, 0x0226, 0x0215, 0x01BF, 0x0124, 0x004F,
	0xFF4B, 0xFE22, 0xFCDF, 0xFB8C, 0xFA34, 0xF8E2, 0xF7A0, 0xF679, 0xF578,
	0xF4A7, 0xF410, 0xF3C0, 0xF3B6, 0xF3E9, 0xF451, 0xF4E3, 0xF59A, 0xF66B,
	0xF74F, 0xF83D, 0xF92C, 0xFA16, 0xFAF0, 0xFBB3, 0xFC57, 0xFCD2, 0xFD1D,
	0xFD3B, 0xFD39, 0xFD19, 0xFCE2, 0xFC98, 0xFC3E, 0xFBDA, 0xFB71, 0xFB06,
	0xFA9E, 0xFA3D, 0xF9E9, 0xF9A6, 0xF977, 0xF963, 0xF967, 0xF97F, 0xF9A6,
	0xF9DC, 0xFA1B, 0xFA63, 0xFAAF, 0xFAFD, 0xFB4A, 0xFB93, 0xFBD5, 0xFC0E,
	0xFC3A, 0xFC57, 0xFC61, 0xCB61, 0xEA25, 0x98CD, 0xFAB4, 0xFA80, 0xF9EE,
	0xF90E, 0xF7EF, 0xF6A2, 0xF535, 0xF3B9, 0xF23D, 0xF0D1, 0xEF83, 0xEE65,
	0xED85, 0xECF3, 0xECBF, 0xECEC, 0xED6D, 0xEE33, 0xEF32, 0xF05D, 0xF1A9,
	0xF307, 0xF46C, 0xF5CA, 0xF715, 0xF841, 0xF940, 0xFA06, 0xFA86, 0xFAB4,
	0xFAB4, 0xFA80, 0xF9EE, 0xF90E, 0xF7EF, 0xF6A2, 0xF535, 0xF3B9, 0xF23D,
	0xF0D1, 0xEF83, 0xEE65, 0xED85, 0xECF3, 0xECBF, 0xECEC, 0xED6D, 0xEE33,
	0xEF32, 0xF05D, 0xF1A9, 0xF307, 0xF46C, 0xF5CA, 0xF715, 0xF841, 0xF940,
	0xFA06, 0xFA86, 0xFAB4, 0xFAB4, 0xFA80, 0xF9EE, 0xF90E, 0xF7EF, 0xF6A2,
	0xF535, 0xF3B9, 0xF23D, 0xF0D1, 0xEF83, 0xEE65, 0xED85, 0xECF3, 0xECBF,
	0xECEC, 0xED6D, 0xEE33, 0xEF32, 0xF05D, 0xF1A9, 0xF307, 0xF46C, 0xF5CA,
	0xF715, 0xF841, 0xF940, 0xFA06, 0xFA86, 0xFAB4, 0xD429, 0xD43F, 0xD47F,
	0xD4E0, 0xD55C, 0xD5EC, 0xD68A, 0xD72F, 0xD7D4, 0xD872, 0xD903, 0xD97F,
	0xD9E0, 0xDA1F, 0xDA36, 0xDA22, 0xD9EA, 0xD995, 0xD926, 0xD8A4, 0xD814,
	0xD77D, 0xD6E2, 0xD64A, 0xD5BA, 0xD538, 0xD4CA, 0xD474, 0xD43C, 0xD429,
	0xD429, 0xD43F, 0xD47F, 0xD4E0, 0xD55C, 0xD5EC, 0xD68A, 0xD72F, 0xD7D4,
	0xD872, 0xD903, 0xD97F, 0xD9E0, 0xDA1F, 0xDA36, 0xDA22, 0xD9EA, 0xD995,
	0xD926, 0xD8A4, 0xD814, 0xD77D, 0xD6E2, 0xD64A, 0xD5BA, 0xD538, 0xD4CA,
	0xD474, 0xD43C, 0xD429, 0xD429, 0xD43F, 0xD47F, 0xD4E0, 0xD55C, 0xD5EC,
	0xD68A, 0xD72F, 0xD7D4, 0xD872, 0xD903, 0xD97F, 0xD9E0, 0xDA1F, 0xDA36,
	0xDA22, 0xD9EA, 0xD995, 0xD926, 0xD8A4, 0xD814, 0xD77D, 0xD6E2, 0xD64A,
	0xD5BA, 0xD538, 0xD4CA, 0xD474, 0xD43C, 0xD429, 0xCCF5, 0xCD3F, 0xCE0E,
	0xCF4C, 0xD0E3, 0xD2BD, 0xD4C3, 0xD6E0, 0xD8FC, 0xDB02, 0xDCDC, 0xDE73,
	0xDFB1, 0xE080, 0xE0CA, 0xE08A, 0xDFD4, 0xDEBA, 0xDD50, 0xDBA6, 0xD9CF,
	0xD7DD, 0xD5E2, 0xD3F0, 0xD219, 0xD06F, 0xCF05, 0xCDEC, 0xCD36, 0xCCF5,
	0xCCF5, 0xCD3F, 0xCE0E, 0xCF4C, 0xD0E3, 0xD2BD, 0xD4C3, 0xD6E0, 0xD8FC,
	0xDB02, 0xDCDC, 0xDE73, 0xDFB1, 0xE080, 0xE0CA, 0xE08A, 0xDFD4, 0xDEBA,
	0xDD50, 0xDBA6, 0xD9CF, 0xD7DD, 0xD5E2, 0xD3F0, 0xD219, 0xD06F, 0xCF05,
	0xCDEC, 0xCD36, 0xCCF5, 0xCCF5, 0xCD3F, 0xCE0E, 0xCF4C, 0xD0E3, 0xD2BD,
	0xD4C3, 0xD6E0, 0xD8FC, 0xDB02, 0xDCDC, 0xDE73, 0xDFB1, 0xE080, 0xE0CA,
	0xE08A, 0xDFD4, 0xDEBA, 0xDD50, 0xDBA6, 0xD9CF, 0xD7DD, 0xD5E2, 0xD3F0,
	0xD219, 0xD06F, 0xCF05, 0xCDEC, 0xCD36, 0xCCF5, 0xFFFF, 0x0000, 0x0000,
	0x0000, 0xFFFF, 0x0000, 0x0000, 0xFFFF, 0x0000, 0xFFFF, 0xFFFF, 0x0000,
	0x0000, 0xFFFF, 0x0000, 0x0000, 0x0000, 0xFFFF, 0xFFFF, 0xFFFF, 0x0000,
	0xFFFF, 0x0000, 0x0000, 0xFFFF, 0x0000, 0x0000, 0x0000, 0x0000, 0xFFFF,
	0x0000, 0x0000, 0x0000, 0x0000, 0x0000, 0xFFFF, 0x0000, 0x0000, 0xFFFF,
	0xFFFF, 0xFFFF, 0xFFFF, 0xFFFF, 0x0000, 0x0000, 0x0000, 0x0000, 0xFFFF,
	0xFFFF, 0xFFFF, 0x0000, 0xFFFF, 0x0000, 0x0000, 0xFFFF, 0x0000, 0x0000,
	0x0000, 0x0000, 0xFFFF, 0x0000, 0x0000, 0x0000, 0x0000, 0x0000, 0xFFFF,
	0x0000, 0x0000, 0xFFFF, 0xFFFF, 0xFFFF, 0xFFFF, 0xFFFF, 0x0000, 0x0000,
	0xFFFF, 0xFFFF, 0xFFFF, 0x0000, 0xFFFF, 0xFFFF, 0xFFFF, 0x0000, 0xFFFF,
	0x0000, 0x0000, 0xFFFF, 0x0000, 0x0000, 0xFFFF, 0xFFFF, 0xFFFF, 0xFFFF,
	0xFFFF, 0xFFFF, 0xFFFF, 0x0000, 0xFFFF, 0x0000, 0xFFFF, 0xFFFF, 0xFFFF,
	0xFFFF, 0xFFFF, 0x0000, 0x0000, 0xFFFF, 0x0000, 0xFFFF, 0x0000, 0xFFFF,
	0xFFFF, 0xFFFF, 0xFFFF, 0xFFFF, 0xFFFF, 0x0000, 0x0000, 0xFFFF, 0xFFFF,
	0xFFFF, 0xFFFF, 0xFFFF, 0xFFFF, 0xFFFF, 0xFFFF, 0xFFFF, 0xFFFF, 0x0000,
	0x0000, 0x0000, 0xFFFF, 0xFFFF, 0xFFFF, 0x0000, 0x0000, 0xFFFF, 0x0000,
	0xFFFF, 0x0000, 0xFFFF, 0xFFFF, 0xFFFF, 0xFFFF, 0xFFFF, 0xFFFF, 0x0000,
	0x0000, 0xFFFF, 0xFFFF, 0xFFFF, 0xFFFF, 0xFFFF, 0xFFFF, 0xFFFF, 0xFFFF,
	0xFFFF, 0xFFFF, 0x0000, 0x0000, 0x0000, 0xFFFF, 0xFFFF, 0xFFFF, 0xFFFF,
	0xFFFF, 0x0000, 0x0000, 0xFFFF, 0x0000, 0xFFFF, 0xE065, 0xE06A, 0xE077,
	0xE08A, 0xE0A3, 0xE0C1, 0xE0E1, 0xE102, 0xE123, 0xE143, 0xE160, 0xE179,
	0xE18D, 0xE19A, 0xE19E, 0xE19A, 0xE18F, 0xE17E, 0xE167, 0xE14D, 0xE130,
	0xE112, 0xE0F2, 0xE0D4, 0xE0B7, 0xE09C, 0xE086, 0xE075, 0xE069, 0xE065,
	0xE065, 0xE06A, 0xE077, 0xE08A, 0xE0A3, 0xE0C1, 0xE0E1, 0xE102, 0xE123,
	0xE143, 0xE160, 0xE179, 0xE18D, 0xE19A, 0xE19E, 0xE19A, 0xE18F, 0xE17E,
	0xE167, 0xE14D, 0xE130, 0xE112, 0xE0F2, 0xE0D4, 0xE0B7, 0xE09C, 0xE086,
	0xE075, 0xE069, 0xE065, 0xE065, 0xE06A, 0xE077, 0xE08A, 0xE0A3, 0xE0C1,
	0xE0E1, 0xE102, 0xE123, 0xE143, 0xE160, 0xE179, 0xE18D, 0xE19A, 0xE19E,
	0xE19A, 0xE18F, 0xE17E, 0xE167, 0xE14D, 0xE130, 0xE112, 0xE0F2, 0xE0D4,
	0xE0B7, 0xE09C, 0xE086, 0xE075, 0xE069, 0xE065, 0xFFFF, 0x0000, 0x0000,
	0xFFFF, 0x0000, 0xFFFF, 0xFFFF, 0xFFFF, 0x0000, 0xFFFF, 0xFFFF, 0xFFFF,
	0xFFFF, 0xFFFF, 0x0000, 0x0000, 0x0000, 0x0000, 0xFFFF, 0x0000, 0xFFFF,
	0xFFFF, 0xFFFF, 0x0000, 0xFFFF, 0x0000, 0xFFFF, 0x0000, 0x0000, 0xFFFF,
	0x0000, 0xFFFF, 0xFFFF, 0xFFFF, 0x0000, 0xFFFF, 0xFFFF, 0x0000, 0xFFFF,
	0xFFFF, 0xFFFF, 0xFFFF, 0x0000, 0xFFFF, 0x0000, 0x0000, 0x0000, 0x0000,
	0xFFFF, 0x0000, 0xFFFF, 0xFFFF, 0xFFFF, 0x0000, 0xFFFF, 0x0000, 0xFFFF,
	0x0000, 0x0000, 0xFFFF, 0x0000, 0x000C, 0x001A, 0x002C, 0x0041, 0x0058,
	0x0071, 0x008A, 0x00A2, 0x00BA, 0x00CF, 0x00E1, 0x00EF, 0x00F8, 0x00FB,
	0x00F8, 0x00EF, 0x00E1, 0x00D0, 0x00BB, 0x00A4, 0x008B, 0x0073, 0x005A,
	0x0043, 0x002E, 0x001D, 0x000F, 0x0006, 0x0003, 0xEF23, 0xEF23, 0xEF23,
	0xEF23, 0xEF23, 0xEF23, 0xEF23, 0xEF23, 0xEF23, 0xEF23, 0xEF23, 0xEF23,
	0xEF23, 0xEF23, 0xEF23, 0xEF23, 0xEF23, 0xEF23, 0xEF23, 0xEF23, 0xEF23,
	0xEF23, 0xEF23, 0xEF23, 0xEF23, 0xEF23, 0xEF23, 0xEF23, 0xEF23, 0xEF23,
	0xEF23, 0xEF23, 0xEF23, 0xEF23, 0xEF23, 0xEF23, 0xEF23, 0xEF23, 0xEF23,
	0xEF23, 0xEF23, 0xEF23, 0xEF23, 0xEF23, 0xEF23, 0xEF23, 0xEF23, 0xEF23,
	0xEF23, 0xEF23, 0xEF23, 0xEF23, 0xEF23, 0xEF23, 0xEF23, 0xEF23, 0xEF23,
	0xEF23, 0xEF23, 0xEF23, 0xEF23, 0xF97C, 0xF97D, 0xF97E, 0xF980, 0xF981,
	0xF983, 0xF985, 0xF987, 0xF989, 0xF98A, 0xF98C, 0xF98D, 0xF98D, 0xF98E,
	0xF98D, 0xF98D, 0xF98C, 0xF98A, 0xF989, 0xF987, 0xF985, 0xF983, 0xF982,
	0xF980, 0xF97E, 0xF97D, 0xF97C, 0xF97B, 0xF548, 0xF515, 0xF484, 0xF3A6,
	0xF289, 0xF13E, 0xEFD5, 0xEE5B, 0xECE2, 0xEB78, 0xEA2D, 0xE911, 0xE832,
	0xE7A2, 0xE76E, 0xE79B, 0xE81A, 0xE8DF, 0xE9DC, 0xEB05, 0xEC4E, 0xEDAA,
	0xEF0C, 0xF068, 0xF1B1, 0xF2DA, 0xF3D7, 0xF49C, 0xF51B, 0xF548, 0xF548,
	0xF515, 0xF484, 0xF3A6, 0xF289, 0xF13E, 0xEFD5, 0xEE5B, 0xECE2, 0xEB78,
	0xEA2D, 0xE911, 0xE832, 0xE7A2, 0xE76E, 0xE79B, 0xE81A, 0xE8DF, 0xE9DC,
	0xEB05, 0xEC4E, 0xEDAA, 0xEF0C, 0xF068, 0xF1B1, 0xF2DA, 0xF3D7, 0xF49C,
	0xF51B, 0xF548, 0xF548, 0xF515, 0xF484, 0xF3A6, 0xF289, 0xF13E, 0xEFD5,
	0xEE5B, 0xECE2, 0xEB78, 0xEA2D, 0xE911, 0xE832, 0xE7A2, 0xE76E, 0xE79B,
	0xE81A, 0xE8DF, 0xE9DC, 0xEB05, 0xEC4E, 0xEDAA, 0xEF0C, 0xF068, 0xF1B1,
	0xF2DA, 0xF3D7, 0xF49C, 0xF51B, 0xF548, 0x349E, 0x15DA, 0x98CD, 0x054B,
	0x057F, 0x0611, 0x06F1, 0x0810, 0x095D, 0x0ACA, 0x0C46, 0x0DC2, 0x0F2E,
	0x107C, 0x119A, 0x127A, 0x130C, 0x1340, 0x1313, 0x1292, 0x11CC, 0x10CD,
	0x0FA2, 0x0E56, 0x0CF8, 0x0B93, 0x0A35, 0x08EA, 0x07BE, 0x06BF, 0x05F9,
	0x0579, 0x054B, 0x054B, 0x057F, 0x0611, 0x06F1, 0x0810, 0x095D, 0x0ACA,
	0x0C46, 0x0DC2, 0x0F2E, 0x107C, 0x119A, 0x127A, 0x130C, 0x1340, 0x1313,
	0x1292, 0x11CC, 0x10CD, 0x0FA2, 0x0E56, 0x0CF8, 0x0B93, 0x0A35, 0x08EA,
	0x07BE, 0x06BF, 0x05F9, 0x0579, 0x054B, 0x054B, 0x057F, 0x0611, 0x06F1,
	0x0810, 0x095D, 0x0ACA, 0x0C46, 0x0DC2, 0x0F2E, 0x107C, 0x119A, 0x127A,
	0x130C, 0x1340, 0x1313, 0x1292, 0x11CC, 0x10CD, 0x0FA2, 0x0E56, 0x0CF8,
	0x0B93, 0x0A35, 0x08EA, 0x07BE, 0x06BF, 0x05F9, 0x0579, 0x054B, 0x2BD6,
	0x2BC0, 0x2B80, 0x2B1F, 0x2AA3, 0x2A13, 0x2975, 0x28D0, 0x282B, 0x278D,
	0x26FC, 0x2680, 0x261F, 0x25E0, 0x25C9, 0x25DD, 0x2615, 0x266A, 0x26D9,
	0x275B, 0x27EB, 0x2882, 0x291D, 0x29B5, 0x2A45, 0x2AC7, 0x2B35, 0x2B8B,
	0x2BC3, 0x2BD6, 0x2BD6, 0x2BC0, 0x2B80, 0x2B1F, 0x2AA3, 0x2A13, 0x2975,
	0x28D0, 0x282B, 0x278D, 0x26FC, 0x2680, 0x261F, 0x25E0, 0x25C9, 0x25DD,
	0x2615, 0x266A, 0x26D9, 0x275B, 0x27EB, 0x2882, 0x291D, 0x29B5, 0x2A45,
	0x2AC7, 0x2B35, 0x2B8B, 0x2BC3, 0x2BD6, 0x2BD6, 0x2BC0, 0x2B80, 0x2B1F,
	0x2AA3, 0x2A13, 0x2975, 0x28D0, 0x282B, 0x278D, 0x26FC, 0x2680, 0x261F,
	0x25E0, 0x25C9, 0x25DD, 0x2615, 0x266A, 0x26D9, 0x275B, 0x27EB, 0x2882,
	0x291D, 0x29B5, 0x2A45, 0x2AC7, 0x2B35, 0x2B8B, 0x2BC3, 0x2BD6, 0xCCF5,
	0xCD3F, 0xCE0E, 0xCF4C, 0xD0E3, 0xD2BD, 0xD4C3, 0xD6E0, 0xD8FC, 0xDB02,
	0xDCDC, 0xDE73, 0xDFB1, 0xE080, 0xE0CA, 0xE08A, 0xDFD4, 0xDEBA, 0xDD50,
	0xDBA6, 0xD9CF, 0xD7DD, 0xD5E2, 0xD3F0, 0xD219, 0xD06F, 0xCF05, 0xCDEC,
	0xCD36, 0xCCF5, 0xCCF5, 0xCD3F, 0xCE0E, 0xCF4C, 0xD0E3, 0xD2BD, 0xD4C3,
	0xD6E0, 0xD8FC, 0xDB02, 0xDCDC, 0xDE73, 0xDFB1, 0xE080, 0xE0CA, 0xE08A,
	0xDFD4, 0xDEBA, 0xDD50, 0xDBA6, 0xD9CF, 0xD7DD, 0xD5E2, 0xD3F0, 0xD219,
	0xD06F, 0xCF05, 0xCDEC, 0xCD36, 0xCCF5, 0xCCF5, 0xCD3F, 0xCE0E, 0xCF4C,
	0xD0E3, 0xD2BD, 0xD4C3, 0xD6E0, 0xD8FC, 0xDB02, 0xDCDC, 0xDE73, 0xDFB1,
	0xE080, 0xE0CA, 0xE08A, 0xDFD4, 0xDEBA, 0xDD50, 0xDBA6, 0xD9CF, 0xD7DD,
	0xD5E2, 0xD3F0, 0xD219, 0xD06F, 0xCF05, 0xCDEC, 0xCD36, 0xCCF5, 0x0000,
	0xFFFF, 0xFFFF, 0x0000, 0xFFFF, 0xFFFF, 0xFFFF, 0x0000, 0xFFFF, 0xFFFF,
	0xFFFF, 0xFFFF, 0x0000, 0x0000, 0x0000, 0x0000, 0x0000, 0xFFFF, 0xFFFF,
	0xFFFF, 0xFFFF, 0x0000, 0x0000, 0xFFFF, 0x0000, 0xFFFF, 0x0000, 0xFFFF,
	0xFFFF, 0x0000, 0xFFFF, 0xFFFF, 0xFFFF, 0xFFFF, 0x0000, 0x0000, 0xFFFF,
	0xFFFF, 0xFFFF, 0x0000, 0xFFFF, 0x0000, 0xFFFF, 0xFFFF, 0x0000, 0x0000,
	0x0000, 0xFFFF, 0xFFFF, 0xFFFF, 0xFFFF, 0x0000, 0x0000, 0xFFFF, 0x0000,
	0xFFFF, 0x0000, 0xFFFF, 0xFFFF, 0x0000, 0xFFFF, 0xFFFF, 0xFFFF, 0xFFFF,
	0x0000, 0x0000, 0x0000, 0xFFFF, 0xFFFF, 0x0000, 0xFFFF, 0x0000, 0xFFFF,
	0xFFFF, 0x0000, 0xFFFF, 0xFFFF, 0x0000, 0x0000, 0xFFFF, 0x0000, 0xFFFF,
	0x0000, 0x0000, 0x0000, 0x0000, 0xFFFF, 0xFFFF, 0x0000, 0xFFFF, 0x0000,
	0x0000, 0xFFFF, 0xFFFF, 0xFFFF, 0x0000, 0xFFFF, 0xFFFF, 0x0000, 0x0000,
	0x0000, 0xFFFF, 0x0000, 0xFFFF, 0xFFFF, 0x0000, 0x0000, 0x0000, 0xFFFF,
	0x0000, 0x0000, 0xFFFF, 0xFFFF, 0xFFFF, 0xFFFF, 0xFFFF, 0xFFFF, 0x0000,
	0x0000, 0x0000, 0x0000, 0x0000, 0x0000, 0xFFFF, 0xFFFF, 0xFFFF, 0xFFFF,
	0xFFFF, 0x0000, 0xFFFF, 0xFFFF, 0xFFFF, 0x0000, 0x0000, 0xFFFF, 0x0000,
	0x0000, 0x0000, 0xFFFF, 0x0000, 0x0000, 0xFFFF, 0xFFFF, 0xFFFF, 0xFFFF,
	0xFFFF, 0xFFFF, 0x0000, 0x0000, 0x0000, 0x0000, 0x0000, 0x0000, 0xFFFF,
	0xFFFF, 0xFFFF, 0xFFFF, 0xFFFF, 0x0000, 0xFFFF, 0xFFFF, 0xFFFF, 0x0000,
	0x0000, 0xFFFF, 0x0000, 0x0000, 0xFFFF, 0x0000, 0x0000, 0x0000, 0x0000,
	0x0000, 0x0000, 0xFFFF, 0x0000, 0xFFFF, 0x0000, 0xFFFF, 0x0000, 0xE065,
	0xE06A, 0xE077, 0xE08A, 0xE0A3, 0xE0C1, 0xE0E1, 0xE102, 0xE123, 0xE143,
	0xE160, 0xE179, 0xE18D, 0xE19A, 0xE19E, 0xE19A, 0xE18F, 0xE17E, 0xE167,
	0xE14D, 0xE130, 0xE112, 0xE0F2, 0xE0D4, 0xE0B7, 0xE09C, 0xE086, 0xE075,
	0xE069, 0xE065, 0xE065, 0xE06A, 0xE077, 0xE08A, 0xE0A3, 0xE0C1, 0xE0E1,
	0xE102, 0xE123, 0xE143, 0xE160, 0xE179, 0xE18D, 0xE19A, 0xE19E, 0xE19A,
	0xE18F, 0xE17E, 0xE167, 0xE14D, 0xE130, 0xE112, 0xE0F2, 0xE0D4, 0xE0B7,
	0xE09C, 0xE086, 0xE075, 0xE069, 0xE065, 0xE065, 0xE06A, 0xE077, 0xE08A,
	0xE0A3, 0xE0C1, 0xE0E1, 0xE102, 0xE123, 0xE143, 0xE160, 0xE179, 0xE18D,
	0xE19A, 0xE19E, 0xE19A, 0xE18F, 0xE17E, 0xE167, 0xE14D, 0xE130, 0xE112,
	0xE0F2, 0xE0D4, 0xE0B7, 0xE09C, 0xE086, 0xE075, 0xE069, 0xE065, 0xFFFF,
	0x0000, 0xFFFF, 0xFFFF, 0x0000, 0x0000, 0x0000, 0xFFFF, 0xFFFF, 0xFFFF,
	0xFFFF, 0xFFFF, 0x0000, 0x0000, 0xFFFF, 0xFFFF, 0xFFFF, 0x0000, 0xFFFF,
	0x0000, 0xFFFF, 0x0000, 0xFFFF, 0x0000, 0x0000, 0xFFFF, 0xFFFF, 0x0000,
	0x0000, 0xFFFF, 0xFFFF, 0xFFFF, 0xFFFF, 0x0000, 0x0000, 0x0000, 0x0000,
	0x0000, 0x0000, 0xFFFF, 0x0000, 0x0000, 0xFFFF, 0x0000, 0xFFFF, 0xFFFF,
	0xFFFF, 0x0000, 0xFFFF, 0x0000, 0xFFFF, 0x0000, 0xFFFF, 0x0000, 0x0000,
	0xFFFF, 0xFFFF, 0x0000, 0x0000, 0xFFFF, 0xFFFF, 0xFFFF, 0xFFFF, 0x0000,
	0x0000, 0x0000, 0xFFFF, 0x0000, 0x0000, 0xFFFF, 0x0000, 0x0000, 0xFFFF,
	0x0000, 0xFFFF, 0xFFFF, 0x0000, 0x0000, 0xFFFF, 0xFFFF, 0x0000, 0xFFFF,
	0x0000, 0xFFFF, 0x0000, 0xFFFF, 0xFFFF, 0xFFFF, 0x0000, 0xFFFF, 0x10DC,
	0xF548, 0xF515, 0xF484, 0xF3A6, 0xF289, 0xF13E, 0xEFD5, 0xEE5B, 0xECE2,
	0xEB78, 0xEA2D, 0xE911, 0xE832, 0xE7A2, 0xE76E, 0xE79B, 0xE81A, 0xE8DF,
	0xE9DC, 0xEB05, 0xEC4E, 0xEDAA, 0xEF0C, 0xF068, 0xF1B1, 0xF2DA, 0xF3D7,
	0xF49C, 0xF51B, 0xF548, 0xF548, 0xF515, 0xF484, 0xF3A6, 0xF289, 0xF13E,
	0xEFD5, 0xEE5B, 0xECE2, 0xEB78, 0xEA2D, 0xE911, 0xE832, 0xE7A2, 0xE76E,
	0xE79B, 0xE81A, 0xE8DF, 0xE9DC, 0xEB05, 0xEC4E, 0xEDAA, 0xEF0C, 0xF068,
	0xF1B1, 0xF2DA, 0xF3D7, 0xF49C, 0xF51B, 0xF548, 0xF548, 0xF515, 0xF484,
	0xF3A6, 0xF289, 0xF13E, 0xEFD5, 0xEE5B, 0xECE2, 0xEB78, 0xEA2D, 0xE911,
	0xE832, 0xE7A2, 0xE76E, 0xE79B, 0xE81A, 0xE8DF, 0xE9DC, 0xEB05, 0xEC4E,
	0xEDAA, 0xEF0C, 0xF068, 0xF1B1, 0xF2DA, 0xF3D7, 0xF49C, 0xF51B, 0xF548,
	0x0000, 0x0000, 0x0000, 0xFFFF, 0x0000, 0x0000, 0x0000, 0xFFFF, 0x0000,
	0xFFFF, 0x0000, 0x0000, 0x0000, 0x0000, 0xFFFF, 0x0000, 0x0000, 0x0000,
	0x0000, 0x0000, 0x0000, 0xFFFF, 0x0000, 0x0000, 0x0000, 0xFFFF, 0xFFFF,
	0xFFFF, 0x0000, 0x0000, 0x0000, 0xFFFF, 0xFFFF, 0xFFFF, 0x0000, 0x0000,
	0x0000, 0xFFFF, 0x0000, 0x0000, 0x0000, 0x0000, 0x0000, 0x0000, 0xFFFF,
	0x0000, 0x0000, 0x0000, 0x0000, 0x0000, 0x0000, 0xFFFF, 0x0000, 0x0000,
	0x0000, 0xFFFF, 0xFFFF, 0xFFFF, 0x0000, 0x0000, 0x0000, 0xFFFF, 0xFFFF,
	0xFFFF, 0x0000, 0x0000, 0x0000, 0xFFFF, 0x0000, 0x0000, 0x0000, 0x0000,
	0x0000, 0x0000, 0xFFFF, 0xFFFF, 0x0000, 0x0000, 0x0000, 0xFFFF, 0xFFFF,
	0x0000, 0x0000, 0x0000, 0xFFFF, 0xFFFF, 0xFFFF, 0xFFFF, 0x0000, 0xFFFF,
	0x0000, 0x0000, 0xFFFF, 0x0000, 0x0000, 0x0000, 0xFFFF, 0x0000, 0xFFFF,
	0x0000, 0x0000, 0x0000, 0xFFFF, 0xFFFF, 0x0000, 0x0000, 0xFFFF, 0x0000,
	0x0000, 0x0000, 0xFFFF, 0x0000, 0x0000, 0x0000, 0xFFFF, 0xFFFF, 0xFFFF,
	0x0000, 0xFFFF, 0x0000, 0xFFFF, 0xFFFF, 0xFFFF, 0x0000, 0x0000, 0x0000,
	0xFFFF, 0x0000, 0x0000, 0x0000, 0xFFFF, 0x0000, 0x0000, 0xFFFF, 0x0000,
	0x0000, 0xFFFF, 0x0000, 0x0000, 0x0000, 0xFFFF, 0x0000, 0x0000, 0x0000,
	0xFFFF, 0xFFFF, 0xFFFF, 0x0000, 0xFFFF, 0x0000, 0xFFFF, 0xFFFF, 0xFFFF,
	0x0000, 0x0000, 0xFFFF, 0xFFFF, 0x0000, 0x0000, 0x0000, 0xFFFF, 0x0000,
	0x0000, 0xFFFF, 0xFFFF, 0x0000, 0x0000, 0x0000, 0xFFFF, 0x0000, 0x0000,
	0x0000, 0x0000, 0x0000, 0xFFFF, 0xFFFF, 0xFFFF, 0xFFFF, 0x0000, 0xBF5E,
	0xD649, 0xD655, 0xD675, 0xD6A6, 0xD6E4, 0xD72D, 0xD77D, 0xD7D0, 0xD823,
	0xD873, 0xD8BC, 0xD8FB, 0xD92C, 0xD94C, 0xD957, 0xD94D, 0xD931, 0xD906,
	0xD8CE, 0xD88C, 0xD844, 0xD7F7, 0xD7A9, 0xD75C, 0xD714, 0xD6D2, 0xD69B,
	0xD66F, 0xD653, 0xD649, 0xD653, 0xD66F, 0xD69B, 0xD6D2, 0xD714, 0xD75C,
	0xD7A9, 0xD7F7, 0xD844, 0xD88C, 0xD8CE, 0xD906, 0xD931, 0xD94D, 0xD957,
	0xD94D, 0xD931, 0xD906, 0xD8CE, 0xD88C, 0xD844, 0xD7F7, 0xD7A9, 0xD75C,
	0xD714, 0xD6D2, 0xD69B, 0xD66F, 0xD653, 0xD649, 0xD653, 0xD66F, 0xD69A,
	0xD6D2, 0xD714, 0xD75C, 0xD7A9, 0xD7F7, 0xD843, 0xD88C, 0xD8CD, 0xD905,
	0xD931, 0xD94D, 0xD957, 0xD951, 0xD93E, 0xD920, 0xD8F9, 0xD8C9, 0xD892,
	0xD856, 0xD816, 0xD7D3, 0xD78E, 0xD74A, 0xD706, 0xD6C6, 0xD68A, 0xD653,
	0xEC40, 0xEC25, 0xEBDA, 0xEB68, 0xEAD5, 0xEA2A, 0xE970, 0xE8AD, 0xE7EA,
	0xE72F, 0xE685, 0xE5F2, 0xE57F, 0xE534, 0xE51A, 0xE531, 0xE573, 0xE5D8,
	0xE65B, 0xE6F4, 0xE79E, 0xE851, 0xE908, 0xE9BC, 0xEA65, 0xEAFF, 0xEB81,
	0xEBE7, 0xEC28, 0xEC40, 0xEC28, 0xEBE7, 0xEB81, 0xEAFF, 0xEA65, 0xE9BC,
	0xE908, 0xE851, 0xE79E, 0xE6F4, 0xE65B, 0xE5D8, 0xE573, 0xE531, 0xE51A,
	0xE531, 0xE573, 0xE5D8, 0xE65B, 0xE6F4, 0xE79E, 0xE851, 0xE908, 0xE9BC,
	0xEA65, 0xEAFF, 0xEB81, 0xEBE7, 0xEC28, 0xEC40, 0xEC29, 0xEBE7, 0xEB82,
	0xEAFF, 0xEA66, 0xE9BD, 0xE90A, 0xE853, 0xE7A0, 0xE6F6, 0xE65C, 0xE5DA,
	0xE574, 0xE532, 0xE51A, 0xE529, 0xE555, 0xE59A, 0xE5F7, 0xE667, 0xE6E7,
	0xE774, 0xE80A, 0xE8A7, 0xE948, 0xE9E8, 0xEA85, 0xEB1C, 0xEBA8, 0xEC28,
	0xB59D, 0xB588, 0xB54E, 0xB4F4, 0xB480, 0xB3FA, 0xB368, 0xB2CF, 0xB236,
	0xB1A4, 0xB11E, 0xB0AB, 0xB051, 0xB016, 0xB001, 0xB013, 0xB047, 0xB096,
	0xB0FD, 0xB175, 0xB1FB, 0xB287, 0xB317, 0xB3A4, 0xB429, 0xB4A1, 0xB508,
	0xB557, 0xB58B, 0xB59D, 0xB58B, 0xB557, 0xB508, 0xB4A1, 0xB429, 0xB3A4,
	0xB317, 0xB287, 0xB1FB, 0xB175, 0xB0FD, 0xB096, 0xB047, 0xB013, 0xB001,
	0xB013, 0xB047, 0xB096, 0xB0FD, 0xB175, 0xB1FB, 0xB287, 0xB317, 0xB3A4,
	0xB429, 0xB4A1, 0xB508, 0xB557, 0xB58B, 0xB59D, 0xB58B, 0xB558, 0xB508,
	0xB4A2, 0xB42A, 0xB3A5, 0xB318, 0xB289, 0xB1FC, 0xB177, 0xB0FE, 0xB098,
	0xB048, 0xB014, 0xB001, 0xB00D, 0xB02F, 0xB066, 0xB0AE, 0xB106, 0xB16B,
	0xB1D9, 0xB24F, 0xB2CB, 0xB349, 0xB3C6, 0xB442, 0xB4B8, 0xB526, 0xB58B,
	0xFFFF, 0x0000, 0xFFFF, 0xFFFF, 0x0000, 0x0000, 0x0000, 0x0000, 0x0000,
	0xFFFF, 0x0000, 0x0000, 0xFFFF, 0x0000, 0x0000, 0x0000, 0xFFFF, 0x0000,
	0x0000, 0xFFFF, 0x0000, 0x0000, 0xFFFF, 0xFFFF, 0x0000, 0xFFFF, 0xFFFF,
	0xFFFF, 0xFFFF, 0xFFFF, 0xFFFF, 0xFFFF, 0xFFFF, 0xFFFF, 0x0000, 0xFFFF,
	0xFFFF, 0x0000, 0x0000, 0xFFFF, 0x0000, 0x0000, 0xFFFF, 0x0000, 0x0000,
	0x0000, 0xFFFF, 0x0000, 0x0000, 0xFFFF, 0x0000, 0x0000, 0xFFFF, 0xFFFF,
	0x0000, 0xFFFF, 0xFFFF, 0xFFFF, 0xFFFF, 0xFFFF, 0x0000, 0x0000, 0x0000,
	0x0000, 0x0000, 0xFFFF, 0x0000, 0x0000, 0x0000, 0xFFFF, 0xFFFF, 0x0000,
	0x0000, 0x0000, 0x0000, 0x0000, 0x0000, 0x0000, 0x0000, 0xFFFF, 0x0000,
	0xFFFF, 0x0000, 0x0000, 0xFFFF, 0x0000, 0x0000, 0xFFFF, 0x0000, 0xFFFF,
	0x0000, 0xFFFF, 0xFFFF, 0x0000, 0xFFFF, 0xFFFF, 0x0000, 0xFFFF, 0x0000,
	0x0000, 0x0000, 0x0000, 0xFFFF, 0xFFFF, 0xFFFF, 0xFFFF, 0xFFFF, 0x0000,
	0x0000, 0x0000, 0x0000, 0xFFFF, 0xFFFF, 0xFFFF, 0xFFFF, 0x0000, 0xFFFF,
	0xFFFF, 0xFFFF, 0x0000, 0xFFFF, 0xFFFF, 0xFFFF, 0x0000, 0xFFFF, 0xFFFF,
	0xFFFF, 0xFFFF, 0x0000, 0x0000, 0x0000, 0x0000, 0xFFFF, 0xFFFF, 0xFFFF,
	0xFFFF, 0xFFFF, 0x0000, 0x0000, 0x0000, 0x0000, 0xFFFF, 0xFFFF, 0xFFFF,
	0xFFFF, 0x0000, 0xFFFF, 0xFFFF, 0xFFFF, 0x0000, 0xFFFF, 0xFFFF, 0xFFFF,
	0x0000, 0x0000, 0xFFFF, 0x0000, 0x0000, 0xFFFF, 0x0000, 0x0000, 0xFFFF,
	0x0000, 0xFFFF, 0xFFFF, 0xFFFF, 0x0000, 0x0000, 0x0000, 0x0000, 0x0000,
	0xFFFF, 0x0000, 0x0000, 0x0000, 0xFFFF, 0xFFFF, 0x0000, 0xFFFF, 0x2537,
	0x257A, 0x2635, 0x2755, 0x28C4, 0x2A71, 0x2C45, 0x2E2D, 0x3016, 0x31EA,
	0x3396, 0x3506, 0x3626, 0x36E1, 0x3724, 0x36E9, 0x3645, 0x3547, 0x33FF,
	0x327E, 0x30D4, 0x2F12, 0x2D48, 0x2B86, 0x29DC, 0x285C, 0x2714, 0x2616,
	0x2571, 0x2537, 0x2571, 0x2616, 0x2714, 0x285C, 0x29DC, 0x2B86, 0x2D48,
	0x2F12, 0x30D4, 0x327E, 0x33FF, 0x3547, 0x3645, 0x36E9, 0x3724, 0x36E9,
	0x3645, 0x3547, 0x33FF, 0x327E, 0x30D4, 0x2F12, 0x2D48, 0x2B86, 0x29DC,
	0x285C, 0x2714, 0x2616, 0x2571, 0x2537, 0x2571, 0x2615, 0x2713, 0x285A,
	0x29DA, 0x2B83, 0x2D45, 0x2F0F, 0x30D0, 0x327A, 0x33FB, 0x3543, 0x3642,
	0x36E8, 0x3724, 0x36FF, 0x3690, 0x35E1, 0x34FA, 0x33E1, 0x32A0, 0x313F,
	0x2FC5, 0x2E3B, 0x2CA9, 0x2B17, 0x298D, 0x2813, 0x26B2, 0x2571, 0xFFFF,
	0xFFFA, 0xFFE9, 0xFFD0, 0xFFAF, 0xFF8A, 0xFF60, 0xFF35, 0xFF0A, 0xFEE1,
	0xFEBB, 0xFE9B, 0xFE82, 0xFE71, 0xFE6B, 0xFE70, 0xFE7F, 0xFE95, 0xFEB2,
	0xFED4, 0xFEFA, 0xFF21, 0xFF4A, 0xFF71, 0xFF97, 0xFFB9, 0xFFD5, 0xFFEC,
	0xFFFA, 0xFFFF, 0xFFFA, 0xFFEC, 0xFFD5, 0xFFB9, 0xFF97, 0xFF71, 0xFF4A,
	0xFF21, 0xFEFA, 0xFED4, 0xFEB2, 0xFE95, 0xFE7F, 0xFE70, 0xFE6B, 0xFE70,
	0xFE7F, 0xFE95, 0xFEB2, 0xFED4, 0xFEFA, 0xFF21, 0xFF4A, 0xFF71, 0xFF97,
	0xFFB9, 0xFFD5, 0xFFEC, 0xFFFA, 0xFFFF, 0xFFFA, 0xFFEC, 0xFFD6, 0xFFB9,
	0xFF97, 0xFF71, 0xFF4A, 0xFF22, 0xFEFA, 0xFED4, 0xFEB3, 0xFE96, 0xFE7F,
	0xFE71, 0xFE6B, 0xFE6F, 0xFE78, 0xFE88, 0xFE9C, 0xFEB5, 0xFED1, 0xFEF0,
	0xFF11, 0xFF34, 0xFF58, 0xFF7B, 0xFF9E, 0xFFBF, 0xFFDE, 0xFFFA, 0xFFFF,
	0xFFFE, 0xFFFA, 0xFFF3, 0xFFEB, 0xFFE1, 0xFFD7, 0xFFCC, 0xFFC1, 0xFFB6,
	0xFFAD, 0xFFA4, 0xFF9E, 0xFF9A, 0xFF98, 0xFF9A, 0xFF9D, 0xFFA3, 0xFFAA,
	0xFFB3, 0xFFBD, 0xFFC7, 0xFFD1, 0xFFDB, 0xFFE5, 0xFFED, 0xFFF5, 0xFFFA,
	0xFFFE, 0xFFFF, 0xFFFE, 0xFFFA, 0xFFF5, 0xFFED, 0xFFE5, 0xFFDB, 0xFFD1,
	0xFFC7, 0xFFBD, 0xFFB3, 0xFFAA, 0xFFA3, 0xFF9D, 0xFF9A, 0xFF98, 0xFF9A,
	0xFF9D, 0xFFA3, 0xFFAA, 0xFFB3, 0xFFBD, 0xFFC7, 0xFFD1, 0xFFDB, 0xFFE5,
	0xFFED, 0xFFF5, 0xFFFA, 0xFFFE, 0xFFFF, 0xFFFE, 0xFFFA, 0xFFF5, 0xFFED,
	0xFFE5, 0xFFDB, 0xFFD1, 0xFFC7, 0xFFBD, 0xFFB3, 0xFFAB, 0xFFA3, 0xFF9D,
	0xFF9A, 0xFF98, 0xFF99, 0xFF9C, 0xFFA0, 0xFFA5, 0xFFAB, 0xFFB2, 0xFFBA,
	0xFFC3, 0xFFCC, 0xFFD5, 0xFFDE, 0xFFE7, 0xFFEF, 0xFFF7, 0xFFFE, 0xBF3F,
	0xBF19, 0xBEAF, 0xBE0C, 0xBD3B, 0xBC48, 0xBB3E, 0xBA29, 0xB913, 0xB809,
	0xB716, 0xB645, 0xB5A2, 0xB538, 0xB512, 0xB533, 0xB590, 0xB621, 0xB6DB,
	0xB7B5, 0xB8A7, 0xB9A6, 0xBAAB, 0xBBAA, 0xBC9C, 0xBD76, 0xBE30, 0xBEC1,
	0xBF1E, 0xBF3F, 0xBF1E, 0xBEC1, 0xBE30, 0xBD76, 0xBC9C, 0xBBAA, 0xBAAB,
	0xB9A6, 0xB8A7, 0xB7B5, 0xB6DB, 0xB621, 0xB590, 0xB533, 0xB512, 0xB533,
	0xB590, 0xB621, 0xB6DB, 0xB7B5, 0xB8A7, 0xB9A6, 0xBAAB, 0xBBAA, 0xBC9C,
	0xBD76, 0xBE30, 0xBEC1, 0xBF1E, 0xBF3F, 0xBF1E, 0xBEC1, 0xBE31, 0xBD77,
	0xBC9D, 0xBBAC, 0xBAAD, 0xB9A9, 0xB8A9, 0xB7B8, 0xB6DD, 0xB623, 0xB592,
	0xB534, 0xB512, 0xB527, 0xB565, 0xB5C9, 0xB64C, 0xB6EC, 0xB7A2, 0xB86B,
	0xB941, 0xBA21, 0xBB05, 0xBBE9, 0xBCC9, 0xBD9F, 0xBE68, 0xBF1E, 0x0000,
	0x0000, 0x0000, 0xFFFF, 0x0000, 0x0000, 0x0000, 0xFFFF, 0x0000, 0xFFFF,
	0x0000, 0x0000, 0x0000, 0x0000, 0xFFFF, 0x0000, 0x0000, 0x0000, 0x0000,
	0x0000, 0x0000, 0xFFFF, 0x0000, 0x0000, 0x0000, 0xFFFF, 0xFFFF, 0xFFFF,
	0x0000, 0x0000, 0x0000, 0xFFFF, 0xFFFF, 0xFFFF, 0x0000, 0x0000, 0x0000,
	0xFFFF, 0x0000, 0x0000, 0x0000, 0x0000, 0x0000, 0x0000, 0xFFFF, 0x0000,
	0x0000, 0x0000, 0x0000, 0x0000, 0x0000, 0xFFFF, 0x0000, 0x0000, 0x0000,
	0xFFFF, 0xFFFF, 0xFFFF, 0x0000, 0x0000, 0x0000, 0xFFFF, 0xFFFF, 0xFFFF,
	0x0000, 0x0000, 0x0000, 0xFFFF, 0x0000, 0x0000, 0x0000, 0x0000, 0x0000,
	0x0000, 0xFFFF, 0xFFFF, 0x0000, 0x0000, 0x0000, 0xFFFF, 0xFFFF, 0x0000,
	0x0000, 0x0000, 0xFFFF, 0xFFFF, 0xFFFF, 0xFFFF, 0x0000, 0xFFFF, 0x0000,
	0x0000, 0xFFFF, 0x0000, 0x0000, 0x0000, 0xFFFF, 0x0000, 0xFFFF, 0x0000,
	0x0000, 0x0000, 0xFFFF, 0xFFFF, 0x0000, 0x0000, 0xFFFF, 0x0000, 0x0000,
	0x0000, 0xFFFF, 0x0000, 0x0000, 0x0000, 0xFFFF, 0xFFFF, 0xFFFF, 0x0000,
	0xFFFF, 0x0000, 0xFFFF, 0xFFFF, 0xFFFF, 0x0000, 0x0000, 0x0000, 0xFFFF,
	0x0000, 0x0000, 0x0000, 0xFFFF, 0x0000, 0x0000, 0xFFFF, 0x0000, 0x0000,
	0xFFFF, 0x0000, 0x0000, 0x0000, 0xFFFF, 0x0000, 0x0000, 0x0000, 0xFFFF,
	0xFFFF, 0xFFFF, 0x0000, 0xFFFF, 0x0000, 0xFFFF, 0xFFFF, 0xFFFF, 0x0000,
	0x0000, 0xFFFF, 0xFFFF, 0x0000, 0x0000, 0x0000, 0xFFFF, 0x0000, 0x0000,
	0xFFFF, 0xFFFF, 0x0000, 0x0000, 0x0000, 0xFFFF, 0x0000, 0x0000, 0x0000,
	0x0000, 0x0000, 0xFFFF, 0xFFFF, 0xFFFF, 0xFFFF, 0x0000, 0xBF5E, 0x1B09,
	0x1AF8, 0x1AC8, 0x1A7F, 0x1A22, 0x19B5, 0x193F, 0x18C3, 0x1847, 0x17D0,
	0x1764, 0x1706, 0x16BD, 0x168E, 0x167D, 0x168C, 0x16B5, 0x16F6, 0x1749,
	0x17AB, 0x1817, 0x1889, 0x18FD, 0x196F, 0x19DB, 0x1A3D, 0x1A90, 0x1AD0,
	0x1AFA, 0x1B09, 0x1AFA, 0x1AD0, 0x1A90, 0x1A3D, 0x19DB, 0x196F, 0x18FD,
	0x1889, 0x1817, 0x17AB, 0x1749, 0x16F6, 0x16B5, 0x168C, 0x167D, 0x168C,
	0x16B5, 0x16F6, 0x1749, 0x17AB, 0x1817, 0x1889, 0x18FD, 0x196F, 0x19DB,
	0x1A3D, 0x1A90, 0x1AD0, 0x1AFA, 0x1B09, 0x1AFA, 0x1AD0, 0x1A90, 0x1A3D,
	0x19DC, 0x1970, 0x18FE, 0x188A, 0x1818, 0x17AC, 0x174A, 0x16F7, 0x16B6,
	0x168C, 0x167D, 0x1686, 0x16A2, 0x16CF, 0x1709, 0x1751, 0x17A2, 0x17FC,
	0x185B, 0x18BF, 0x1925, 0x198B, 0x19EF, 0x1A4F, 0x1AA9, 0x1AFA, 0x1144,
	0x115A, 0x1197, 0x11F5, 0x126D, 0x12F9, 0x1391, 0x1431, 0x14D0, 0x1569,
	0x15F4, 0x166C, 0x16CA, 0x1707, 0x171D, 0x170A, 0x16D4, 0x1681, 0x1616,
	0x1599, 0x150E, 0x147B, 0x13E6, 0x1353, 0x12C8, 0x124B, 0x11E0, 0x118D,
	0x1157, 0x1144, 0x1157, 0x118D, 0x11E0, 0x124B, 0x12C8, 0x1353, 0x13E6,
	0x147B, 0x150E, 0x1599, 0x1616, 0x1681, 0x16D4, 0x170A, 0x171D, 0x170A,
	0x16D4, 0x1681, 0x1616, 0x1599, 0x150E, 0x147B, 0x13E6, 0x1353, 0x12C8,
	0x124B, 0x11E0, 0x118D, 0x1157, 0x1144, 0x1157, 0x118D, 0x11E0, 0x124A,
	0x12C8, 0x1352, 0x13E5, 0x147A, 0x150D, 0x1598, 0x1615, 0x1680, 0x16D3,
	0x1709, 0x171D, 0x1711, 0x16ED, 0x16B4, 0x1668, 0x160D, 0x15A4, 0x1531,
	0x14B6, 0x1435, 0x13B2, 0x132F, 0x12AE, 0x1233, 0x11C0, 0x1157, 0xAC43,
	0xAC1F, 0xABBC, 0xAB24, 0xAA61, 0xA97E, 0xA886, 0xA783, 0xA680, 0xA588,
	0xA4A5, 0xA3E2, 0xA349, 0xA2E6, 0xA2C2, 0xA2E1, 0xA339, 0xA3BF, 0xA46D,
	0xA539, 0xA61B, 0xA709, 0xA7FC, 0xA8EB, 0xA9CC, 0xAA98, 0xAB46, 0xABCD,
	0xAC24, 0xAC43, 0xAC24, 0xABCD, 0xAB46, 0xAA98, 0xA9CC, 0xA8EB, 0xA7FC,
	0xA709, 0xA61B, 0xA539, 0xA46D, 0xA3BF, 0xA339, 0xA2E1, 0xA2C2, 0xA2E1,
	0xA339, 0xA3BF, 0xA46D, 0xA539, 0xA61B, 0xA709, 0xA7FC, 0xA8EB, 0xA9CC,
	0xAA98, 0xAB46, 0xABCD, 0xAC24, 0xAC43, 0xAC24, 0xABCD, 0xAB46, 0xAA99,
	0xA9CD, 0xA8EC, 0xA7FE, 0xA70B, 0xA61D, 0xA53B, 0xA46F, 0xA3C1, 0xA33A,
	0xA2E2, 0xA2C2, 0xA2D6, 0xA311, 0xA36D, 0xA3E8, 0xA47D, 0xA527, 0xA5E2,
	0xA6AB, 0xA77B, 0xA850, 0xA925, 0xA9F6, 0xAABE, 0xAB7A, 0xAC24, 0xFFFF,
	0xFFFF, 0x0000, 0xFFFF, 0x0000, 0x0000, 0xFFFF, 0xFFFF, 0xFFFF, 0xFFFF,
	0xFFFF, 0xFFFF, 0xFFFF, 0xFFFF, 0xFFFF, 0xFFFF, 0xFFFF, 0xFFFF, 0xFFFF,
	0xFFFF, 0xFFFF, 0xFFFF, 0xFFFF, 0x0000, 0xFFFF, 0x0000, 0xFFFF, 0xFFFF,
	0x0000, 0xFFFF, 0x0000, 0xFFFF, 0xFFFF, 0x0000, 0xFFFF, 0x0000, 0xFFFF,
	0xFFFF, 0xFFFF, 0xFFFF, 0xFFFF, 0xFFFF, 0xFFFF, 0xFFFF, 0xFFFF, 0xFFFF,
	0xFFFF, 0xFFFF, 0xFFFF, 0xFFFF, 0xFFFF, 0xFFFF, 0xFFFF, 0x0000, 0xFFFF,
	0x0000, 0xFFFF, 0xFFFF, 0x0000, 0xFFFF, 0x0000, 0xFFFF, 0xFFFF, 0xFFFF,
	0x0000, 0xFFFF, 0x0000, 0xFFFF, 0xFFFF, 0xFFFF, 0xFFFF, 0xFFFF, 0xFFFF,
	0xFFFF, 0xFFFF, 0xFFFF, 0xFFFF, 0xFFFF, 0xFFFF, 0xFFFF, 0x0000, 0xFFFF,
	0x0000, 0xFFFF, 0x0000, 0x0000, 0x0000, 0xFFFF, 0x0000, 0x0000, 0x0000,
	0x0000, 0x0000, 0xFFFF, 0x0000, 0xFFFF, 0xFFFF, 0xFFFF, 0xFFFF, 0xFFFF,
	0xFFFF, 0xFFFF, 0xFFFF, 0xFFFF, 0xFFFF, 0xFFFF, 0x0000, 0x0000, 0xFFFF,
	0xFFFF, 0xFFFF, 0xFFFF, 0xFFFF, 0x0000, 0xFFFF, 0x0000, 0xFFFF, 0xFFFF,
	0x0000, 0xFFFF, 0xFFFF, 0x0000, 0xFFFF, 0x0000, 0xFFFF, 0xFFFF, 0xFFFF,
	0xFFFF, 0xFFFF, 0x0000, 0x0000, 0xFFFF, 0xFFFF, 0xFFFF, 0xFFFF, 0xFFFF,
	0x0000, 0x0000, 0xFFFF, 0xFFFF, 0xFFFF, 0xFFFF, 0xFFFF, 0x0000, 0xFFFF,
	0x0000, 0xFFFF, 0xFFFF, 0x0000, 0xFFFF, 0xFFFF, 0x0000, 0x0000, 0x0000,
	0xFFFF, 0xFFFF, 0x0000, 0xFFFF, 0x0000, 0xFFFF, 0xFFFF, 0xFFFF, 0xFFFF,
	0xFFFF, 0xFFFF, 0xFFFF, 0xFFFF, 0xFFFF, 0xFFFF, 0xFFFF, 0xFFFF, 0xFFFF,
	0x0000, 0xFFFF, 0x0000, 0x0000, 0xFFFF, 0x1E4A, 0x1E9C, 0x1F82, 0x20E3,
	0x22A6, 0x24B4, 0x26F2, 0x294A, 0x2BA1, 0x2DE0, 0x2FED, 0x31B1, 0x3312,
	0x33F8, 0x344A, 0x3402, 0x3338, 0x3200, 0x306E, 0x2E96, 0x2C8B, 0x2A63,
	0x2830, 0x2608, 0x23FE, 0x2225, 0x2093, 0x1F5B, 0x1E91, 0x1E4A, 0x1E91,
	0x1F5B, 0x2093, 0x2225, 0x23FE, 0x2608, 0x2830, 0x2A63, 0x2C8B, 0x2E96,
	0x306E, 0x3200, 0x3338, 0x3402, 0x344A, 0x3402, 0x3338, 0x3200, 0x306E,
	0x2E96, 0x2C8B, 0x2A63, 0x2830, 0x2608, 0x23FE, 0x2225, 0x2093, 0x1F5B,
	0x1E91, 0x1E4A, 0x1E91, 0x1F5B, 0x2092, 0x2224, 0x23FB, 0x2605, 0x282C,
	0x2A5E, 0x2C86, 0x2E90, 0x3069, 0x31FB, 0x3335, 0x3400, 0x344A, 0x341C,
	0x3395, 0x32BE, 0x31A2, 0x3049, 0x2EBF, 0x2D0E, 0x2B3E, 0x295B, 0x276D,
	0x2580, 0x239C, 0x21CD, 0x201B, 0x1E91, 0x0000, 0x0006, 0x0019, 0x0036,
	0x005C, 0x0087, 0x00B7, 0x00E8, 0x0119, 0x0149, 0x0174, 0x019A, 0x01B7,
	0x01CA, 0x01D1, 0x01CB, 0x01BA, 0x01A0, 0x017F, 0x0158, 0x012D, 0x00FF,
	0x00D1, 0x00A3, 0x0078, 0x0051, 0x0030, 0x0016, 0x0005, 0x0000, 0x0005,
	0x0016, 0x0030, 0x0051, 0x0078, 0x00A3, 0x00D1, 0x00FF, 0x012D, 0x0158,
	0x017F, 0x01A0, 0x01BA, 0x01CB, 0x01D1, 0x01CB, 0x01BA, 0x01A0, 0x017F,
	0x0158, 0x012D, 0x00FF, 0x00D1, 0x00A3, 0x0078, 0x0051, 0x0030, 0x0016,
	0x0005, 0x0000, 0x0005, 0x0016, 0x0030, 0x0051, 0x0078, 0x00A3, 0x00D0,
	0x00FF, 0x012C, 0x0158, 0x017F, 0x01A0, 0x01BA, 0x01CA, 0x01D1, 0x01CD,
	0x01C2, 0x01B0, 0x0198, 0x017C, 0x015B, 0x0138, 0x0111, 0x00E9, 0x00C1,
	0x0098, 0x0070, 0x004A, 0x0026, 0x0005, 0xFF2F, 0xFF31, 0xFF36, 0xFF3F,
	0xFF4A, 0xFF57, 0xFF65, 0xFF73, 0xFF82, 0xFF8F, 0xFF9C, 0xFFA7, 0xFFB0,
	0xFFB5, 0xFFB7, 0xFFB5, 0xFFB1, 0xFFA9, 0xFF9F, 0xFF94, 0xFF87, 0xFF7A,
	0xFF6C, 0xFF5F, 0xFF52, 0xFF47, 0xFF3D, 0xFF36, 0xFF31, 0xFF2F, 0xFF31,
	0xFF36, 0xFF3D, 0xFF47, 0xFF52, 0xFF5F, 0xFF6C, 0xFF7A, 0xFF87, 0xFF94,
	0xFF9F, 0xFFA9, 0xFFB1, 0xFFB5, 0xFFB7, 0xFFB5, 0xFFB1, 0xFFA9, 0xFF9F,
	0xFF94, 0xFF87, 0xFF7A, 0xFF6C, 0xFF5F, 0xFF52, 0xFF47, 0xFF3D, 0xFF36,
	0xFF31, 0xFF2F, 0xFF31, 0xFF36, 0xFF3D, 0xFF47, 0xFF52, 0xFF5F, 0xFF6C,
	0xFF7A, 0xFF87, 0xFF94, 0xFF9F, 0xFFA9, 0xFFB0, 0xFFB5, 0xFFB7, 0xFFB6,
	0xFFB3, 0xFFAE, 0xFFA7, 0xFF9E, 0xFF95, 0xFF8A, 0xFF7F, 0xFF73, 0xFF68,
	0xFF5C, 0xFF50, 0xFF45, 0xFF3A, 0xFF31, 0xC9D7, 0xC9A6, 0xC91E, 0xC84D,
	0xC742, 0xC60B, 0xC4B6, 0xC354, 0xC1F1, 0xC09C, 0xBF65, 0xBE5A, 0xBD89,
	0xBD01, 0xBCD0, 0xBCFB, 0xBD72, 0xBE2B, 0xBF19, 0xC031, 0xC166, 0xC2AD,
	0xC3FA, 0xC541, 0xC676, 0xC78E, 0xC87C, 0xC935, 0xC9AD, 0xC9D7, 0xC9AD,
	0xC935, 0xC87C, 0xC78E, 0xC676, 0xC541, 0xC3FA, 0xC2AD, 0xC166, 0xC031,
	0xBF19, 0xBE2B, 0xBD72, 0xBCFB, 0xBCD0, 0xBCFB, 0xBD72, 0xBE2B, 0xBF19,
	0xC031, 0xC166, 0xC2AD, 0xC3FA, 0xC541, 0xC676, 0xC78E, 0xC87C, 0xC935,
	0xC9AD, 0xC9D7, 0xC9AD, 0xC935, 0xC87D, 0xC78F, 0xC678, 0xC543, 0xC3FD,
	0xC2B0, 0xC169, 0xC034, 0xBF1C, 0xBE2E, 0xBD74, 0xBCFC, 0xBCD0, 0xBCEB,
	0xBD3B, 0xBDBA, 0xBE63, 0xBF2F, 0xC018, 0xC119, 0xC22B, 0xC349, 0xC46E,
	0xC592, 0xC6B0, 0xC7C3, 0xC8C3, 0xC9AD, },
{
    0x0001, 0x0000, 0x0059, 0x0001, 0x0057, 0x005A, 0x0001, 0x00B1, 0x0001,
	0x00B2, 0x0001, 0x00B3, 0x0001, 0x00B4, 0x0001, 0x00B5, 0x005A, 0x00B6,
	0x005A, 0x0110, 0x005A, 0x016A, 0x0001, 0x01C4, 0x005A, 0x01C5, 0x005A,
	0x021F, 0x005A, 0x0279, 0x0001, 0x02D3, 0x0001, 0x02D4, 0x0001, 0x02D5,
	0x005A, 0x02D6, 0x005A, 0x0330, 0x005A, 0x038A, 0x0058, 0x03E4, 0x0053,
	0x043C, 0x005A, 0x048F, 0x005A, 0x04E9, 0x0059, 0x0543, 0x005A, 0x059C,
	0x0001, 0x05F6, 0x0001, 0x05F7, 0x0001, 0x05F8, 0x005A, 0x05F9, 0x005A,
	0x0653, 0x005A, 0x06AD, 0x005A, 0x0707, 0x005A, 0x0761, 0x005A, 0x07BB,
	0x005A, 0x0815, 0x0001, 0x086F, 0x005A, 0x0870, 0x0059, 0x08CA, 0x005A,
	0x0923, 0x0001, 0x097D, 0x005A, 0x097E, 0x005A, 0x09D8, 0x005A, 0x0A32,
	0x005A, 0x0A8C, 0x0059, 0x0AE6, 0x005A, 0x0B3F, 0x005A, 0x0B99, 0x005A,
	0x0BF3, 0x005A, 0x0C4D, 0x0059, 0x0CA7, 0x005A, 0x0D00, 0x0001, 0x0D5A,
	0x005A, 0x0D5B, 0x005A, 0x0DB5, 0x005A, 0x0E0F, 0x0059, 0x0E69, 0x0058,
	0x0EC2, 0x005A, 0x0F1A, 0x005A, 0x0F74, 0x005A, 0x0FCE, 0x005A, 0x1028,
})

CHAR_ANIM_GRAB_WALKING = animation_register("hold_walking", 0, 0, 0, 0, 76, {
	0x0000, 0x00C0, 0x00BF, 0x00BB, 0x00B7, 0x00B4, 0x00B1, 0x00AE, 0x00AC,
	0x00AC, 0x00AD, 0x00AF, 0x00B1, 0x00B3, 0x00B6, 0x00B8, 0x00BB, 0x00BE,
	0x00C0, 0x00C3, 0x00C6, 0x00C8, 0x00CA, 0x00CD, 0x00D0, 0x00D3, 0x00D5,
	0x00D8, 0x00D9, 0x00D9, 0x00D9, 0x00D8, 0x00D5, 0x00D3, 0x00D0, 0x00CD,
	0x00CA, 0x00C8, 0x00C5, 0x00C3, 0x00C0, 0x00BD, 0x00BA, 0x00B8, 0x00B5,
	0x00B2, 0x00B0, 0x00AE, 0x00AC, 0x00AB, 0x00AB, 0x00AB, 0x00AC, 0x00AC,
	0x00AD, 0x00AE, 0x00B0, 0x00B2, 0x00B6, 0x00BB, 0x00C2, 0x00C6, 0x00C9,
	0x00CC, 0x00CF, 0x00D2, 0x00D4, 0x00D6, 0x00D8, 0x00D9, 0x00D9, 0x00D8,
	0x00D6, 0x00D3, 0x00CF, 0x00CA, 0x00C5, 0x00C3, 0x0000, 0x0000, 0x3FFF,
	0x0000, 0x0000, 0x0000, 0x3B05, 0x3B16, 0x3B40, 0x3B7C, 0x3BC1, 0x3C06,
	0x3C42, 0x3C6D, 0x3C7D, 0x3C7C, 0x3C78, 0x3C71, 0x3C68, 0x3C5D, 0x3C51,
	0x3C42, 0x3C33, 0x3C22, 0x3C10, 0x3BFD, 0x3BE9, 0x3BD5, 0x3BC1, 0x3BAD,
	0x3B99, 0x3B86, 0x3B73, 0x3B61, 0x3B50, 0x3B40, 0x3B32, 0x3B25, 0x3B1A,
	0x3B12, 0x3B0B, 0x3B07, 0x3B05, 0x3B16, 0x3B40, 0x3B7C, 0x3BC1, 0x3C06,
	0x3C42, 0x3C6D, 0x3C7D, 0x3C7C, 0x3C79, 0x3C74, 0x3C6D, 0x3C64, 0x3C5A,
	0x3C4F, 0x3C42, 0x3C35, 0x3C26, 0x3C16, 0x3C06, 0x3BF6, 0x3BE4, 0x3BD3,
	0x3BC1, 0x3BB0, 0x3B9E, 0x3B8D, 0x3B7C, 0x3B6C, 0x3B5D, 0x3B4E, 0x3B40,
	0x3B34, 0x3B28, 0x3B1E, 0x3B16, 0x3B0F, 0x3B0A, 0x3B07, 0x3B05, 0xF9E5,
	0xFA30, 0xFA81, 0xFAD9, 0xFB37, 0xFB9B, 0xFC03, 0xFC6F, 0xFCE0, 0xFD53,
	0xFDCA, 0xFE42, 0xFEBC, 0xFF37, 0xFFB2, 0x002E, 0x00A9, 0x0123, 0x019B,
	0x0211, 0x0284, 0x02F4, 0x0360, 0x03C8, 0x042A, 0x0488, 0x04DF, 0x0530,
	0x0579, 0x05BB, 0x05F5, 0x0626, 0x064E, 0x066C, 0x067F, 0x0688, 0x0685,
	0x0677, 0x065F, 0x063E, 0x0613, 0x05DF, 0x05A4, 0x0560, 0x0516, 0x04C4,
	0x046C, 0x040E, 0x03AA, 0x0342, 0x02D5, 0x0264, 0x01EF, 0x0177, 0x00FC,
	0x007E, 0x0000, 0xFF7F, 0xFEFE, 0xFE7C, 0xFDFA, 0xFD79, 0xFCF8, 0xFC79,
	0xFBFB, 0xFB80, 0xFB08, 0xFA93, 0xFA21, 0xF9B4, 0xF94B, 0xF8E7, 0xF888,
	0xF82F, 0xF7DD, 0xF792, 0xF74E, 0x0000, 0xFFFF, 0xFFFF, 0xFFFF, 0x0000,
	0x0000, 0x0000, 0xFFFF, 0x0000, 0xFFFF, 0xFFFF, 0xFFFF, 0x0000, 0xFFFF,
	0xFFFF, 0x0000, 0xFFFF, 0xFFFF, 0xFFFF, 0x0000, 0x0000, 0xFFFF, 0x0000,
	0x0000, 0xFFFF, 0xFFFF, 0x0000, 0x0000, 0x0000, 0xFFFF, 0xFFFF, 0x0000,
	0xFFFF, 0x0000, 0x0000, 0xFFFF, 0x0000, 0x0000, 0xFFFF, 0xFFFF, 0xFFFF,
	0x0000, 0x0000, 0x0000, 0xFFFF, 0x0000, 0x0000, 0xFFFF, 0xFFFF, 0x0000,
	0x0000, 0xFFFF, 0xFFFF, 0xFFFF, 0xFFFF, 0x0000, 0x0000, 0xFFFF, 0xFFFF,
	0xFFFF, 0xFFFF, 0x0000, 0xFFFF, 0x0000, 0xFFFF, 0x0000, 0x0000, 0x0000,
	0xFFFF, 0x0000, 0xFFFF, 0xFFFF, 0xFFFF, 0xFFFF, 0x0000, 0xFFFF, 0x0000,
	0xFFC5, 0xFFCE, 0xFFE6, 0x0007, 0x002D, 0x0053, 0x0072, 0x0086, 0x0089,
	0x0081, 0x0076, 0x0069, 0x0059, 0x0047, 0x0034, 0x001F, 0x0009, 0xFFF2,
	0xFFDA, 0xFFC2, 0xFFAB, 0xFF93, 0xFF7C, 0xFF66, 0xFF51, 0xFF3E, 0xFF2C,
	0xFF1C, 0xFF0E, 0xFF03, 0xFEFB, 0xFEF6, 0xFEF5, 0xFEF9, 0xFF06, 0xFF1A,
	0xFF34, 0xFF53, 0xFF75, 0xFF9A, 0xFFC0, 0xFFE6, 0x000B, 0x002E, 0x004E,
	0x0068, 0x007E, 0x008C, 0x0092, 0x0093, 0x0091, 0x008C, 0x0085, 0x007C,
	0x0072, 0x0066, 0x0058, 0x0049, 0x0039, 0x0028, 0x0017, 0x0005, 0xFFF3,
	0xFFE0, 0xFFCE, 0xFFBC, 0xFFAB, 0xFF9A, 0xFF8B, 0xFF7C, 0xFF6F, 0xFF63,
	0xFF59, 0xFF51, 0xFF4B, 0xFF47, 0xFF46, 0x06A3, 0x069B, 0x0685, 0x0660,
	0x062E, 0x05F0, 0x05A6, 0x0552, 0x04F5, 0x048E, 0x0420, 0x03AB, 0x0330,
	0x02B0, 0x022C, 0x01A4, 0x011A, 0x008E, 0x0002, 0xFF76, 0xFEEB, 0xFE62,
	0xFDDC, 0xFD5A, 0xFCDD, 0xFC65, 0xFBF4, 0xFB8A, 0xFB28, 0xFACF, 0xFA81,
	0xFA3E, 0xFA06, 0xF9DB, 0xF9BE, 0xF9AF, 0xF9B0, 0xF9C0, 0xF9DD, 0xFA06,
	0xFA3C, 0xFA7D, 0xFAC8, 0xFB1D, 0xFB7B, 0xFBE1, 0xFC4F, 0xFCC4, 0xFD3F,
	0xFDC0, 0xFE46, 0xFECF, 0xFF5C, 0xFFEB, 0x007D, 0x010F, 0x01A2, 0x0235,
	0x02C7, 0x0358, 0x03E6, 0x0470, 0x04F7, 0x057A, 0x05F7, 0x066F, 0x06E0,
	0x0749, 0x07AA, 0x0803, 0x0852, 0x0897, 0x08D1, 0x08FF, 0x0921, 0x0936,
	0x093D, 0xFFFF, 0x0000, 0xFFFF, 0x0000, 0xFFFF, 0x0000, 0xFFFF, 0xFFFF,
	0xFFFF, 0x0000, 0xFFFF, 0xFFFF, 0x0000, 0x0000, 0x0000, 0xFFFF, 0xFFFF,
	0x0000, 0x0000, 0x0000, 0x0000, 0x0000, 0x0000, 0xFFFF, 0xFFFF, 0xFFFF,
	0xFFFF, 0xFFFF, 0x0000, 0x0000, 0x0000, 0x0000, 0xFFFF, 0x0000, 0x0000,
	0x0000, 0xFFFF, 0x0000, 0x0000, 0xFFFF, 0x0000, 0xFFFF, 0xFFFF, 0xFFFF,
	0x0000, 0x0000, 0x0000, 0x0000, 0xFFFF, 0xFFFF, 0x0000, 0xFFFF, 0x0000,
	0xFFFF, 0xFFFF, 0xFFFF, 0xFFFF, 0xFFFF, 0xFFFF, 0xFFFF, 0x0000, 0xFFFF,
	0xFFFF, 0xFFFF, 0x0000, 0xFFFF, 0x0000, 0x0000, 0x0000, 0xFFFF, 0xFFFF,
	0x0000, 0xFFFF, 0x0000, 0x0000, 0x0000, 0xFFFF, 0x0154, 0x0168, 0x0199,
	0x01D5, 0x020D, 0x0246, 0x0287, 0x02BA, 0x02CC, 0x02C0, 0x02A6, 0x0283,
	0x025A, 0x0230, 0x0209, 0x01E9, 0x01D3, 0x01C3, 0x01B4, 0x01A5, 0x0197,
	0x0189, 0x017C, 0x0170, 0x0166, 0x015D, 0x0156, 0x0151, 0x014E, 0x014D,
	0x014F, 0x0154, 0x015B, 0x016A, 0x0182, 0x01A2, 0x01C7, 0x01F1, 0x021C,
	0x0246, 0x026E, 0x0292, 0x02B0, 0x02C5, 0x02D0, 0x02D2, 0x02D0, 0x02C9,
	0x02BF, 0x02B2, 0x02A2, 0x0290, 0x027C, 0x0268, 0x0252, 0x023D, 0x0228,
	0x0214, 0x0202, 0x01F2, 0x01E4, 0x01D7, 0x01CA, 0x01BD, 0x01B0, 0x01A2,
	0x0195, 0x0188, 0x017C, 0x0171, 0x0166, 0x015D, 0x0155, 0x014F, 0x014A,
	0x0147, 0x0146, 0xCB61, 0xEA25, 0x98CD, 0xFAB4, 0xD429, 0xCCF5, 0x0000,
	0x0000, 0xFFFF, 0xFFFF, 0xFFFF, 0xFFFF, 0x0000, 0x0000, 0xFFFF, 0x0000,
	0xFFFF, 0xFFFF, 0xFFFF, 0xFFFF, 0x0000, 0xFFFF, 0x0000, 0x0000, 0x0000,
	0x0000, 0x0000, 0x0000, 0xFFFF, 0xFFFF, 0x0000, 0xFFFF, 0xFFFF, 0xFFFF,
	0xFFFF, 0xFFFF, 0x0000, 0xFFFF, 0xFFFF, 0xFFFF, 0xFFFF, 0xFFFF, 0xFFFF,
	0x0000, 0x0000, 0xFFFF, 0xFFFF, 0xFFFF, 0xFFFF, 0x0000, 0xFFFF, 0x0000,
	0x0000, 0x0000, 0x0000, 0xFFFF, 0x0000, 0x0000, 0x0000, 0x0000, 0x0000,
	0x0000, 0x0000, 0x0000, 0xFFFF, 0x0000, 0xFFFF, 0xFFFF, 0xFFFF, 0xFFFF,
	0x0000, 0xFFFF, 0xFFFF, 0x0000, 0xFFFF, 0x0000, 0xFFFF, 0xFFFF, 0xFFFF,
	0xFFFF, 0xFFFF, 0xFFFF, 0x0000, 0x0000, 0x0000, 0x0000, 0xFFFF, 0xFFFF,
	0xFFFF, 0x0000, 0xFFFF, 0x0000, 0x0000, 0x0000, 0x0000, 0xFFFF, 0xFFFF,
	0x0000, 0x0000, 0x0000, 0xFFFF, 0xFFFF, 0xFFFF, 0x0000, 0x0000, 0x0000,
	0x0000, 0x0000, 0x0000, 0x0000, 0x0000, 0x0000, 0x0000, 0x0000, 0x0000,
	0x0000, 0xFFFF, 0xFFFF, 0x0000, 0x0000, 0x0000, 0x0000, 0xFFFF, 0x0000,
	0x0000, 0x0000, 0x0000, 0xFFFF, 0x0000, 0x0000, 0x0000, 0x0000, 0x0000,
	0x0000, 0xFFFF, 0xFFFF, 0xFFFF, 0x0000, 0xFFFF, 0x0000, 0xFFFF, 0x0000,
	0x0000, 0x0000, 0x0000, 0xFFFF, 0xFFFF, 0x0000, 0xFFFF, 0xFFFF, 0xFFFF,
	0x0000, 0xFFFF, 0xFFFF, 0x0000, 0x0000, 0xFFFF, 0xE065, 0xFFFF, 0x0000,
	0xFFFF, 0x0000, 0xFFFF, 0x0000, 0x0000, 0x0000, 0xFFFF, 0x0000, 0x0000,
	0x0000, 0xFFFF, 0x0000, 0xFFFF, 0xFFFF, 0x0000, 0xFFFF, 0xFFFF, 0xFFFF,
	0xFFFF, 0x0000, 0xFFFF, 0xFFFF, 0xFFFF, 0x0000, 0x0000, 0xFFFF, 0xFFFF,
	0x0000, 0x0000, 0x0000, 0x0000, 0xFFFF, 0x0000, 0x0000, 0x0000, 0x0000,
	0x0000, 0xFFFF, 0x0000, 0xFFFF, 0xFFFF, 0xFFFF, 0x0000, 0xFFFF, 0x0000,
	0xFFFF, 0xFFFF, 0xFFFF, 0x0000, 0x0000, 0x0000, 0xFFFF, 0xFFFF, 0x0000,
	0x0000, 0xFFFF, 0x0000, 0x0000, 0x0000, 0x0000, 0xFFFF, 0x0000, 0xFFFF,
	0x0000, 0x0000, 0xFFFF, 0x0000, 0x0000, 0x0000, 0xFFFF, 0x0000, 0x0000,
	0x0000, 0xFFFF, 0x0000, 0xEF23, 0xF548, 0x349E, 0x15DA, 0x98CD, 0x054B,
	0x2BD6, 0xCCF5, 0xFFFF, 0xFFFF, 0xFFFF, 0x0000, 0xFFFF, 0xFFFF, 0xFFFF,
	0xFFFF, 0x0000, 0xFFFF, 0xFFFF, 0xFFFF, 0xFFFF, 0xFFFF, 0xFFFF, 0xFFFF,
	0xFFFF, 0xFFFF, 0xFFFF, 0xFFFF, 0xFFFF, 0xFFFF, 0xFFFF, 0x0000, 0xFFFF,
	0xFFFF, 0x0000, 0x0000, 0x0000, 0xFFFF, 0x0000, 0xFFFF, 0x0000, 0x0000,
	0x0000, 0x0000, 0x0000, 0x0000, 0xFFFF, 0x0000, 0xFFFF, 0xFFFF, 0xFFFF,
	0x0000, 0x0000, 0x0000, 0xFFFF, 0xFFFF, 0xFFFF, 0x0000, 0x0000, 0x0000,
	0x0000, 0x0000, 0x0000, 0xFFFF, 0xFFFF, 0xFFFF, 0xFFFF, 0x0000, 0xFFFF,
	0xFFFF, 0x0000, 0x0000, 0xFFFF, 0xFFFF, 0xFFFF, 0x0000, 0xFFFF, 0x0000,
	0x0000, 0xFFFF, 0x0000, 0x0000, 0x0000, 0xFFFF, 0x0000, 0x0000, 0x0000,
	0x0000, 0xFFFF, 0x0000, 0x0000, 0x0000, 0xFFFF, 0x0000, 0x0000, 0x0000,
	0x0000, 0x0000, 0xFFFF, 0x0000, 0x0000, 0xFFFF, 0x0000, 0x0000, 0x0000,
	0xFFFF, 0x0000, 0x0000, 0x0000, 0xFFFF, 0xFFFF, 0xFFFF, 0x0000, 0x0000,
	0x0000, 0xFFFF, 0xFFFF, 0xFFFF, 0x0000, 0x0000, 0x0000, 0x0000, 0x0000,
	0x0000, 0xFFFF, 0x0000, 0x0000, 0xFFFF, 0xFFFF, 0x0000, 0xFFFF, 0x0000,
	0x0000, 0x0000, 0x0000, 0x0000, 0x0000, 0x0000, 0x0000, 0x0000, 0x0000,
	0xFFFF, 0x0000, 0x0000, 0x0000, 0x0000, 0x0000, 0x0000, 0x0000, 0x0000,
	0xFFFF, 0xFFFF, 0xFFFF, 0x0000, 0xE065, 0x0000, 0x0000, 0xFFFF, 0xFFFF,
	0xFFFF, 0x0000, 0xFFFF, 0x0000, 0xFFFF, 0xFFFF, 0xFFFF, 0xFFFF, 0xFFFF,
	0xFFFF, 0x0000, 0x0000, 0x0000, 0x0000, 0xFFFF, 0xFFFF, 0xFFFF, 0x0000,
	0xFFFF, 0xFFFF, 0x0000, 0x0000, 0xFFFF, 0x0000, 0x0000, 0xFFFF, 0xFFFF,
	0xFFFF, 0xFFFF, 0x0000, 0xFFFF, 0x0000, 0xFFFF, 0x0000, 0x0000, 0xFFFF,
	0x0000, 0x0000, 0x0000, 0x0000, 0xFFFF, 0x0000, 0x0000, 0x0000, 0x0000,
	0x0000, 0x0000, 0xFFFF, 0x0000, 0xFFFF, 0xFFFF, 0x0000, 0xFFFF, 0x0000,
	0x0000, 0xFFFF, 0xFFFF, 0xFFFF, 0x0000, 0x0000, 0xFFFF, 0x0000, 0xFFFF,
	0xFFFF, 0xFFFF, 0xFFFF, 0x0000, 0xFFFF, 0x0000, 0x0000, 0xFFFF, 0x0000,
	0x10DC, 0xF548, 0xFFFF, 0xFFFF, 0x0000, 0x0000, 0xFFFF, 0x0000, 0x0000,
	0x0000, 0x0000, 0x0000, 0xFFFF, 0xFFFF, 0xFFFF, 0xFFFF, 0xFFFF, 0x0000,
	0xFFFF, 0x0000, 0xFFFF, 0xFFFF, 0x0000, 0x0000, 0x0000, 0x0000, 0x0000,
	0xFFFF, 0x0000, 0x0000, 0xFFFF, 0x0000, 0xFFFF, 0x0000, 0x0000, 0x0000,
	0x0000, 0x0000, 0x0000, 0x0000, 0x0000, 0x0000, 0xFFFF, 0x0000, 0xFFFF,
	0x0000, 0xFFFF, 0xFFFF, 0xFFFF, 0x0000, 0x0000, 0xFFFF, 0xFFFF, 0xFFFF,
	0xFFFF, 0x0000, 0xFFFF, 0xFFFF, 0x0000, 0xFFFF, 0x0000, 0x0000, 0xFFFF,
	0xFFFF, 0xFFFF, 0xFFFF, 0x0000, 0xFFFF, 0xFFFF, 0x0000, 0x0000, 0xFFFF,
	0xFFFF, 0x0000, 0x0000, 0xFFFF, 0x0000, 0xFFFF, 0xFF5A, 0xFDA5, 0xFB3A,
	0xF876, 0xF5B1, 0xF347, 0xF192, 0xF0EC, 0xF110, 0xF174, 0xF212, 0xF2E0,
	0xF3D7, 0xF4F0, 0xF621, 0xF762, 0xF8AD, 0xF9F7, 0xFB3B, 0xFC6E, 0xFD8A,
	0xFE87, 0xFF5B, 0x0000, 0x0073, 0x00BF, 0x00E8, 0x00F5, 0x00EA, 0x00CE,
	0x00A7, 0x007A, 0x004D, 0x0026, 0x000A, 0xFFFF, 0x0000, 0x0000, 0x0000,
	0x0000, 0xFFFF, 0x0000, 0xFFFF, 0x0000, 0x0000, 0x0000, 0x0000, 0xFFFF,
	0xFFFF, 0xFFFF, 0x0000, 0x0000, 0xFFFF, 0xFFFF, 0xFFFF, 0xFFFF, 0x0000,
	0xFFFF, 0xFFFF, 0x0000, 0x0000, 0x0000, 0x0000, 0x0000, 0x0000, 0x0000,
	0x0000, 0x0000, 0x0000, 0x0000, 0xFFFF, 0x0000, 0x0000, 0x0000, 0xFFFF,
	0xC5E3, 0xC5E5, 0xC5DB, 0xC5AC, 0xC542, 0xC483, 0xC359, 0xC1A9, 0xBF5E,
	0xBC89, 0xB959, 0xB5DB, 0xB21D, 0xAE30, 0xAA20, 0xA5FD, 0xA1D5, 0x9DB7,
	0x99B2, 0x95D3, 0x9229, 0x8EC4, 0x8BB1, 0x88FF, 0x86BC, 0x8509, 0x83ED,
	0x8352, 0x8324, 0x834B, 0x83B4, 0x8447, 0x84F0, 0x8599, 0x862C, 0x8695,
	0x86BC, 0x00D0, 0x002B, 0xFE75, 0xFC09, 0xF93E, 0xF66E, 0xF3F1, 0xF220,
	0xF155, 0xF149, 0xF17A, 0xF1DF, 0xF271, 0xF328, 0xF3FF, 0xF4ED, 0xF5EB,
	0xF6F2, 0xF7FB, 0xF8FE, 0xF9F4, 0xFAD7, 0xFB9E, 0xFC42, 0xFCBD, 0xFCF6,
	0xFCE5, 0xFC9E, 0xFC35, 0xFBBB, 0xFB43, 0xFAE2, 0xFAAA, 0xFAAF, 0xFAE3,
	0xFB27, 0xFB5B, 0xFB7D, 0xFBA0, 0xFBC3, 0xFBE6, 0xFC09, 0xFC2B, 0xFC4B,
	0xFC68, 0xFC83, 0xFC9B, 0xFCAE, 0xFCBD, 0xFCC6, 0xFCC9, 0xFCC7, 0xFCC0,
	0xFCB7, 0xFCAC, 0xFC9F, 0xFC93, 0xFC89, 0xFC80, 0xFC7B, 0xFC7B, 0xFC80,
	0xFC8D, 0xFCA0, 0xFCBD, 0xFCEC, 0xFD31, 0xFD88, 0xFDEC, 0xFE57, 0xFEC5,
	0xFF2F, 0xFF92, 0xFFE8, 0x002C, 0x0058, 0x0068, 0x0000, 0x0005, 0x0011,
	0x0021, 0x002F, 0x0038, 0x0035, 0x0024, 0xFFFF, 0xFFCA, 0xFF89, 0xFF40,
	0xFEF0, 0xFE9A, 0xFE40, 0xFDE5, 0xFD8A, 0xFD31, 0xFCDB, 0xFC8A, 0xFC40,
	0xFC00, 0xFBCA, 0xFBA0, 0xFB84, 0xFB8D, 0xFBC7, 0xFC23, 0xFC95, 0xFD0E,
	0xFD82, 0xFDE3, 0xFE22, 0xFE1F, 0xFDE2, 0xFD9C, 0xFD81, 0xFD8F, 0xFDA4,
	0xFDBF, 0xFDDD, 0xFDFF, 0xFE22, 0xFE45, 0xFE67, 0xFE86, 0xFEA1, 0xFEB7,
	0xFEC7, 0xFED1, 0xFED8, 0xFEDE, 0xFEE1, 0xFEE2, 0xFEE2, 0xFEE0, 0xFEDE,
	0xFEDB, 0xFED7, 0xFED3, 0xFECF, 0xFECC, 0xFEC9, 0xFEC7, 0xCE22, 0xCD33,
	0xCABB, 0xC739, 0xC32A, 0xBF0D, 0xBB61, 0xB8A2, 0xB751, 0xB6FB, 0xB6D8,
	0xB6E5, 0xB720, 0xB785, 0xB812, 0xB8C4, 0xB997, 0xBA89, 0xBB97, 0xBCBD,
	0xBDFA, 0xBF49, 0xC0A8, 0xC214, 0xC38A, 0xC57E, 0xC83C, 0xCB80, 0xCF0A,
	0xD298, 0xD5E7, 0xD8B5, 0xDAC2, 0xDADA, 0xD913, 0xD718, 0xD692, 0xD76B,
	0xD86B, 0xD98E, 0xDACF, 0xDC2A, 0xDD9B, 0xDF1C, 0xE0A9, 0xE23D, 0xE3D5,
	0xE56C, 0xE6FC, 0xE88F, 0xEA2D, 0xEBD6, 0xED88, 0xEF40, 0xF0FD, 0xF2BE,
	0xF47F, 0xF640, 0xF7FF, 0xF9B9, 0xFB6E, 0xFD1A, 0xFEBE, 0x0055, 0x01E0,
	0x0373, 0x0520, 0x06D9, 0x0894, 0x0A46, 0x0BE3, 0x0D5F, 0x0EB0, 0x0FCA,
	0x10A1, 0x112B, 0x115B, 0xFFFF, 0x0000, 0xFFFF, 0xFFFF, 0x0000, 0x0000,
	0xFFFF, 0x0000, 0x0000, 0xFFFF, 0xFFFF, 0x0000, 0x0000, 0xFFFF, 0xFFFF,
	0xFFFF, 0x0000, 0x0000, 0x0000, 0xFFFF, 0x0000, 0x0000, 0xFFFF, 0x0000,
	0x0000, 0xFFFF, 0xFFFF, 0x0000, 0xFFFF, 0xFFFF, 0x0000, 0xFFFF, 0x0000,
	0x0000, 0x0000, 0x0000, 0x0000, 0x0000, 0xFFFF, 0x0000, 0xFFFF, 0xFFFF,
	0xFFFF, 0xFFFF, 0x0000, 0x0000, 0x0000, 0xFFFF, 0x0000, 0xFFFF, 0xFFFF,
	0xFFFF, 0x0000, 0x0000, 0xFFFF, 0xFFFF, 0x0000, 0x0000, 0x0000, 0x0000,
	0x0000, 0xFFFF, 0x0000, 0xFFFF, 0xFFFF, 0xFFFF, 0x0000, 0xFFFF, 0xFFFF,
	0x0000, 0x0000, 0xFFFF, 0x0000, 0xFFFF, 0x0000, 0xFFFF, 0x0000, 0xFFFF,
	0x0000, 0x0000, 0x0000, 0x0000, 0x0000, 0x0000, 0x0000, 0xFFFF, 0x0000,
	0x0000, 0x0000, 0xFFFF, 0x0000, 0x0000, 0xFFFF, 0x0000, 0xFFFF, 0x0000,
	0x0000, 0xFFFF, 0x0000, 0x0000, 0xFFFF, 0xFFFF, 0x0000, 0x0000, 0x0000,
	0x0000, 0xFFFF, 0xFFFF, 0xFFFF, 0xFFFF, 0xFFFF, 0xFFFF, 0xFFFF, 0xFFFF,
	0xFFFF, 0xFFFF, 0x0000, 0x0000, 0xFFFF, 0xFFFF, 0xFFFF, 0x0000, 0xFFFF,
	0x0000, 0xFFFF, 0x0000, 0xFFFF, 0xFFFF, 0xFFFF, 0xFFFF, 0xFFFF, 0x0000,
	0xFFFF, 0xFFFF, 0x0000, 0xFFFF, 0xFFFF, 0x0000, 0xFFFF, 0x0000, 0x0000,
	0x0000, 0xFFFF, 0x0000, 0x0000, 0xFFFF, 0xFFFF, 0x0000, 0x0000, 0xFFFF,
	0x0000, 0xFFFF, 0x2A1A, 0x2B45, 0x2E5E, 0x32CA, 0x37EC, 0x3D29, 0x41E6,
	0x4587, 0x4770, 0x483B, 0x48E6, 0x496E, 0x49D1, 0x4A0B, 0x4A19, 0x49F8,
	0x49A4, 0x491B, 0x4859, 0x475C, 0x461F, 0x44A1, 0x42DD, 0x40D1, 0x3E79,
	0x3AC3, 0x3508, 0x2DE9, 0x2609, 0x1E09, 0x168A, 0x102F, 0x0B97, 0x0AA9,
	0x0D59, 0x1163, 0x1482, 0x167C, 0x1891, 0x1AB7, 0x1CE4, 0x1F0C, 0x2124,
	0x2322, 0x24FC, 0x26A6, 0x2815, 0x2940, 0x2A1A, 0x2AB3, 0x2B21, 0x2B68,
	0x2B8B, 0x2B8F, 0x2B77, 0x2B46, 0x2B01, 0x2AAB, 0x2A48, 0x29DB, 0x2967,
	0x28F2, 0x287E, 0x280F, 0x27A8, 0x272E, 0x2687, 0x25BF, 0x24DF, 0x23F3,
	0x2304, 0x221D, 0x2149, 0x2092, 0x2002, 0x1FA4, 0x1F82, 0xFFFF, 0x0000,
	0x0000, 0x0000, 0x0000, 0x0000, 0x0000, 0xFFFF, 0xFFFF, 0xFFFF, 0x0000,
	0xFFFF, 0x0000, 0x0000, 0xFFFF, 0x0000, 0xFFFF, 0x0000, 0xFFFF, 0xFFFF,
	0xFFFF, 0xFFFF, 0xFFFF, 0xFFFF, 0xFFFF, 0xFFFF, 0xFFFF, 0x0000, 0x0000,
	0xFFFF, 0x0000, 0xFFFF, 0xFFFF, 0xFFFF, 0xFFFF, 0x0000, 0xFFFF, 0x0000,
	0x0000, 0x0000, 0xFFFF, 0xFFFF, 0xFFFF, 0xFFFF, 0xFFFF, 0x0000, 0x0000,
	0x0000, 0x0000, 0xFFFF, 0xFFFF, 0x0000, 0x0000, 0xFFFF, 0x0000, 0x0000,
	0xFFFF, 0xFFFF, 0x0000, 0xFFFF, 0x0000, 0xFFFF, 0xFFFF, 0xFFFF, 0x0000,
	0xFFFF, 0xFFFF, 0x0000, 0xFFFF, 0xFFFF, 0x0000, 0x0000, 0xFFFF, 0x0000,
	0xFFFF, 0x0000, 0xFFFF, 0x0000, 0x0000, 0x0000, 0x0000, 0x0000, 0x0000,
	0xFFFF, 0xFFFF, 0xFFFF, 0xFFFF, 0x0000, 0x0000, 0x0000, 0xFFFF, 0x0000,
	0xFFFF, 0x0000, 0x0000, 0x0000, 0x0000, 0xFFFF, 0xFFFF, 0xFFFF, 0x0000,
	0xFFFF, 0x0000, 0x0000, 0xFFFF, 0x0000, 0x0000, 0x0000, 0x0000, 0x0000,
	0x0000, 0x0000, 0x0000, 0x0000, 0x0000, 0xFFFF, 0x0000, 0xFFFF, 0xFFFF,
	0xFFFF, 0xFFFF, 0x0000, 0xFFFF, 0x0000, 0x0000, 0xFFFF, 0xFFFF, 0xFFFF,
	0xFFFF, 0xFFFF, 0x0000, 0x0000, 0xFFFF, 0x0000, 0x0000, 0x0000, 0xFFFF,
	0x0000, 0x0000, 0x0000, 0x0000, 0x0000, 0xFFFF, 0xFFFF, 0x0000, 0xFFFF,
	0xFFFF, 0x0000, 0x0000, 0xFFFF, 0xD749, 0xD6C0, 0xD551, 0xD33E, 0xD0C9,
	0xCE32, 0xCBBB, 0xC9A7, 0xC836, 0xC732, 0xC638, 0xC549, 0xC465, 0xC38F,
	0xC2C6, 0xC20A, 0xC15E, 0xC0C1, 0xC035, 0xBFBA, 0xBF51, 0xBEFA, 0xBEB7,
	0xBE88, 0xBE6F, 0xBE85, 0xBEDD, 0xBF6B, 0xC024, 0xC0FD, 0xC1EA, 0xC2DF,
	0xC3D1, 0xC4B5, 0xC57E, 0xC622, 0xC695, 0xC6E7, 0xC729, 0xC751, 0xC755,
	0xC72A, 0xC6C7, 0xC620, 0xC52B, 0xC311, 0xBFAE, 0xBC08, 0xB923, 0xB6BA,
	0xB46F, 0xB327, 0xB3C4, 0xB5E3, 0xB879, 0xBB6C, 0xBEA6, 0xC20D, 0xC589,
	0xC902, 0xCC60, 0xCF8A, 0xD268, 0xD4E3, 0xD6E1, 0xD871, 0xD9B7, 0xDABB,
	0xDB84, 0xDC19, 0xDC83, 0xDCC7, 0xDCEE, 0xDD00, 0xDD03, 0xDD00, 0xDCFD,
	0x0000, 0xFFFF, 0xFFFF, 0xFFFF, 0x0000, 0xFFFF, 0x0000, 0xFFFF, 0x0000,
	0x0000, 0x0000, 0xFFFF, 0x0000, 0x0000, 0x0000, 0x0000, 0x0000, 0x0000,
	0xFFFF, 0x0000, 0x0000, 0xFFFF, 0x0000, 0x0000, 0x0000, 0xFFFF, 0xFFFF,
	0xFFFF, 0x0000, 0xFFFF, 0xFFFF, 0x0000, 0xFFFF, 0xFFFF, 0x0000, 0x0000,
	0x0000, 0xFFFF, 0xFFFF, 0xFFFF, 0x0000, 0xFFFF, 0x0000, 0xFFFF, 0x0000,
	0x0000, 0xFFFF, 0xFFFF, 0xFFFF, 0x0000, 0x0000, 0x0000, 0x0000, 0x0000,
	0x0000, 0xFFFF, 0xFFFF, 0x0000, 0xFFFF, 0xFFFF, 0x0000, 0xFFFF, 0x0000,
	0x0000, 0xFFFF, 0x0000, 0x0000, 0xFFFF, 0xFFFF, 0x0000, 0x0000, 0xFFFF,
	0xFFFF, 0x0000, 0x0000, 0x0000, 0xFFFF, 0xFFFF, 0x0000, 0xFFFF, 0x0000,
	0xFFFF, 0x0000, 0x0000, 0x0000, 0xFFFF, 0xFFFF, 0x0000, 0x0000, 0x0000,
	0x0000, 0x0000, 0xFFFF, 0xFFFF, 0xFFFF, 0x0000, 0x0000, 0x0000, 0x0000,
	0xFFFF, 0x0000, 0xFFFF, 0x0000, 0xFFFF, 0xFFFF, 0x0000, 0xFFFF, 0x0000,
	0x0000, 0x0000, 0x0000, 0x0000, 0xFFFF, 0xFFFF, 0x0000, 0xFFFF, 0x0000,
	0xFFFF, 0x0000, 0x0000, 0x0000, 0x0000, 0xFFFF, 0x0000, 0x0000, 0x0000,
	0x0000, 0xFFFF, 0x0000, 0x0000, 0xFFFF, 0x0000, 0x0000, 0x0000, 0x0000,
	0xFFFF, 0x0000, 0x0000, 0xFFFF, 0x0000, 0x0000, 0xFFFF, 0xFFFF, 0x0000,
	0x0000, 0xFFFF, 0x0000, 0xBF5E, 0x0057, 0x0058, 0x005A, 0x005C, 0x005F,
	0x0062, 0x0064, 0x0067, 0x0068, 0x0068, 0x0068, 0x0068, 0x0068, 0x0067,
	0x0066, 0x0065, 0x0064, 0x0064, 0x0063, 0x0063, 0x0063, 0x0063, 0x0064,
	0x0066, 0x0068, 0x006C, 0x0073, 0x007D, 0x0087, 0x0091, 0x0099, 0x009F,
	0x00A1, 0x00A0, 0x009C, 0x0097, 0x0091, 0x008A, 0x0083, 0x007B, 0x0074,
	0x006F, 0x006A, 0x0068, 0x0068, 0x0075, 0x008F, 0x00A9, 0x00B5, 0x00B5,
	0x00B4, 0x00B3, 0x00B2, 0x00B0, 0x00AD, 0x00AA, 0x00A6, 0x00A1, 0x009C,
	0x0096, 0x008E, 0x0086, 0x007D, 0x0073, 0x0068, 0x0059, 0x0045, 0x002C,
	0x0011, 0xFFF4, 0xFFD7, 0xFFBB, 0xFFA1, 0xFF8B, 0xFF7A, 0xFF6E, 0xFF6A,
	0xFFC7, 0xFFBD, 0xFFA3, 0xFF7E, 0xFF52, 0xFF24, 0xFEFB, 0xFEDA, 0xFEC7,
	0xFEBD, 0xFEB6, 0xFEB1, 0xFEAE, 0xFEAC, 0xFEAC, 0xFEAD, 0xFEAF, 0xFEB2,
	0xFEB5, 0xFEB9, 0xFEBC, 0xFEC0, 0xFEC3, 0xFEC5, 0xFEC7, 0xFEC8, 0xFECC,
	0xFED0, 0xFED4, 0xFED9, 0xFEDC, 0xFEDF, 0xFEE0, 0xFEDF, 0xFEDE, 0xFEDC,
	0xFED9, 0xFED5, 0xFED2, 0xFECF, 0xFECC, 0xFEC9, 0xFEC7, 0xFEC6, 0xFEC7,
	0xFECD, 0xFEDA, 0xFEE6, 0xFEEC, 0xFEEC, 0xFEEA, 0xFEE9, 0xFEE7, 0xFEE4,
	0xFEE1, 0xFEDE, 0xFEDB, 0xFED7, 0xFED4, 0xFED1, 0xFECE, 0xFECB, 0xFEC9,
	0xFEC8, 0xFEC7, 0xFEC6, 0xFEC7, 0xFEC8, 0xFECA, 0xFECD, 0xFECF, 0xFED2,
	0xFED4, 0xFED6, 0xFED8, 0xFED9, 0xA289, 0xA292, 0xA2B1, 0xA2EE, 0xA351,
	0xA3E4, 0xA4AD, 0xA5B5, 0xA705, 0xA88B, 0xAA2E, 0xABEB, 0xADBE, 0xAFA5,
	0xB19B, 0xB39D, 0xB5A8, 0xB7B8, 0xB9CA, 0xBBD9, 0xBDE4, 0xBFE6, 0xC1DB,
	0xC3C1, 0xC593, 0xC783, 0xC9A8, 0xCBD8, 0xCDE9, 0xCFB3, 0xD10B, 0xD1C8,
	0xD1C0, 0xD125, 0xD047, 0xCF28, 0xCDCD, 0xCC39, 0xCA71, 0xC877, 0xC650,
	0xC3FF, 0xC188, 0xBEEF, 0xBC37, 0xB774, 0xB062, 0xA986, 0xA563, 0xA385,
	0xA1CB, 0xA033, 0x9EBC, 0x9D64, 0x9C2B, 0x9B10, 0x9A11, 0x992C, 0x9862,
	0x97B0, 0x9716, 0x9692, 0x9623, 0x95C8, 0x9580, 0x9578, 0x95D3, 0x967D,
	0x9764, 0x9875, 0x999E, 0x9ACD, 0x9BEE, 0x9CF0, 0x9DBF, 0x9E48, 0x9E7A,
	0x0000, 0x0000, 0xFFFF, 0xFFFF, 0xFFFF, 0xFFFF, 0x0000, 0x0000, 0xFFFF,
	0x0000, 0xFFFF, 0x0000, 0xFFFF, 0x0000, 0x0000, 0x0000, 0xFFFF, 0x0000,
	0xFFFF, 0xFFFF, 0x0000, 0x0000, 0xFFFF, 0x0000, 0x0000, 0xFFFF, 0x0000,
	0x0000, 0x0000, 0x0000, 0x0000, 0x0000, 0xFFFF, 0x0000, 0xFFFF, 0xFFFF,
	0x0000, 0xFFFF, 0x0000, 0x0000, 0xFFFF, 0xFFFF, 0xFFFF, 0xFFFF, 0x0000,
	0x0000, 0x0000, 0xFFFF, 0x0000, 0xFFFF, 0xFFFF, 0xFFFF, 0xFFFF, 0x0000,
	0x0000, 0x0000, 0xFFFF, 0x0000, 0x0000, 0xFFFF, 0xFFFF, 0x0000, 0x0000,
	0xFFFF, 0x0000, 0x0000, 0x0000, 0xFFFF, 0x0000, 0xFFFF, 0xFFFF, 0x0000,
	0xFFFF, 0x0000, 0x0000, 0x0000, 0xFFFF, 0x0000, 0x0000, 0x0000, 0x0000,
	0x0000, 0xFFFF, 0x0000, 0xFFFF, 0x0000, 0xFFFF, 0x0000, 0xFFFF, 0x0000,
	0x0000, 0x0000, 0x0000, 0x0000, 0x0000, 0x0000, 0x0000, 0xFFFF, 0x0000,
	0xFFFF, 0xFFFF, 0x0000, 0xFFFF, 0xFFFF, 0xFFFF, 0xFFFF, 0xFFFF, 0x0000,
	0xFFFF, 0xFFFF, 0x0000, 0xFFFF, 0xFFFF, 0x0000, 0x0000, 0xFFFF, 0xFFFF,
	0x0000, 0xFFFF, 0x0000, 0xFFFF, 0x0000, 0x0000, 0x0000, 0x0000, 0x0000,
	0x0000, 0x0000, 0xFFFF, 0x0000, 0xFFFF, 0x0000, 0xFFFF, 0x0000, 0x0000,
	0xFFFF, 0x0000, 0x0000, 0x0000, 0x0000, 0xFFFF, 0x0000, 0x0000, 0x0000,
	0xFFFF, 0x0000, 0xFFFF, 0x0000, 0x17EE, 0x1871, 0x19CE, 0x1BBF, 0x1E00,
	0x204D, 0x2262, 0x23F9, 0x24CE, 0x2511, 0x2523, 0x250B, 0x24CF, 0x2476,
	0x2406, 0x2388, 0x2301, 0x2277, 0x21F3, 0x217B, 0x2115, 0x20C8, 0x209B,
	0x2094, 0x20BB, 0x212F, 0x21FF, 0x231B, 0x2472, 0x25F3, 0x278E, 0x2933,
	0x2AD0, 0x2C7F, 0x2E5C, 0x305F, 0x327D, 0x34AD, 0x36E5, 0x391C, 0x3B48,
	0x3D60, 0x3F59, 0x412B, 0x42CB, 0x4431, 0x4552, 0x4624, 0x469F, 0x46C8,
	0x46AE, 0x4656, 0x45C4, 0x44FE, 0x4408, 0x42E7, 0x41A1, 0x4038, 0x3EB3,
	0x3D17, 0x3B67, 0x39A9, 0x37E2, 0x3616, 0x344A, 0x3229, 0x2F73, 0x2C4D,
	0x28DE, 0x254A, 0x21B7, 0x1E4A, 0x1B28, 0x1878, 0x165E, 0x14FF, 0x1482,
	0x0000, 0x0000, 0xFFFF, 0x0000, 0x0000, 0xFFFF, 0x0000, 0xFFFF, 0x0000,
	0x0000, 0x0000, 0xFFFF, 0xFFFF, 0xFFFF, 0xFFFF, 0x0000, 0xFFFF, 0x0000,
	0xFFFF, 0xFFFF, 0x0000, 0x0000, 0x0000, 0xFFFF, 0xFFFF, 0x0000, 0xFFFF,
	0xFFFF, 0xFFFF, 0x0000, 0xFFFF, 0xFFFF, 0xFFFF, 0xFFFF, 0xFFFF, 0x0000,
	0xFFFF, 0xFFFF, 0xFFFF, 0xFFFF, 0x0000, 0xFFFF, 0x0000, 0x0000, 0xFFFF,
	0x0000, 0xFFFF, 0xFFFF, 0xFFFF, 0xFFFF, 0xFFFF, 0x0000, 0x0000, 0x0000,
	0xFFFF, 0xFFFF, 0xFFFF, 0xFFFF, 0x0000, 0x0000, 0x0000, 0x0000, 0xFFFF,
	0xFFFF, 0x0000, 0xFFFF, 0xFFFF, 0x0000, 0xFFFF, 0xFFFF, 0x0000, 0xFFFF,
	0xFFFF, 0xFFFF, 0x0000, 0xFFFF, 0xFFFF, 0x0000, 0xFFFF, 0x0000, 0x0000,
	0xFFFF, 0xFFFF, 0xFFFF, 0xFFFF, 0xFFFF, 0x0000, 0xFFFF, 0x0000, 0xFFFF,
	0xFFFF, 0x0000, 0xFFFF, 0xFFFF, 0x0000, 0x0000, 0x0000, 0x0000, 0x0000,
	0x0000, 0xFFFF, 0x0000, 0xFFFF, 0x0000, 0x0000, 0x0000, 0x0000, 0xFFFF,
	0xFFFF, 0x0000, 0xFFFF, 0xFFFF, 0x0000, 0x0000, 0x0000, 0x0000, 0x0000,
	0x0000, 0x0000, 0x0000, 0x0000, 0xFFFF, 0x0000, 0x0000, 0x0000, 0x0000,
	0x0000, 0x0000, 0x0000, 0xFFFF, 0xFFFF, 0x0000, 0x0000, 0x0000, 0x0000,
	0xFFFF, 0xFFFF, 0xFFFF, 0x0000, 0xFFFF, 0xFFFF, 0xFFFF, 0x0000, 0x0000,
	0x0000, 0x0000, 0xFFFF, 0x0000, 0xFFFF, 0xFFFF, 0xFFFF, 0xFFFF, 0x0000,
	0xC352, 0xC37D, 0xC3ED, 0xC488, 0xC534, 0xC5D9, 0xC65B, 0xC6A2, 0xC695,
	0xC54C, 0xC2E3, 0xC0C1, 0xC04A, 0xC14A, 0xC292, 0xC416, 0xC5C9, 0xC79E,
	0xC989, 0xCB7D, 0xCD6D, 0xCF4C, 0xD10E, 0xD2A6, 0xD407, 0xD55A, 0xD6BC,
	0xD80E, 0xD931, 0xDA03, 0xDA68, 0xDA3D, 0xD966, 0xD7FA, 0xD632, 0xD41D,
	0xD1C8, 0xCF41, 0xCC98, 0xC9DA, 0xC715, 0xC458, 0xC1B1, 0xBF2E, 0xBCDD,
	0xBACE, 0xB90D, 0xB7A9, 0xB6B1, 0xB624, 0xB5F0, 0xB60C, 0xB66D, 0xB70A,
	0xB7D8, 0xB8CC, 0xB9DE, 0xBB02, 0xBC2E, 0xBD59, 0xBE78, 0xBF81, 0xC069,
	0xC127, 0xC1B1, 0xC210, 0xC257, 0xC288, 0xC2A7, 0xC2B7, 0xC2BB, 0xC2B7,
	0xC2AC, 0xC29E, 0xC290, 0xC286, 0xC282,
},
{
	0x0001, 0x0000, 0x004D, 0x0001, 0x0001, 0x004E, 0x0001, 0x004F, 0x0001,
	0x0050, 0x0001, 0x0051, 0x0001, 0x0052, 0x0001, 0x0053, 0x004D, 0x0054,
	0x004D, 0x00A1, 0x004D, 0x00EE, 0x004D, 0x013B, 0x004D, 0x0188, 0x004D,
	0x01D5, 0x004D, 0x0222, 0x0001, 0x026F, 0x0001, 0x0270, 0x0001, 0x0271,
	0x0001, 0x0272, 0x0001, 0x0273, 0x0001, 0x0274, 0x004D, 0x0275, 0x004A,
	0x02C2, 0x0001, 0x030C, 0x004D, 0x030D, 0x0001, 0x035A, 0x0001, 0x035B,
	0x0001, 0x035C, 0x0001, 0x035D, 0x0001, 0x035E, 0x0001, 0x035F, 0x0001,
	0x0360, 0x0001, 0x0361, 0x0045, 0x0362, 0x004D, 0x03A7, 0x0001, 0x03F4,
	0x004C, 0x03F5, 0x0001, 0x0441, 0x0001, 0x0442, 0x004B, 0x0443, 0x004C,
	0x048E, 0x0025, 0x04DA, 0x004D, 0x04FF, 0x0040, 0x054C, 0x004D, 0x058C,
	0x004C, 0x05D9, 0x004C, 0x0625, 0x004D, 0x0671, 0x004A, 0x06BE, 0x004C,
	0x0708, 0x004D, 0x0754, 0x004A, 0x07A1, 0x0049, 0x07EB, 0x0001, 0x0834,
	0x004D, 0x0835, 0x004C, 0x0882, 0x004D, 0x08CE, 0x0048, 0x091B, 0x004C,
	0x0963, 0x004D, 0x09AF, 0x004C, 0x09FC, 0x004D, 0x0A48, 0x004D, 0x0A95,
})

CHAR_ANIM_GRAB_RUNNING = animation_register("hold_running", 0, 0, 0, 0, 71, {
    0x0000, 0x00C0, 0x00BD, 0x00B8, 0x00B4, 0x00B1, 0x00AF, 0x00AD, 0x00AB,
	0x00AC, 0x00AE, 0x00B0, 0x00B3, 0x00B7, 0x00BA, 0x00BE, 0x00C2, 0x00C5,
	0x00C8, 0x00CB, 0x00CE, 0x00D1, 0x00D3, 0x00D6, 0x00D8, 0x00D9, 0x00D9,
	0x00D9, 0x00D8, 0x00D7, 0x00D5, 0x00D2, 0x00D0, 0x00CD, 0x00CA, 0x00C8,
	0x00C5, 0x00C1, 0x00BD, 0x00B9, 0x00B5, 0x00B2, 0x00B0, 0x00AE, 0x00AD,
	0x00AC, 0x00AB, 0x00AB, 0x00AB, 0x00AC, 0x00AD, 0x00AF, 0x00B2, 0x00B6,
	0x00BC, 0x00C2, 0x00C6, 0x00CA, 0x00CD, 0x00CF, 0x00D2, 0x00D4, 0x00D6,
	0x00D8, 0x00D9, 0x00D9, 0x00D8, 0x00D5, 0x00D3, 0x00CF, 0x00CA, 0x00C5,
	0x00C3, 0x0000, 0x0000, 0x3FFF, 0x0000, 0x0000, 0x0000, 0x3A85, 0x3AA5,
	0x3AFB, 0x3B75, 0x3C01, 0x3C8C, 0x3D06, 0x3D5C, 0x3D7D, 0x3D7A, 0x3D70,
	0x3D60, 0x3D4B, 0x3D30, 0x3D11, 0x3CEE, 0x3CC8, 0x3CA0, 0x3C75, 0x3C49,
	0x3C1C, 0x3BEF, 0x3BC2, 0x3B96, 0x3B6C, 0x3B43, 0x3B1D, 0x3AFB, 0x3ADC,
	0x3AC2, 0x3AAC, 0x3A9C, 0x3A92, 0x3A8F, 0x3AAA, 0x3AF0, 0x3B55, 0x3BCD,
	0x3C4B, 0x3CC4, 0x3D2A, 0x3D71, 0x3D8D, 0x3D8D, 0x3D89, 0x3D7F, 0x3D72,
	0x3D61, 0x3D4C, 0x3D35, 0x3D1B, 0x3CFE, 0x3CDF, 0x3CBF, 0x3C9E, 0x3C7B,
	0x3C58, 0x3C34, 0x3C11, 0x3BEE, 0x3BCC, 0x3BAB, 0x3B8C, 0x3B6E, 0x3B53,
	0x3B3A, 0x3B24, 0x3B11, 0x3B02, 0x3AF6, 0x3AEF, 0x3AED, 0xEC09, 0xED00,
	0xEE15, 0xEF45, 0xF08E, 0xF1ED, 0xF360, 0xF4E4, 0xF678, 0xF818, 0xF9C2,
	0xFB75, 0xFD2C, 0xFEE7, 0x00A2, 0x025B, 0x0410, 0x05BE, 0x0763, 0x08FD,
	0x0A88, 0x0C03, 0x0D6B, 0x0EBE, 0x0FFA, 0x111B, 0x121F, 0x1305, 0x13C9,
	0x146A, 0x14E4, 0x1535, 0x155C, 0x1555, 0x1523, 0x14CD, 0x1453, 0x13B8,
	0x12FE, 0x1226, 0x1132, 0x1024, 0x0EFD, 0x0DC0, 0x0C6E, 0x0B09, 0x0993,
	0x080D, 0x067A, 0x04DB, 0x0332, 0x0180, 0xFFC8, 0xFE0B, 0xFC4C, 0xFA8B,
	0xF8CA, 0xF70D, 0xF553, 0xF39F, 0xF1F3, 0xF051, 0xEEBA, 0xED30, 0xEBB5,
	0xEA4A, 0xE8F2, 0xE7AF, 0xE681, 0xE56B, 0xE46F, 0xE38E, 0xFFFF, 0x0000,
	0x0000, 0x0000, 0xFFFF, 0xFFFF, 0x0000, 0xFFFF, 0x0000, 0x0000, 0xFFFF,
	0x0000, 0x0000, 0xFFFF, 0xFFFF, 0x0000, 0xFFFF, 0x0000, 0x0000, 0x0000,
	0xFFFF, 0xFFFF, 0xFFFF, 0xFFFF, 0x0000, 0x0000, 0x0000, 0x0000, 0x0000,
	0x0000, 0xFFFF, 0xFFFF, 0x0000, 0x0000, 0x0000, 0x0000, 0xFFFF, 0x0000,
	0x0000, 0x0000, 0xFFFF, 0x0000, 0x0000, 0xFFFF, 0x0000, 0x0000, 0xFFFF,
	0xFFFF, 0x0000, 0xFFFF, 0xFFFF, 0x0000, 0xFFFF, 0x0000, 0xFFFF, 0xFFFF,
	0xFFFF, 0xFFFF, 0xFFFF, 0x0000, 0x0000, 0xFFFF, 0xFFFF, 0xFFFF, 0xFFFF,
	0x0000, 0xFFFF, 0xFFFF, 0x0000, 0xFFFF, 0xFF6D, 0xFF84, 0xFFC0, 0x0014,
	0x0073, 0x00D0, 0x011E, 0x014F, 0x0156, 0x013F, 0x011F, 0x00F7, 0x00C8,
	0x0092, 0x0057, 0x0019, 0xFFD8, 0xFF94, 0xFF50, 0xFF0D, 0xFECB, 0xFE8B,
	0xFE4F, 0xFE17, 0xFDE5, 0xFDBA, 0xFD97, 0xFD7D, 0xFD6C, 0xFD67, 0xFD71,
	0xFD8E, 0xFDBB, 0xFDF5, 0xFE3A, 0xFE88, 0xFEDC, 0xFF34, 0xFF8E, 0xFFE6,
	0x003B, 0x008B, 0x00D2, 0x010E, 0x013E, 0x015E, 0x016D, 0x016D, 0x0166,
	0x0157, 0x0142, 0x0126, 0x0106, 0x00E0, 0x00B7, 0x008A, 0x005B, 0x002A,
	0xFFF8, 0xFFC5, 0xFF92, 0xFF60, 0xFF30, 0xFF02, 0xFED6, 0xFEAF, 0xFE8B,
	0xFE6D, 0xFE54, 0xFE41, 0xFE35, 0xFE31, 0x142B, 0x140F, 0x13BD, 0x1339,
	0x1287, 0x11A9, 0x10A4, 0x0F7A, 0x0E30, 0x0CC9, 0x0B49, 0x09B2, 0x0809,
	0x0651, 0x048E, 0x02C2, 0x00F2, 0xFF21, 0xFD53, 0xFB8B, 0xF9CD, 0xF81C,
	0xF67B, 0xF4EF, 0xF37B, 0xF221, 0xF0E7, 0xEFCF, 0xEEDC, 0xEE14, 0xED77,
	0xED0C, 0xECD4, 0xECD4, 0xED07, 0xED68, 0xEDF2, 0xEEA5, 0xEF7C, 0xF076,
	0xF190, 0xF2C8, 0xF41B, 0xF586, 0xF708, 0xF89C, 0xFA42, 0xFBF6, 0xFDB6,
	0xFF80, 0x0150, 0x0324, 0x04FB, 0x06D0, 0x08A2, 0x0A6F, 0x0C33, 0x0DEC,
	0x0F98, 0x1134, 0x12BD, 0x1432, 0x158F, 0x16D2, 0x17F8, 0x1900, 0x19E6,
	0x1AA7, 0x1B42, 0x1BB4, 0x1BFB, 0x1C13, 0xFFFF, 0xFFFF, 0x0000, 0x0000,
	0xFFFF, 0x0000, 0x0000, 0x0000, 0x0000, 0x0000, 0x0000, 0x0000, 0xFFFF,
	0xFFFF, 0xFFFF, 0x0000, 0x0000, 0x0000, 0x0000, 0xFFFF, 0xFFFF, 0x0000,
	0x0000, 0x0000, 0xFFFF, 0xFFFF, 0xFFFF, 0x0000, 0x0000, 0x0000, 0x0000,
	0xFFFF, 0x0000, 0x0000, 0xFFFF, 0xFFFF, 0xFFFF, 0xFFFF, 0x0000, 0xFFFF,
	0x0000, 0x0000, 0xFFFF, 0xFFFF, 0x0000, 0x0000, 0xFFFF, 0x0000, 0x0000,
	0x0000, 0xFFFF, 0x0000, 0xFFFF, 0xFFFF, 0xFFFF, 0xFFFF, 0xFFFF, 0xFFFF,
	0x0000, 0xFFFF, 0xFFFF, 0x0000, 0xFFFF, 0x0000, 0x0000, 0xFFFF, 0xFFFF,
	0x0000, 0xFFFF, 0x0000, 0xFFFF, 0x0188, 0x01A0, 0x01D8, 0x021E, 0x025D,
	0x029D, 0x02E8, 0x0324, 0x033A, 0x032D, 0x0316, 0x02F5, 0x02CF, 0x02A6,
	0x027C, 0x0255, 0x0233, 0x021A, 0x0205, 0x01F0, 0x01DB, 0x01C7, 0x01B5,
	0x01A5, 0x0197, 0x018D, 0x0186, 0x0184, 0x0187, 0x0190, 0x01A1, 0x01BA,
	0x01DB, 0x0202, 0x022C, 0x0259, 0x0286, 0x02B1, 0x02DA, 0x02FE, 0x031C,
	0x0331, 0x033D, 0x033E, 0x0336, 0x0326, 0x0310, 0x02F5, 0x02D6, 0x02B6,
	0x0295, 0x0276, 0x0259, 0x0241, 0x022E, 0x021E, 0x020F, 0x01FF, 0x01F0,
	0x01E1, 0x01D3, 0x01C5, 0x01B8, 0x01AB, 0x01A0, 0x0196, 0x018D, 0x0186,
	0x0180, 0x017B, 0x0178, 0x0177, 0xCB61, 0xEA25, 0x98CD, 0xFAB4, 0xD429,
	0xCCF5, 0x0000, 0x0000, 0xFFFF, 0xFFFF, 0x0000, 0x0000, 0xFFFF, 0x0000,
	0xFFFF, 0xFFFF, 0xFFFF, 0x0000, 0xFFFF, 0x0000, 0x0000, 0x0000, 0x0000,
	0xFFFF, 0xFFFF, 0x0000, 0x0000, 0x0000, 0x0000, 0xFFFF, 0xFFFF, 0xFFFF,
	0xFFFF, 0xFFFF, 0xFFFF, 0xFFFF, 0xFFFF, 0xFFFF, 0x0000, 0xFFFF, 0xFFFF,
	0xFFFF, 0x0000, 0xFFFF, 0xFFFF, 0x0000, 0xFFFF, 0xFFFF, 0xFFFF, 0x0000,
	0x0000, 0xFFFF, 0xFFFF, 0x0000, 0x0000, 0xFFFF, 0xFFFF, 0x0000, 0x0000,
	0xFFFF, 0x0000, 0x0000, 0xFFFF, 0xFFFF, 0x0000, 0x0000, 0xFFFF, 0xFFFF,
	0xFFFF, 0x0000, 0x0000, 0x0000, 0x0000, 0x0000, 0xFFFF, 0xFFFF, 0xFFFF,
	0xFFFF, 0xFFFF, 0xFFFF, 0xFFFF, 0x0000, 0xFFFF, 0xFFFF, 0xFFFF, 0xFFFF,
	0x0000, 0x0000, 0x0000, 0xFFFF, 0xFFFF, 0xFFFF, 0xFFFF, 0x0000, 0xFFFF,
	0x0000, 0xFFFF, 0xFFFF, 0x0000, 0x0000, 0xFFFF, 0xFFFF, 0xFFFF, 0xFFFF,
	0xFFFF, 0x0000, 0x0000, 0xFFFF, 0x0000, 0xFFFF, 0xFFFF, 0xFFFF, 0xFFFF,
	0xFFFF, 0x0000, 0x0000, 0x0000, 0x0000, 0x0000, 0x0000, 0xFFFF, 0xFFFF,
	0xFFFF, 0x0000, 0x0000, 0x0000, 0xFFFF, 0x0000, 0xFFFF, 0x0000, 0x0000,
	0xFFFF, 0xFFFF, 0x0000, 0x0000, 0xFFFF, 0xFFFF, 0xFFFF, 0xFFFF, 0xFFFF,
	0x0000, 0x0000, 0xFFFF, 0xFFFF, 0x0000, 0xE065, 0x0000, 0x0000, 0x0000,
	0xFFFF, 0x0000, 0xFFFF, 0xFFFF, 0xFFFF, 0x0000, 0xFFFF, 0x0000, 0xFFFF,
	0xFFFF, 0xFFFF, 0xFFFF, 0x0000, 0x0000, 0x0000, 0xFFFF, 0xFFFF, 0xFFFF,
	0xFFFF, 0xFFFF, 0x0000, 0x0000, 0xFFFF, 0xFFFF, 0x0000, 0xFFFF, 0x0000,
	0xFFFF, 0xFFFF, 0x0000, 0x0000, 0xFFFF, 0xFFFF, 0x0000, 0xFFFF, 0xFFFF,
	0xFFFF, 0x0000, 0xFFFF, 0x0000, 0xFFFF, 0x0000, 0x0000, 0x0000, 0x0000,
	0xFFFF, 0x0000, 0xFFFF, 0x0000, 0xFFFF, 0xFFFF, 0x0000, 0xFFFF, 0xFFFF,
	0xFFFF, 0x0000, 0x0000, 0x0000, 0xFFFF, 0x0000, 0x0000, 0x0000, 0x0000,
	0xFFFF, 0x0000, 0xFFFF, 0x0000, 0xEF23, 0xF548, 0x349E, 0x15DA, 0x98CD,
	0x054B, 0x2BD6, 0xCCF5, 0xFFFF, 0x0000, 0x0000, 0xFFFF, 0x0000, 0xFFFF,
	0xFFFF, 0x0000, 0xFFFF, 0x0000, 0x0000, 0xFFFF, 0xFFFF, 0x0000, 0xFFFF,
	0xFFFF, 0xFFFF, 0xFFFF, 0x0000, 0x0000, 0x0000, 0xFFFF, 0x0000, 0x0000,
	0xFFFF, 0xFFFF, 0xFFFF, 0x0000, 0x0000, 0xFFFF, 0xFFFF, 0x0000, 0xFFFF,
	0xFFFF, 0xFFFF, 0xFFFF, 0x0000, 0x0000, 0x0000, 0xFFFF, 0x0000, 0xFFFF,
	0x0000, 0xFFFF, 0x0000, 0xFFFF, 0x0000, 0xFFFF, 0x0000, 0xFFFF, 0xFFFF,
	0x0000, 0xFFFF, 0x0000, 0x0000, 0xFFFF, 0xFFFF, 0x0000, 0x0000, 0x0000,
	0x0000, 0xFFFF, 0xFFFF, 0x0000, 0xFFFF, 0x0000, 0xFFFF, 0xFFFF, 0xFFFF,
	0xFFFF, 0x0000, 0xFFFF, 0x0000, 0xFFFF, 0xFFFF, 0x0000, 0xFFFF, 0xFFFF,
	0xFFFF, 0xFFFF, 0xFFFF, 0x0000, 0x0000, 0xFFFF, 0xFFFF, 0xFFFF, 0x0000,
	0xFFFF, 0xFFFF, 0xFFFF, 0xFFFF, 0xFFFF, 0xFFFF, 0x0000, 0xFFFF, 0xFFFF,
	0xFFFF, 0x0000, 0xFFFF, 0xFFFF, 0xFFFF, 0x0000, 0xFFFF, 0xFFFF, 0xFFFF,
	0x0000, 0xFFFF, 0xFFFF, 0x0000, 0x0000, 0x0000, 0xFFFF, 0x0000, 0xFFFF,
	0xFFFF, 0xFFFF, 0x0000, 0xFFFF, 0x0000, 0x0000, 0xFFFF, 0xFFFF, 0xFFFF,
	0x0000, 0x0000, 0xFFFF, 0x0000, 0x0000, 0xFFFF, 0x0000, 0xFFFF, 0xFFFF,
	0xFFFF, 0xFFFF, 0x0000, 0xFFFF, 0x0000, 0xFFFF, 0xFFFF, 0xFFFF, 0x0000,
	0x0000, 0xFFFF, 0xE065, 0xFFFF, 0xFFFF, 0x0000, 0xFFFF, 0x0000, 0x0000,
	0x0000, 0xFFFF, 0xFFFF, 0x0000, 0xFFFF, 0x0000, 0x0000, 0x0000, 0x0000,
	0x0000, 0xFFFF, 0x0000, 0x0000, 0x0000, 0x0000, 0x0000, 0xFFFF, 0xFFFF,
	0x0000, 0x0000, 0xFFFF, 0xFFFF, 0x0000, 0x0000, 0x0000, 0x0000, 0x0000,
	0xFFFF, 0xFFFF, 0x0000, 0x0000, 0xFFFF, 0x0000, 0xFFFF, 0x0000, 0x0000,
	0xFFFF, 0x0000, 0x0000, 0xFFFF, 0x0000, 0xFFFF, 0x0000, 0x0000, 0xFFFF,
	0x0000, 0x0000, 0xFFFF, 0xFFFF, 0xFFFF, 0xFFFF, 0xFFFF, 0xFFFF, 0x0000,
	0xFFFF, 0xFFFF, 0x0000, 0xFFFF, 0xFFFF, 0xFFFF, 0xFFFF, 0xFFFF, 0x0000,
	0x0000, 0xFFFF, 0x10DC, 0xF548, 0xFFFF, 0x0000, 0x0000, 0xFFFF, 0xFFFF,
	0x0000, 0x0000, 0xFFFF, 0xFFFF, 0xFFFF, 0xFFFF, 0x0000, 0x0000, 0xFFFF,
	0xFFFF, 0xFFFF, 0xFFFF, 0xFFFF, 0xFFFF, 0xFFFF, 0x0000, 0xFFFF, 0xFFFF,
	0x0000, 0xFFFF, 0x0000, 0xFFFF, 0xFFFF, 0x0000, 0x0000, 0x0000, 0xFFFF,
	0x0000, 0xFFFF, 0xFFFF, 0xFFFF, 0xFFFF, 0x0000, 0x0000, 0xFFFF, 0xFFFF,
	0xFFFF, 0x0000, 0x0000, 0xFFFF, 0xFFFF, 0x0000, 0x0000, 0xFFFF, 0xFFFF,
	0x0000, 0xFFFF, 0x0000, 0xFFFF, 0x0000, 0x0000, 0x0000, 0x0000, 0x0000,
	0xFFFF, 0x0000, 0xFFFF, 0xFFFF, 0xFFFF, 0xFFFF, 0xFFFF, 0x0000, 0x0000,
	0xFFFF, 0xFFFF, 0xFFFF, 0x0000, 0x0000, 0xFF5A, 0xFDA5, 0xFB3A, 0xF876,
	0xF5B1, 0xF347, 0xF192, 0xF0EC, 0xF122, 0xF1BA, 0xF2A4, 0xF3D0, 0xF530,
	0xF6B2, 0xF848, 0xF9E2, 0xFB71, 0xFCE4, 0xFE2D, 0xFF3B, 0xFFFF, 0x0081,
	0x00D6, 0x0104, 0x0111, 0x0106, 0x00E7, 0x00BB, 0x0088, 0x0056, 0x002A,
	0x000B, 0xFFFF, 0x0000, 0x0000, 0x0000, 0x0000, 0x0000, 0xFFFF, 0x0000,
	0x0000, 0xFFFF, 0xFFFF, 0x0000, 0xFFFF, 0xFFFF, 0xFFFF, 0xFFFF, 0xFFFF,
	0xFFFF, 0xFFFF, 0xFFFF, 0x0000, 0xFFFF, 0x0000, 0xFFFF, 0x0000, 0x0000,
	0x0000, 0x0000, 0x0000, 0x0000, 0x0000, 0x0000, 0x0000, 0xFFFF, 0xFFFF,
	0x0000, 0x0000, 0xFFFF, 0x0000, 0xC5E3, 0xC5F0, 0xC601, 0xC5F3, 0xC5A7,
	0xC4FA, 0xC3CA, 0xC1F7, 0xBF5E, 0xBBFF, 0xB804, 0xB38B, 0xAEB5, 0xA9A0,
	0xA46B, 0x9F36, 0x9A20, 0x9547, 0x90CB, 0x8CCB, 0x8967, 0x86BC, 0x84D6,
	0x8398, 0x82EB, 0x82B7, 0x82E3, 0x8358, 0x83FD, 0x84BA, 0x8577, 0x861B,
	0x8690, 0x86BC, 0x00D0, 0x002B, 0xFE78, 0xFC0D, 0xF944, 0xF675, 0xF3F8,
	0xF225, 0xF155, 0xF151, 0xF1A1, 0xF239, 0xF30D, 0xF40E, 0xF531, 0xF66A,
	0xF7AB, 0xF8E9, 0xFA16, 0xFB26, 0xFC0D, 0xFCBD, 0xFD31, 0xFD71, 0xFD89,
	0xFD84, 0xFD6D, 0xFD4F, 0xFD34, 0xFD29, 0xFD1A, 0xFCF6, 0xFCD2, 0xFCBD,
	0xFCB8, 0xFCB4, 0xFCB2, 0xFCB1, 0xFCB1, 0xFCB2, 0xFCB3, 0xFCB5, 0xFCB8,
	0xFCBA, 0xFCBB, 0xFCBD, 0xFCBD, 0xFCBA, 0xFCB3, 0xFCA8, 0xFC9C, 0xFC90,
	0xFC85, 0xFC7D, 0xFC7A, 0xFC7E, 0xFC89, 0xFC9E, 0xFCBD, 0xFCED, 0xFD2F,
	0xFD7F, 0xFDD9, 0xFE3A, 0xFE9E, 0xFF00, 0xFF5E, 0xFFB4, 0xFFFD, 0x0036,
	0x005B, 0x0068, 0xFFFF, 0x0006, 0x0014, 0x0026, 0x0036, 0x0040, 0x003D,
	0x002A, 0xFFFF, 0xFFC2, 0xFF77, 0xFF23, 0xFEC6, 0xFE64, 0xFDFE, 0xFD96,
	0xFD2F, 0xFCCB, 0xFC6C, 0xFC15, 0xFBC7, 0xFB84, 0xFB52, 0xFB30, 0xFB1D,
	0xFB14, 0xFB13, 0xFB16, 0xFB1A, 0xFB1C, 0xFB22, 0xFB34, 0xFB54, 0xFB84,
	0xFBC0, 0xFC01, 0xFC47, 0xFC90, 0xFCDB, 0xFD25, 0xFD6F, 0xFDB7, 0xFDFA,
	0xFE39, 0xFE70, 0xFEA0, 0xFEC7, 0xFEE3, 0xFEF5, 0xFEFF, 0xFF02, 0xFEFF,
	0xFEF9, 0xFEEF, 0xFEE4, 0xFED9, 0xFED0, 0xFEC9, 0xFEC7, 0xCE22, 0xCD35,
	0xCAC2, 0xC745, 0xC33B, 0xBF21, 0xBB74, 0xB8AF, 0xB751, 0xB711, 0xB749,
	0xB7E6, 0xB8D6, 0xBA04, 0xBB5F, 0xBCD4, 0xBE4F, 0xBFBE, 0xC10F, 0xC22D,
	0xC307, 0xC38A, 0xC38B, 0xC308, 0xC22A, 0xC117, 0xBFF8, 0xBEF5, 0xBE35,
	0xBDE1, 0xBE24, 0xBF0A, 0xC092, 0xC2B9, 0xC541, 0xC7E7, 0xCAA7, 0xCD7B,
	0xD05E, 0xD34A, 0xD63A, 0xD928, 0xDC10, 0xDEEB, 0xE1B4, 0xE466, 0xE6FC,
	0xE981, 0xEC02, 0xEE7D, 0xF0EF, 0xF355, 0xF5AD, 0xF7F2, 0xFA23, 0xFC3D,
	0xFE3C, 0x001E, 0x01E0, 0x0394, 0x0549, 0x06F9, 0x089D, 0x0A30, 0x0BAB,
	0x0D08, 0x0E40, 0x0F4E, 0x102A, 0x10D0, 0x1137, 0x115B, 0x0000, 0x0000,
	0xFFFF, 0x0000, 0xFFFF, 0xFFFF, 0xFFFF, 0xFFFF, 0xFFFF, 0x0000, 0xFFFF,
	0xFFFF, 0x0000, 0xFFFF, 0xFFFF, 0x0000, 0x0000, 0x0000, 0x0000, 0x0000,
	0xFFFF, 0x0000, 0x0000, 0xFFFF, 0x0000, 0x0000, 0xFFFF, 0x0000, 0x0000,
	0xFFFF, 0x0000, 0xFFFF, 0xFFFF, 0xFFFF, 0xFFFF, 0x0000, 0xFFFF, 0x0000,
	0x0000, 0x0000, 0x0000, 0x0000, 0x0000, 0x0000, 0x0000, 0x0000, 0x0000,
	0x0000, 0x0000, 0xFFFF, 0xFFFF, 0xFFFF, 0xFFFF, 0xFFFF, 0x0000, 0x0000,
	0xFFFF, 0xFFFF, 0xFFFF, 0x0000, 0xFFFF, 0xFFFF, 0xFFFF, 0x0000, 0xFFFF,
	0x0000, 0xFFFF, 0x0000, 0xFFFF, 0x0000, 0x0000, 0x0000, 0x0000, 0x0000,
	0xFFFF, 0x0000, 0x0000, 0xFFFF, 0xFFFF, 0xFFFF, 0x0000, 0x0000, 0xFFFF,
	0x0000, 0x0000, 0xFFFF, 0xFFFF, 0xFFFF, 0xFFFF, 0x0000, 0xFFFF, 0x0000,
	0x0000, 0x0000, 0xFFFF, 0xFFFF, 0xFFFF, 0xFFFF, 0xFFFF, 0xFFFF, 0xFFFF,
	0x0000, 0xFFFF, 0x0000, 0x0000, 0xFFFF, 0xFFFF, 0xFFFF, 0x0000, 0xFFFF,
	0xFFFF, 0x0000, 0xFFFF, 0x0000, 0xFFFF, 0xFFFF, 0x0000, 0x0000, 0x0000,
	0xFFFF, 0x0000, 0xFFFF, 0xFFFF, 0xFFFF, 0x0000, 0x0000, 0xFFFF, 0xFFFF,
	0xFFFF, 0xFFFF, 0x0000, 0x0000, 0xFFFF, 0x0000, 0x0000, 0x0000, 0xFFFF,
	0x0000, 0xFFFF, 0x3C70, 0x3CE6, 0x3E1E, 0x3FD9, 0x41D7, 0x43D8, 0x459C,
	0x46E4, 0x4770, 0x4793, 0x47C1, 0x47ED, 0x480B, 0x480F, 0x47EB, 0x4793,
	0x46FA, 0x4614, 0x44D4, 0x432D, 0x4113, 0x3E79, 0x3A5E, 0x343D, 0x2CC6,
	0x24AC, 0x1C9C, 0x1549, 0x0F62, 0x0B97, 0x0CE3, 0x132E, 0x1A8E, 0x1F1A,
	0x20D2, 0x2255, 0x23A7, 0x24CC, 0x25CA, 0x26A4, 0x275E, 0x27FD, 0x2885,
	0x28FB, 0x2963, 0x29C2, 0x2A1A, 0x2A4E, 0x2A43, 0x2A06, 0x29A4, 0x292C,
	0x28A9, 0x282A, 0x27BA, 0x2769, 0x2742, 0x2752, 0x27A8, 0x2852, 0x294B,
	0x2A82, 0x2BE8, 0x2D6C, 0x2EFF, 0x3090, 0x3210, 0x336E, 0x349A, 0x3585,
	0x361D, 0x3653, 0x0000, 0xFFFF, 0x0000, 0x0000, 0xFFFF, 0x0000, 0x0000,
	0xFFFF, 0x0000, 0xFFFF, 0x0000, 0xFFFF, 0x0000, 0x0000, 0x0000, 0xFFFF,
	0xFFFF, 0xFFFF, 0x0000, 0xFFFF, 0x0000, 0xFFFF, 0x0000, 0x0000, 0xFFFF,
	0x0000, 0x0000, 0x0000, 0x0000, 0x0000, 0x0000, 0xFFFF, 0x0000, 0xFFFF,
	0xFFFF, 0x0000, 0xFFFF, 0x0000, 0x0000, 0x0000, 0x0000, 0x0000, 0xFFFF,
	0xFFFF, 0x0000, 0x0000, 0xFFFF, 0x0000, 0xFFFF, 0xFFFF, 0x0000, 0x0000,
	0x0000, 0x0000, 0x0000, 0xFFFF, 0x0000, 0xFFFF, 0x0000, 0xFFFF, 0xFFFF,
	0xFFFF, 0xFFFF, 0x0000, 0x0000, 0x0000, 0xFFFF, 0xFFFF, 0xFFFF, 0x0000,
	0xFFFF, 0x0000, 0x0000, 0xFFFF, 0xFFFF, 0xFFFF, 0xFFFF, 0xFFFF, 0xFFFF,
	0x0000, 0x0000, 0xFFFF, 0xFFFF, 0x0000, 0x0000, 0x0000, 0x0000, 0xFFFF,
	0x0000, 0xFFFF, 0x0000, 0xFFFF, 0x0000, 0xFFFF, 0xFFFF, 0x0000, 0xFFFF,
	0x0000, 0x0000, 0xFFFF, 0xFFFF, 0x0000, 0x0000, 0x0000, 0xFFFF, 0xFFFF,
	0x0000, 0x0000, 0x0000, 0x0000, 0xFFFF, 0x0000, 0xFFFF, 0x0000, 0x0000,
	0xFFFF, 0x0000, 0x0000, 0xFFFF, 0xFFFF, 0xFFFF, 0xFFFF, 0x0000, 0x0000,
	0xFFFF, 0x0000, 0x0000, 0x0000, 0xFFFF, 0xFFFF, 0x0000, 0x0000, 0x0000,
	0xFFFF, 0x0000, 0xFFFF, 0xFFFF, 0xFFFF, 0x0000, 0xFFFF, 0x0000, 0xFFFF,
	0xD749, 0xD6C5, 0xD560, 0xD35A, 0xD0F0, 0xCE60, 0xCBE8, 0xC9C5, 0xC836,
	0xC709, 0xC5E6, 0xC4CF, 0xC3C6, 0xC2CE, 0xC1E9, 0xC119, 0xC060, 0xBFC0,
	0xBF3C, 0xBED7, 0xBE91, 0xBE6F, 0xBE8E, 0xBF01, 0xBFB7, 0xC09E, 0xC1A5,
	0xC2BA, 0xC3CC, 0xC4C9, 0xC5A1, 0xC641, 0xC698, 0xC695, 0xC621, 0xC540,
	0xC40B, 0xC296, 0xC0F9, 0xBF4B, 0xBDA3, 0xBC17, 0xBABE, 0xB9B0, 0xB901,
	0xB8CB, 0xB923, 0xBA29, 0xBBD8, 0xBE13, 0xC0BB, 0xC3B1, 0xC6D6, 0xCA0C,
	0xCD33, 0xD02E, 0xD2DE, 0xD524, 0xD6E1, 0xD833, 0xD951, 0xDA3F, 0xDB01,
	0xDB9B, 0xDC12, 0xDC6C, 0xDCAB, 0xDCD4, 0xDCED, 0xDCF9, 0xDCFD, 0x0000,
	0xFFFF, 0x0000, 0x0000, 0xFFFF, 0xFFFF, 0x0000, 0x0000, 0x0000, 0xFFFF,
	0xFFFF, 0x0000, 0xFFFF, 0x0000, 0x0000, 0xFFFF, 0xFFFF, 0xFFFF, 0xFFFF,
	0x0000, 0x0000, 0x0000, 0xFFFF, 0x0000, 0x0000, 0x0000, 0xFFFF, 0x0000,
	0x0000, 0x0000, 0x0000, 0xFFFF, 0x0000, 0x0000, 0x0000, 0x0000, 0xFFFF,
	0x0000, 0xFFFF, 0x0000, 0x0000, 0x0000, 0x0000, 0x0000, 0x0000, 0xFFFF,
	0x0000, 0xFFFF, 0xFFFF, 0xFFFF, 0x0000, 0xFFFF, 0x0000, 0xFFFF, 0xFFFF,
	0xFFFF, 0x0000, 0x0000, 0xFFFF, 0x0000, 0x0000, 0x0000, 0xFFFF, 0x0000,
	0x0000, 0x0000, 0xFFFF, 0xFFFF, 0x0000, 0xFFFF, 0x0000, 0x0000, 0x0000,
	0x0000, 0x0000, 0xFFFF, 0xFFFF, 0x0000, 0x0000, 0xFFFF, 0xFFFF, 0x0000,
	0x0000, 0xFFFF, 0xFFFF, 0x0000, 0x0000, 0x0000, 0x0000, 0xFFFF, 0x0000,
	0xFFFF, 0x0000, 0xFFFF, 0x0000, 0x0000, 0xFFFF, 0xFFFF, 0x0000, 0xFFFF,
	0x0000, 0x0000, 0xFFFF, 0x0000, 0x0000, 0x0000, 0x0000, 0x0000, 0x0000,
	0xFFFF, 0xFFFF, 0x0000, 0x0000, 0x0000, 0x0000, 0x0000, 0xFFFF, 0x0000,
	0xFFFF, 0xFFFF, 0x0000, 0x0000, 0xFFFF, 0xFFFF, 0x0000, 0xFFFF, 0xFFFF,
	0x0000, 0xFFFF, 0xFFFF, 0x0000, 0xFFFF, 0x0000, 0x0000, 0x0000, 0x0000,
	0x0000, 0xFFFF, 0xFFFF, 0xFFFF, 0x0000, 0xBF5E, 0x0068, 0x0000, 0xFFF4,
	0xFFD4, 0xFFA7, 0xFF72, 0xFF3B, 0xFF08, 0xFEE0, 0xFEC7, 0xFEBA, 0xFEB1,
	0xFEAC, 0xFEAA, 0xFEAA, 0xFEAD, 0xFEB0, 0xFEB5, 0xFEBA, 0xFEBF, 0xFEC3,
	0xFEC6, 0xFEC7, 0x8B50, 0x8C33, 0x8E99, 0x921E, 0x9660, 0x9AFB, 0x9F8D,
	0xA3B1, 0xA705, 0xA9BE, 0xAC56, 0xAED1, 0xB136, 0xB387, 0xB5CA, 0xB803,
	0xBA37, 0xBC6B, 0xBEA3, 0xC0E4, 0xC333, 0xC593, 0xC830, 0xCB14, 0xCE18,
	0xD113, 0xD3DD, 0xD64D, 0xD83B, 0xD97F, 0xD909, 0xD6A5, 0xD373, 0xD094,
	0xCE4A, 0xCC14, 0xC9EA, 0xC7C5, 0xC59C, 0xC368, 0xC120, 0xBEBD, 0xBC37,
	0xB946, 0xB5F5, 0xB2B6, 0xAFFC, 0xADAA, 0xAB5B, 0xA90F, 0xA6C6, 0xA482,
	0xA244, 0xA00C, 0x9DDD, 0x9BB6, 0x9999, 0x9786, 0x9580, 0x9366, 0x9121,
	0x8EC1, 0x8C54, 0x89EA, 0x8790, 0x8557, 0x834D, 0x8180, 0x8001, 0x7EDC,
	0x7E21, 0x7DE0, 0x0000, 0xFFFF, 0x0000, 0xFFFF, 0xFFFF, 0xFFFF, 0x0000,
	0xFFFF, 0xFFFF, 0x0000, 0x0000, 0x0000, 0x0000, 0xFFFF, 0x0000, 0x0000,
	0x0000, 0x0000, 0xFFFF, 0x0000, 0x0000, 0xFFFF, 0x0000, 0xFFFF, 0xFFFF,
	0x0000, 0xFFFF, 0xFFFF, 0xFFFF, 0xFFFF, 0xFFFF, 0xFFFF, 0xFFFF, 0x0000,
	0xFFFF, 0xFFFF, 0xFFFF, 0xFFFF, 0xFFFF, 0x0000, 0xFFFF, 0xFFFF, 0xFFFF,
	0x0000, 0x0000, 0x0000, 0xFFFF, 0xFFFF, 0x0000, 0xFFFF, 0xFFFF, 0x0000,
	0xFFFF, 0xFFFF, 0x0000, 0xFFFF, 0x0000, 0x0000, 0x0000, 0xFFFF, 0xFFFF,
	0xFFFF, 0xFFFF, 0xFFFF, 0x0000, 0xFFFF, 0x0000, 0xFFFF, 0x0000, 0xFFFF,
	0x0000, 0xFFFF, 0xFFFF, 0x0000, 0xFFFF, 0x0000, 0x0000, 0x0000, 0x0000,
	0xFFFF, 0xFFFF, 0xFFFF, 0x0000, 0x0000, 0xFFFF, 0xFFFF, 0x0000, 0xFFFF,
	0x0000, 0x0000, 0xFFFF, 0xFFFF, 0x0000, 0x0000, 0x0000, 0x0000, 0x0000,
	0x0000, 0x0000, 0xFFFF, 0x0000, 0x0000, 0x0000, 0x0000, 0x0000, 0x0000,
	0x0000, 0x0000, 0x0000, 0x0000, 0xFFFF, 0xFFFF, 0x0000, 0x0000, 0xFFFF,
	0x0000, 0x0000, 0x0000, 0xFFFF, 0xFFFF, 0x0000, 0xFFFF, 0xFFFF, 0x0000,
	0xFFFF, 0x0000, 0xFFFF, 0x0000, 0xFFFF, 0xFFFF, 0x0000, 0x0000, 0xFFFF,
	0xFFFF, 0x0000, 0x0000, 0xFFFF, 0xFFFF, 0x0000, 0x0000, 0x0000, 0xFFFF,
	0x0000, 0xFFFF, 0x1B99, 0x1BF7, 0x1CF1, 0x1E56, 0x1FF5, 0x219B, 0x2317,
	0x2439, 0x24CE, 0x24E3, 0x24AF, 0x243F, 0x23A6, 0x22F1, 0x2230, 0x2173,
	0x20CA, 0x2043, 0x1FEF, 0x1FDC, 0x201B, 0x20BB, 0x220F, 0x2439, 0x2700,
	0x2A2A, 0x2D7E, 0x30C2, 0x33BE, 0x3638, 0x3816, 0x3981, 0x3AA1, 0x3B9F,
	0x3C9D, 0x3D9F, 0x3EA1, 0x3FA1, 0x409D, 0x4191, 0x427C, 0x435B, 0x442A,
	0x44E8, 0x4592, 0x4625, 0x469F, 0x471F, 0x47BC, 0x4866, 0x490C, 0x499F,
	0x4A0E, 0x4A49, 0x4A41, 0x49E5, 0x4924, 0x47F0, 0x4637, 0x43AC, 0x402F,
	0x3BF2, 0x3728, 0x3206, 0x2CBE, 0x2784, 0x228B, 0x1E07, 0x1A2A, 0x1728,
	0x1534, 0x1482, 0x0000, 0x0000, 0x0000, 0x0000, 0xFFFF, 0xFFFF, 0x0000,
	0xFFFF, 0x0000, 0x0000, 0x0000, 0x0000, 0xFFFF, 0xFFFF, 0x0000, 0x0000,
	0x0000, 0xFFFF, 0x0000, 0x0000, 0xFFFF, 0xFFFF, 0xFFFF, 0x0000, 0x0000,
	0x0000, 0x0000, 0x0000, 0x0000, 0x0000, 0xFFFF, 0xFFFF, 0xFFFF, 0xFFFF,
	0xFFFF, 0x0000, 0xFFFF, 0x0000, 0xFFFF, 0x0000, 0x0000, 0xFFFF, 0xFFFF,
	0x0000, 0xFFFF, 0xFFFF, 0x0000, 0x0000, 0x0000, 0xFFFF, 0xFFFF, 0xFFFF,
	0xFFFF, 0x0000, 0x0000, 0xFFFF, 0x0000, 0xFFFF, 0xFFFF, 0xFFFF, 0xFFFF,
	0xFFFF, 0x0000, 0xFFFF, 0xFFFF, 0xFFFF, 0xFFFF, 0xFFFF, 0x0000, 0xFFFF,
	0x0000, 0xFFFF, 0xFFFF, 0x0000, 0x0000, 0x0000, 0x0000, 0xFFFF, 0x0000,
	0x0000, 0xFFFF, 0xFFFF, 0xFFFF, 0x0000, 0xFFFF, 0x0000, 0x0000, 0xFFFF,
	0x0000, 0x0000, 0x0000, 0x0000, 0x0000, 0x0000, 0xFFFF, 0xFFFF, 0xFFFF,
	0xFFFF, 0xFFFF, 0x0000, 0x0000, 0x0000, 0x0000, 0x0000, 0xFFFF, 0x0000,
	0x0000, 0xFFFF, 0xFFFF, 0x0000, 0xFFFF, 0xFFFF, 0x0000, 0xFFFF, 0xFFFF,
	0xFFFF, 0xFFFF, 0xFFFF, 0xFFFF, 0x0000, 0x0000, 0x0000, 0x0000, 0x0000,
	0xFFFF, 0x0000, 0xFFFF, 0x0000, 0x0000, 0xFFFF, 0xFFFF, 0xFFFF, 0xFFFF,
	0x0000, 0x0000, 0x0000, 0xFFFF, 0xFFFF, 0xFFFF, 0xFFFF, 0xFFFF, 0x0000,
	0xC352, 0xC360, 0xC388, 0xC3CA, 0xC427, 0xC49D, 0xC52C, 0xC5D4, 0xC695,
	0xC76D, 0xC859, 0xC957, 0xCA62, 0xCB77, 0xCC94, 0xCDB4, 0xCED4, 0xCFF2,
	0xD109, 0xD216, 0xD317, 0xD407, 0xD4E3, 0xD5AC, 0xD665, 0xD70F, 0xD7AF,
	0xD846, 0xD8D8, 0xD966, 0xDA6D, 0xDBB6, 0xDC3B, 0xDAF4, 0xD825, 0xD4D5,
	0xD120, 0xCD24, 0xC8FE, 0xC4CA, 0xC0A5, 0xBCAC, 0xB8FD, 0xB5B3, 0xB2ED,
	0xB0C6, 0xAF5C, 0xAED0, 0xAF1A, 0xB017, 0xB1A3, 0xB39C, 0xB5DD, 0xB845,
	0xBAAF, 0xBCF8, 0xBEFE, 0xC09D, 0xC1B1, 0xC25B, 0xC2D7, 0xC329, 0xC357,
	0xC369, 0xC362, 0xC349, 0xC325, 0xC2F9, 0xC2CE, 0xC2A7, 0xC28C, 0xC282,
},
{
    0x0001, 0x0000, 0x0048, 0x0001, 0x0001, 0x0049, 0x0001, 0x004A, 0x0001,
	0x004B, 0x0001, 0x004C, 0x0001, 0x004D, 0x0001, 0x004E, 0x0048, 0x004F,
	0x0048, 0x0097, 0x0046, 0x00DF, 0x0048, 0x0125, 0x0048, 0x016D, 0x0047,
	0x01B5, 0x0048, 0x01FC, 0x0001, 0x0244, 0x0001, 0x0245, 0x0001, 0x0246,
	0x0001, 0x0247, 0x0001, 0x0248, 0x0001, 0x0249, 0x0045, 0x024A, 0x0046,
	0x028F, 0x0001, 0x02D5, 0x0046, 0x02D6, 0x0001, 0x031C, 0x0001, 0x031D,
	0x0001, 0x031E, 0x0001, 0x031F, 0x0001, 0x0320, 0x0001, 0x0321, 0x0001,
	0x0322, 0x0001, 0x0323, 0x0048, 0x0324, 0x0047, 0x036C, 0x0001, 0x03B3,
	0x0047, 0x03B4, 0x0001, 0x03FB, 0x0001, 0x03FC, 0x0048, 0x03FD, 0x0048,
	0x0445, 0x0022, 0x048D, 0x0048, 0x04AF, 0x003B, 0x04F7, 0x0048, 0x0532,
	0x0043, 0x057A, 0x0048, 0x05BD, 0x0048, 0x0605, 0x0046, 0x064D, 0x0048,
	0x0693, 0x0047, 0x06DB, 0x0047, 0x0722, 0x0046, 0x0769, 0x0001, 0x07AF,
	0x0001, 0x07B0, 0x0016, 0x07B1, 0x0048, 0x07C7, 0x0048, 0x080F, 0x0048,
	0x0857, 0x0048, 0x089F, 0x0047, 0x08E7, 0x0047, 0x092E, 0x0048, 0x0975,
})

CHAR_ANIM_GRAB_SINGLE_JUMP = animation_register("hold_jumping", 1, 0, 0, 0, 9, {
	0x0000, 0x009A, 0x009D, 0x00A0, 0x00A3, 0x00A6, 0x00A9, 0x00AB, 0x00AD,
	0x00AF, 0x00B1, 0xFFFF, 0xFFFF, 0xFFFF, 0xFFFF, 0xFFFF, 0x0000, 0x0000,
	0x3FFF, 0x0000, 0xFFFF, 0xFFFF, 0xFFFF, 0x0000, 0x0000, 0x4B4B, 0x4971,
	0x452F, 0x3FDB, 0x3ACA, 0x3754, 0x3602, 0x3607, 0x36B3, 0x3754, 0x0000,
	0x0000, 0xFFFF, 0x0000, 0xFFFF, 0x0000, 0xFFFF, 0x0000, 0x0000, 0x0000,
	0xFFFF, 0x0000, 0xFFFF, 0xFFFF, 0xFFFF, 0x0000, 0x03DF, 0x0286, 0xFEE4,
	0xFA38, 0xF5BE, 0xF2B4, 0xF128, 0xF07C, 0xF0EC, 0xF2B4, 0x0000, 0x0000,
	0x0000, 0x0000, 0xFFFF, 0x0000, 0xFFFF, 0xFFFF, 0x0000, 0xFFFF, 0xFFFF,
	0xFFFF, 0x0000, 0xFFFF, 0x0000, 0xFFFF, 0xFFFF, 0x0000, 0x1113, 0x118B,
	0x11FE, 0x1267, 0x12C3, 0x130C, 0x1389, 0x141B, 0x1426, 0x130C, 0xCB61,
	0xEA25, 0x98CD, 0xFAB4, 0xFC99, 0x0199, 0x08A9, 0x10C2, 0x18DB, 0x1FEB,
	0x24EA, 0x26CF, 0xD429, 0xD50E, 0xD768, 0xDABC, 0xDE8C, 0xE25C, 0xE5B0,
	0xE80A, 0xE8EF, 0xCCF5, 0xCBDA, 0xC8EF, 0xC4D0, 0xC016, 0xBB5B, 0xB73C,
	0xB451, 0xB336, 0xFFFF, 0x0000, 0xFFFF, 0xFFFF, 0x0000, 0xFFFF, 0xFFFF,
	0xFFFF, 0x0000, 0x0000, 0xFFFF, 0xFFFF, 0xFFFF, 0x0000, 0xFFFF, 0xFFFF,
	0xFFFF, 0xFFFF, 0x0000, 0xE065, 0x0000, 0xFFFF, 0x0000, 0x0000, 0xFFFF,
	0xFFFF, 0xFFFF, 0xFFFF, 0xFFFF, 0x0000, 0xEF23, 0xF548, 0x349E, 0x15DA,
	0x98CD, 0x054B, 0x0366, 0xFE66, 0xF756, 0xEF3D, 0xE724, 0xE014, 0xDB15,
	0xD930, 0x2BD6, 0x2AF1, 0x2897, 0x2543, 0x2173, 0x1DA2, 0x1A4F, 0x17F4,
	0x1710, 0xCCF5, 0xCBDA, 0xC8EF, 0xC4CF, 0xC015, 0xBB5A, 0xB73A, 0xB450,
	0xB334, 0xFFFF, 0xFFFF, 0x0000, 0x0000, 0x0000, 0xFFFF, 0xFFFF, 0x0000,
	0xFFFF, 0x0000, 0x0000, 0x0000, 0xFFFF, 0x0000, 0xFFFF, 0x0000, 0xE065,
	0x0000, 0x0000, 0x0000, 0x0000, 0xFFFF, 0x0000, 0xFFFF, 0x0000, 0xFFFF,
	0x0000, 0x10DC, 0xF548, 0x0000, 0xFFFF, 0xFFFF, 0xFFFF, 0xFFFF, 0x0000,
	0x0000, 0x0000, 0xFFFF, 0x0000, 0x0000, 0x0000, 0xFFFF, 0x0000, 0xFFFF,
	0x0000, 0x0000, 0xFFFF, 0x0000, 0xBF5E, 0xF456, 0xF85C, 0xF9EC, 0xFA01,
	0xF993, 0xF99B, 0xFA2E, 0xFA8E, 0xFA75, 0xF99B, 0xF0E2, 0xF102, 0xF019,
	0xEEAB, 0xED3B, 0xEC4C, 0xEC3A, 0xEC9F, 0xECDB, 0xEC4C, 0xA296, 0x9AD4,
	0x946D, 0x8F35, 0x8B00, 0x87A4, 0x85A9, 0x855C, 0x8632, 0x87A4, 0xFFFF,
	0x0000, 0x0000, 0xFFFF, 0x0000, 0xFFFF, 0x0000, 0x0000, 0x0000, 0xFFFF,
	0x0000, 0x0000, 0x0000, 0xFFFF, 0xFFFF, 0x0000, 0xFFFF, 0x0000, 0xFFFF,
	0x0000, 0x5683, 0x59F9, 0x5A92, 0x5984, 0x5808, 0x5754, 0x5794, 0x57E8,
	0x57F2, 0x5754, 0xFED2, 0xFEE2, 0xFEF4, 0xFF07, 0xFF17, 0xFF23, 0xFF21,
	0xFF14, 0xFF0E, 0xFF23, 0x005B, 0x0089, 0x00AA, 0x00C1, 0x00D2, 0x00E1,
	0x00EB, 0x00EE, 0x00EA, 0x00E1, 0xCB79, 0xD202, 0xD6EE, 0xDAA0, 0xDD78,
	0xDFD7, 0xE196, 0xE23B, 0xE1AE, 0xDFD7, 0x0000, 0xFFFF, 0xFFFF, 0xFFFF,
	0xFFFF, 0x0000, 0x0000, 0x0000, 0xFFFF, 0x0000, 0x0000, 0x0000, 0xFFFF,
	0x0000, 0xFFFF, 0x0000, 0x0000, 0xFFFF, 0x0000, 0xBF5E, 0x0390, 0x06C5,
	0x0CC6, 0x13F4, 0x1AB0, 0x1F59, 0x2145, 0x2162, 0x207A, 0x1F59, 0xFF55,
	0xFD3D, 0xFD4C, 0xFE8F, 0x0014, 0x00E9, 0x00B3, 0x002B, 0x0003, 0x00E9,
	0x9112, 0x989A, 0xA4B4, 0xB294, 0xBF6A, 0xC86B, 0xCC70, 0xCCFE, 0xCB41,
	0xC86B, 0xFFFF, 0x0000, 0xFFFF, 0x0000, 0x0000, 0x0000, 0xFFFF, 0xFFFF,
	0xFFFF, 0x0000, 0x0000, 0xFFFF, 0xFFFF, 0xFFFF, 0xFFFF, 0x0000, 0xFFFF,
	0x0000, 0xFFFF, 0x0000, 0x2F66, 0x2839, 0x203B, 0x184F, 0x1158, 0x0C39,
	0x093F, 0x0833, 0x0929, 0x0C39, 0x0104, 0x0129, 0x0148, 0x0161, 0x0175,
	0x0185, 0x0196, 0x01A3, 0x01A2, 0x0185, 0x0124, 0x00DC, 0x008F, 0x0046,
	0x0006, 0xFFD6, 0xFFC8, 0xFFD6, 0xFFE4, 0xFFD6, 0xCA3F, 0xD346, 0xDC34,
	0xE47D, 0xEB95, 0xF0EF, 0xF413, 0xF503, 0xF3E8, 0xF0EF,
},
{
	0x0001, 0x0000, 0x000A, 0x0001, 0x0006, 0x000B, 0x0001, 0x0011, 0x0001,
	0x0012, 0x0001, 0x0013, 0x0004, 0x0014, 0x0001, 0x0018, 0x000A, 0x0019,
	0x0006, 0x0023, 0x000A, 0x0029, 0x000A, 0x0033, 0x0009, 0x003D, 0x0009,
	0x0046, 0x000A, 0x004F, 0x0001, 0x0059, 0x0001, 0x005A, 0x0001, 0x005B,
	0x0009, 0x005C, 0x0009, 0x0065, 0x0009, 0x006E, 0x0009, 0x0077, 0x000A,
	0x0080, 0x0001, 0x008A, 0x000A, 0x008B, 0x0001, 0x0095, 0x0001, 0x0096,
	0x0001, 0x0097, 0x0001, 0x0098, 0x0001, 0x0099, 0x0009, 0x009A, 0x0009,
	0x00A3, 0x0009, 0x00AC, 0x0009, 0x00B5, 0x0007, 0x00BE, 0x0001, 0x00C5,
	0x000A, 0x00C6, 0x0001, 0x00D0, 0x0001, 0x00D1, 0x000A, 0x00D2, 0x0009,
	0x00DC, 0x0001, 0x00E5, 0x000A, 0x00E6, 0x000A, 0x00F0, 0x000A, 0x00FA,
	0x000A, 0x0104, 0x000A, 0x010E, 0x000A, 0x0118, 0x000A, 0x0122, 0x000A,
	0x012C, 0x000A, 0x0136, 0x000A, 0x0140, 0x0009, 0x014A, 0x0001, 0x0153,
	0x000A, 0x0154, 0x000A, 0x015E, 0x000A, 0x0168, 0x000A, 0x0172, 0x000A,
	0x017C, 0x000A, 0x0186, 0x000A, 0x0190, 0x000A, 0x019A, 0x000A, 0x01A4,
})

CHAR_ANIM_GRAB_LAND_FROM_SINGLE_JUMP = animation_register("hold_jump_landing", 1, 0, 0, 0, 18, {
	0x0000, 0x009A, 0x0091, 0x0086, 0x007E, 0x007D, 0x0081, 0x0088, 0x008F,
	0x0093, 0x0097, 0x009A, 0x009D, 0x009D, 0x009D, 0x009D, 0x009C, 0x009B,
	0x009B, 0x009A, 0xFFF4, 0xFFF2, 0xFFF0, 0xFFF0, 0xFFF1, 0xFFF4, 0xFFF6,
	0xFFF9, 0xFFFC, 0xFFFF, 0x0000, 0x0001, 0x0003, 0x0004, 0x0005, 0x0006,
	0x0006, 0x0007, 0x0000, 0x3FFF, 0x0000, 0x0000, 0x0000, 0x3CB2, 0x3D0E,
	0x3D4E, 0x3D6D, 0x3D55, 0x3CFC, 0x3C73, 0x3BC9, 0x3B0E, 0x3A51, 0x39A3,
	0x3913, 0x38B1, 0x388D, 0x0000, 0x0000, 0xFFFF, 0x0000, 0xFFFF, 0xFFFF,
	0x0000, 0x0000, 0x0000, 0x0000, 0x0000, 0x0000, 0x0000, 0xFFFF, 0x0000,
	0xFFFF, 0xFFFF, 0xFFFF, 0xFFFF, 0xFFFF, 0xFFFF, 0xFFFF, 0x0000, 0x0000,
	0x0000, 0x0000, 0x0000, 0xFFFF, 0xFFFF, 0x0000, 0xFFFF, 0x171C, 0x1D70,
	0x246B, 0x25D8, 0x2154, 0x1B08, 0x138D, 0x0B7D, 0x0373, 0xFC08, 0xF5D8,
	0xF17B, 0xEF4D, 0xEEE5, 0xEFBF, 0xF152, 0xF319, 0xF48C, 0xF526, 0x0000,
	0xFFFF, 0xFFFF, 0xFFFF, 0xFFFF, 0x0000, 0x0000, 0x0000, 0xFFFF, 0xFFFF,
	0xFFFF, 0x0000, 0xFFFF, 0xFFFF, 0x0000, 0xFFFF, 0x0000, 0xFFFF, 0x0000,
	0x0000, 0xFFFF, 0xFFFF, 0x0000, 0x0000, 0xFFFF, 0x0000, 0x0000, 0x0000,
	0x0000, 0xFFFF, 0xFFFF, 0xFFFF, 0x0000, 0x0000, 0xFFFF, 0xF3A9, 0xEF3A,
	0xEAF8, 0xEB44, 0xF262, 0xFD42, 0x084B, 0x0FE3, 0x129C, 0x128B, 0x1154,
	0x109A, 0x10A6, 0x10AB, 0x10AA, 0x10A6, 0x10A1, 0x109C, 0x109A, 0xCB61,
	0xEA25, 0x98CD, 0xFAB4, 0xFAB4, 0xFAB4, 0xFAB4, 0xFAB4, 0xFAB4, 0xFAB4,
	0xFBA6, 0xFE42, 0x0235, 0x0726, 0x0CC2, 0x12B3, 0x18A5, 0x1E41, 0x2332,
	0x2724, 0x29C0, 0x2AB2, 0xD429, 0xD429, 0xD429, 0xD429, 0xD429, 0xD429,
	0xD429, 0xD4A6, 0xD600, 0xD80A, 0xDA99, 0xDD80, 0xE093, 0xE3A6, 0xE68D,
	0xE91C, 0xEB26, 0xEC80, 0xECFD, 0xCCF5, 0xCCF5, 0xCCF5, 0xCCF5, 0xCCF5,
	0xCCF5, 0xCCF5, 0xCC70, 0xCB01, 0xC8D6, 0xC61E, 0xC309, 0xBFC5, 0xBC80,
	0xB96B, 0xB6B3, 0xB488, 0xB319, 0xB294, 0x0000, 0x0000, 0x0000, 0xFFFF,
	0xFFFF, 0xFFFF, 0x0000, 0x0000, 0xFFFF, 0x0000, 0xFFFF, 0x0000, 0xFFFF,
	0xFFFF, 0xFFFF, 0x0000, 0xFFFF, 0x0000, 0x0000, 0xFFFF, 0xFFFF, 0x0000,
	0xFFFF, 0xFFFF, 0xFFFF, 0xFFFF, 0x0000, 0x0000, 0xFFFF, 0xFFFF, 0x0000,
	0x0000, 0xFFFF, 0x0000, 0xFFFF, 0x0000, 0xE065, 0xFFFF, 0x0000, 0x0000,
	0x0000, 0x0000, 0xFFFF, 0xFFFF, 0xFFFF, 0x0000, 0x0000, 0x0000, 0x0000,
	0xFFFF, 0x0000, 0x0000, 0x0000, 0x0000, 0x0000, 0xFFFF, 0xEF23, 0xF548,
	0x349E, 0x15DA, 0x98CD, 0x054B, 0x054B, 0x054B, 0x054B, 0x054B, 0x054B,
	0x054B, 0x0459, 0x01BD, 0xFDCA, 0xF8D9, 0xF33D, 0xED4C, 0xE75A, 0xE1BE,
	0xDCCD, 0xD8DB, 0xD63F, 0xD54D, 0x2BD6, 0x2BD6, 0x2BD6, 0x2BD6, 0x2BD6,
	0x2BD6, 0x2BD6, 0x2B59, 0x29FF, 0x27F5, 0x2566, 0x227F, 0x1F6C, 0x1C58,
	0x1971, 0x16E3, 0x14D8, 0x137F, 0x1301, 0xCCF5, 0xCCF5, 0xCCF5, 0xCCF5,
	0xCCF5, 0xCCF5, 0xCCF5, 0xCC70, 0xCB01, 0xC8D6, 0xC61E, 0xC308, 0xBFC4,
	0xBC7F, 0xB96A, 0xB6B2, 0xB487, 0xB317, 0xB292, 0x0000, 0xFFFF, 0xFFFF,
	0xFFFF, 0xFFFF, 0xFFFF, 0xFFFF, 0x0000, 0x0000, 0x0000, 0xFFFF, 0x0000,
	0x0000, 0x0000, 0xFFFF, 0xFFFF, 0x0000, 0xFFFF, 0x0000, 0x0000, 0x0000,
	0x0000, 0x0000, 0x0000, 0x0000, 0x0000, 0x0000, 0x0000, 0x0000, 0x0000,
	0xFFFF, 0xFFFF, 0x0000, 0x0000, 0x0000, 0x0000, 0xFFFF, 0x0000, 0xE065,
	0xFFFF, 0xFFFF, 0xFFFF, 0x0000, 0x0000, 0x0000, 0x0000, 0xFFFF, 0xFFFF,
	0x0000, 0x0000, 0xFFFF, 0x0000, 0xFFFF, 0x10DC, 0xF548, 0xFFFF, 0x0000,
	0x0000, 0x0000, 0xFFFF, 0xFFFF, 0x0000, 0xFFFF, 0x0000, 0x0000, 0x0000,
	0x0000, 0x0000, 0x0000, 0xFFFF, 0x0000, 0x0000, 0xFFFF, 0xFFFF, 0x0000,
	0x0000, 0x0000, 0xFFFF, 0xBF5E, 0xDF32, 0xE172, 0xE335, 0xE47B, 0xE48F,
	0xE370, 0xE12B, 0xDE8B, 0xDC5D, 0xDA9D, 0xD90E, 0xD826, 0xD7D7, 0xD7B9,
	0xD7BD, 0xD7D7, 0xD7FA, 0xD819, 0xD826, 0xE402, 0xDED5, 0xDBE1, 0xD9B2,
	0xD8D0, 0xD9A8, 0xDC44, 0xDF81, 0xE237, 0xE45E, 0xE650, 0xE771, 0xE7D3,
	0xE7F9, 0xE7F4, 0xE7D3, 0xE7A8, 0xE782, 0xE771, 0xA8BC, 0xA51B, 0xA262,
	0xA0B7, 0xA166, 0xA424, 0xA8A5, 0xADA4, 0xB1D3, 0xB563, 0xB8AA, 0xBA93,
	0xBB37, 0xBB77, 0xBB6E, 0xBB37, 0xBAEE, 0xBAAF, 0xBA93, 0x0000, 0x0000,
	0x0000, 0xFFFF, 0xFFFF, 0xFFFF, 0xFFFF, 0x0000, 0x0000, 0x0000, 0x0000,
	0x0000, 0x0000, 0x0000, 0x0000, 0x0000, 0xFFFF, 0x0000, 0x0000, 0xFFFF,
	0x0000, 0x0000, 0x0000, 0x0000, 0x0000, 0xFFFF, 0x0000, 0x0000, 0x0000,
	0x0000, 0x0000, 0x0000, 0x0000, 0xFFFF, 0x0000, 0x38B5, 0x3FF8, 0x43B9,
	0x4637, 0x4690, 0x44FD, 0x41FA, 0x3E79, 0x3BB2, 0x39D2, 0x385C, 0x378C,
	0x373F, 0x3720, 0x3725, 0x373F, 0x3761, 0x377F, 0x378C, 0x048A, 0x034B,
	0x0259, 0x019F, 0x017E, 0x012A, 0xFF86, 0xFFA3, 0xFFE0, 0xFF92, 0xFF1E,
	0xFED3, 0xFEBF, 0xFEB8, 0xFEB9, 0xFEBF, 0xFEC8, 0xFED0, 0xFED3, 0x0038,
	0x001A, 0x001F, 0x0021, 0x0007, 0xFFE3, 0xFFD0, 0xFFC4, 0xFFBA, 0xFFB1,
	0xFFA7, 0xFFA1, 0xFF9F, 0xFF9F, 0xFF9F, 0xFF9F, 0xFFA0, 0xFFA1, 0xBDCB,
	0xBB44, 0xB919, 0xB782, 0xB75E, 0xB78C, 0xB6E0, 0xB602, 0xB528, 0xB459,
	0xB387, 0xB309, 0xB2E2, 0xB2D2, 0xB2D5, 0xB2E2, 0xB2F3, 0xB303, 0xB309,
	0xFFFF, 0x0000, 0x0000, 0x0000, 0xFFFF, 0xFFFF, 0x0000, 0xFFFF, 0x0000,
	0x0000, 0x0000, 0x0000, 0x0000, 0x0000, 0xFFFF, 0x0000, 0x0000, 0xFFFF,
	0xFFFF, 0x0000, 0x0000, 0x0000, 0xFFFF, 0xBF5E, 0x1433, 0x10F2, 0x1057,
	0x1043, 0x109A, 0x1154, 0x1259, 0x137E, 0x1498, 0x15CC, 0x1706, 0x17C1,
	0x17FD, 0x1814, 0x1810, 0x17FD, 0x17E2, 0x17CB, 0x17C1, 0x16E1, 0x1A1E,
	0x1B01, 0x1B6B, 0x1B59, 0x1AC6, 0x19DA, 0x18CF, 0x17E2, 0x1709, 0x1641,
	0x15CC, 0x15A5, 0x1596, 0x1598, 0x15A5, 0x15B7, 0x15C6, 0x15CC, 0xA18A,
	0x9A38, 0x98D3, 0x989E, 0x99AD, 0x9C08, 0x9F4B, 0xA2E0, 0xA630, 0xA97F,
	0xACAD, 0xAE8D, 0xAF29, 0xAF66, 0xAF5D, 0xAF29, 0xAEE4, 0xAEA7, 0xAE8D,
	0xFFFF, 0xFFFF, 0xFFFF, 0xFFFF, 0xFFFF, 0xFFFF, 0xFFFF, 0x0000, 0x0000,
	0xFFFF, 0xFFFF, 0x0000, 0x0000, 0xFFFF, 0xFFFF, 0x0000, 0xFFFF, 0x0000,
	0xFFFF, 0x0000, 0xFFFF, 0xFFFF, 0xFFFF, 0x0000, 0x0000, 0x0000, 0xFFFF,
	0xFFFF, 0xFFFF, 0xFFFF, 0xFFFF, 0xFFFF, 0xFFFF, 0xFFFF, 0xFFFF, 0x0000,
	0x3796, 0x3BDF, 0x4135, 0x4688, 0x4891, 0x45FC, 0x40EC, 0x3B44, 0x36EA,
	0x34A3, 0x338D, 0x3311, 0x32C9, 0x32AD, 0x32B1, 0x32C9, 0x32E9, 0x3305,
	0x3311, 0xFE2B, 0xFD6A, 0xFDC2, 0xFE4C, 0xFEB6, 0xFEE2, 0xFEF7, 0xFF07,
	0xFF23, 0xFF4F, 0xFF88, 0xFFD2, 0x003E, 0x00C0, 0x0133, 0x0173, 0x0143,
	0x00CE, 0x008C, 0xFDFA, 0xFE27, 0xFDFB, 0xFDC0, 0xFDA0, 0xFDA9, 0xFDC5,
	0xFDE9, 0xFE09, 0xFE22, 0xFE3B, 0xFE55, 0xFE62, 0xFE64, 0xFE7C, 0xFEC9,
	0xFFAA, 0x00D7, 0x016D, 0xC0E5, 0xC405, 0xBEB4, 0xB7FB, 0xB407, 0xB45B,
	0xB6B8, 0xB9AF, 0xBBD2, 0xBCA3, 0xBCD4, 0xBCBD, 0xBC70, 0xBBEA, 0xBB5F,
	0xBB08, 0xBB19, 0xBB65, 0xBB93,
},
{
	0x0001, 0x0000, 0x0013, 0x0001, 0x0012, 0x0014, 0x0001, 0x0026, 0x0001,
	0x0027, 0x0001, 0x0028, 0x0001, 0x0029, 0x0001, 0x002A, 0x000E, 0x002B,
	0x000E, 0x0039, 0x0011, 0x0047, 0x0013, 0x0058, 0x0011, 0x006B, 0x0012,
	0x007C, 0x0013, 0x008E, 0x0001, 0x00A1, 0x0001, 0x00A2, 0x0001, 0x00A3,
	0x0013, 0x00A4, 0x0013, 0x00B7, 0x0013, 0x00CA, 0x0011, 0x00DD, 0x0013,
	0x00EE, 0x0001, 0x0101, 0x0013, 0x0102, 0x0001, 0x0115, 0x0001, 0x0116,
	0x0001, 0x0117, 0x0001, 0x0118, 0x0001, 0x0119, 0x0013, 0x011A, 0x0013,
	0x012D, 0x0013, 0x0140, 0x0013, 0x0153, 0x0013, 0x0166, 0x0001, 0x0179,
	0x000E, 0x017A, 0x0001, 0x0188, 0x0001, 0x0189, 0x0009, 0x018A, 0x000E,
	0x0193, 0x0001, 0x01A1, 0x0013, 0x01A2, 0x0013, 0x01B5, 0x0013, 0x01C8,
	0x0011, 0x01DB, 0x0012, 0x01EC, 0x0013, 0x01FE, 0x0013, 0x0211, 0x0012,
	0x0224, 0x0013, 0x0236, 0x0009, 0x0249, 0x000E, 0x0252, 0x0001, 0x0260,
	0x0013, 0x0261, 0x0013, 0x0274, 0x0013, 0x0287, 0x0011, 0x029A, 0x0013,
	0x02AB, 0x0013, 0x02BE, 0x0013, 0x02D1, 0x0013, 0x02E4, 0x0013, 0x02F7,
})

CHAR_ANIM_GRAB_GENERAL_FALL = animation_register("hold_freefalling", 1, 0, 0, 0, 23, {
	0x0000, 0x00AA, 0x00AA, 0x00AA, 0x00AA, 0x00AA, 0x00AA, 0x00AA, 0x00AA,
	0x00AA, 0x00AA, 0x0078, 0x006B, 0x0075, 0x0081, 0x0087, 0x008D, 0x0092,
	0x0096, 0x009A, 0x009F, 0x00A3, 0x00A6, 0x00A9, 0x00AA, 0x0000, 0x0000,
	0x3FFF, 0x0000, 0xFFFF, 0x0000, 0x40A1, 0x40A1, 0x40A1, 0x40A1, 0x40A1,
	0x40A1, 0x40A1, 0x430C, 0x45B9, 0x47E3, 0x48C7, 0x48A4, 0x4842, 0x47AD,
	0x46F0, 0x4617, 0x452C, 0x443C, 0x4351, 0x4278, 0x41BB, 0x4126, 0x40C4,
	0x40A1, 0x09BB, 0x0998, 0x0936, 0x08A2, 0x07E9, 0x0717, 0x0638, 0x0559,
	0x0486, 0x03CC, 0x0337, 0x0312, 0x0347, 0x034C, 0x0301, 0x02A3, 0x0239,
	0x01C8, 0x0157, 0x00EC, 0x008E, 0x0043, 0x0011, 0x0000, 0x00BE, 0x008D,
	0x0005, 0xFF39, 0xFE37, 0xFD13, 0xFBDE, 0xFAA7, 0xF981, 0xF87D, 0xF7AC,
	0xF73B, 0xF742, 0xF7B5, 0xF875, 0xF963, 0xFA70, 0xFB8C, 0xFCA7, 0xFDB2,
	0xFE9C, 0xFF57, 0xFFD3, 0xFFFF, 0xFFBD, 0x0013, 0x0102, 0x026A, 0x042E,
	0x062E, 0x084D, 0x0A6C, 0x0C6D, 0x0E30, 0x0F98, 0x1023, 0x0FCB, 0x0F2E,
	0x0E8D, 0x0DCA, 0x0CF0, 0x0C0C, 0x0B2A, 0x0A56, 0x099C, 0x0908, 0x08A7,
	0x0884, 0xF78A, 0xF7B1, 0xF820, 0xF8C9, 0xF9A2, 0xFA9E, 0xFBB1, 0xFCCE,
	0xFDEB, 0xFEFC, 0xFFF3, 0x0136, 0x029B, 0x0345, 0x032E, 0x02EF, 0x0291,
	0x021F, 0x01A3, 0x0127, 0x00B5, 0x0057, 0x0017, 0x0000, 0x042F, 0x0436,
	0x0449, 0x0465, 0x0487, 0x04AC, 0x04D0, 0x04F1, 0x050B, 0x051B, 0x051E,
	0x04E4, 0x046A, 0x03F1, 0x0383, 0x0307, 0x0282, 0x01FC, 0x017A, 0x0102,
	0x009A, 0x0048, 0x0013, 0xFFFF, 0x1AE7, 0x1A0D, 0x17BB, 0x144E, 0x1023,
	0x0B97, 0x0706, 0x02CC, 0xFF48, 0xFCD5, 0xFBCF, 0x0327, 0x10FF, 0x187E,
	0x17BD, 0x15A0, 0x127C, 0x0EA9, 0x0A7D, 0x0651, 0x027A, 0xFF51, 0xFD2B,
	0xFC61, 0xCB61, 0xEA25, 0x98CD, 0xFAB4, 0xD429, 0xCCF5, 0xFFFF, 0x0000,
	0xFFFF, 0xFFFF, 0xFFFF, 0x0000, 0x0000, 0x0000, 0xFFFF, 0xFFFF, 0x0000,
	0x0000, 0x0000, 0xFFFF, 0xFFFF, 0xFFFF, 0xFFFF, 0xFFFF, 0x0000, 0x0000,
	0xFFFF, 0x0000, 0xFFFF, 0x0000, 0x0000, 0xFFFF, 0x0000, 0xFFFF, 0x0000,
	0xFFFF, 0xFFFF, 0xFFFF, 0x0000, 0xFFFF, 0x0000, 0xFFFF, 0xFFFF, 0xFFFF,
	0xFFFF, 0xFFFF, 0x0000, 0xFFFF, 0x0000, 0xFFFF, 0xFFFF, 0xFFFF, 0x0000,
	0xE065, 0xFFFF, 0x0000, 0x0000, 0xFFFF, 0x0000, 0x0000, 0xFFFF, 0x0000,
	0xFFFF, 0x0000, 0x0000, 0x0000, 0x0000, 0xFFFF, 0x0000, 0xFFFF, 0x0000,
	0x0000, 0xFFFF, 0x0000, 0xFFFF, 0xEF23, 0xF548, 0x349E, 0x15DA, 0x98CD,
	0x054B, 0x2BD6, 0xCCF5, 0xFFFF, 0x0000, 0x0000, 0x0000, 0x0000, 0x0000,
	0xFFFF, 0x0000, 0xFFFF, 0xFFFF, 0xFFFF, 0xFFFF, 0xFFFF, 0xFFFF, 0xFFFF,
	0x0000, 0x0000, 0x0000, 0xFFFF, 0xFFFF, 0x0000, 0xFFFF, 0xFFFF, 0x0000,
	0xFFFF, 0xFFFF, 0x0000, 0x0000, 0xFFFF, 0x0000, 0xFFFF, 0xFFFF, 0xFFFF,
	0x0000, 0x0000, 0x0000, 0xFFFF, 0x0000, 0x0000, 0x0000, 0x0000, 0xFFFF,
	0x0000, 0x0000, 0xFFFF, 0x0000, 0xE065, 0x0000, 0x0000, 0xFFFF, 0xFFFF,
	0x0000, 0xFFFF, 0xFFFF, 0xFFFF, 0xFFFF, 0x0000, 0x0000, 0xFFFF, 0x0000,
	0xFFFF, 0x0000, 0xFFFF, 0xFFFF, 0xFFFF, 0x0000, 0xFFFF, 0x0000, 0xFFFF,
	0x0000, 0xFFFF, 0x10DC, 0xF548, 0x0000, 0x0000, 0x0000, 0x0000, 0x0000,
	0x0000, 0x0000, 0x0000, 0xFFFF, 0x0000, 0xFFFF, 0xFFFF, 0x0000, 0x0000,
	0xFFFF, 0xFFFF, 0x0000, 0x0000, 0x0000, 0xFFFF, 0xFFFF, 0x0000, 0xFFFF,
	0xFFFF, 0xFFFF, 0xFFFF, 0xFFFF, 0xFFFF, 0xFFFF, 0x0000, 0xFFFF, 0x0000,
	0xFFFF, 0xFFFF, 0x0000, 0xFFFF, 0xFFFF, 0xFFFF, 0x0000, 0x0000, 0xFFFF,
	0xBF5E, 0xBF5E, 0xBF5E, 0xBF5E, 0xBF5E, 0xBF5E, 0xBF5E, 0xBF85, 0xBFC6,
	0xBFD3, 0xBF5E, 0xBB4B, 0xBF5E, 0x000F, 0x002B, 0x0068, 0x00A5, 0x00C1,
	0x009A, 0x000F, 0xFEB7, 0xFC9C, 0xFA45, 0xF839, 0xF776, 0xF748, 0xF1FA,
	0xEE14, 0xEA40, 0xE68D, 0xE30E, 0xDFD2, 0xDC9A, 0xD984, 0xD733, 0xD649,
	0xEB4F, 0xEB48, 0xEB3A, 0xEB2C, 0xEB25, 0xEB2E, 0xEB4F, 0xEBA3, 0xEC29,
	0xECB5, 0xED1F, 0xECC4, 0xEBDB, 0xED14, 0xECA3, 0xEBF4, 0xEB36, 0xEA98,
	0xEA49, 0xEA8A, 0xEB38, 0xEBED, 0xEC40, 0x72E2, 0x728D, 0x71D1, 0x7115,
	0x70C0, 0x7137, 0x72E2, 0x7708, 0x7D8B, 0x84B9, 0x8AE5, 0x8C60, 0x8B9B,
	0x94AB, 0x996D, 0x9DCE, 0xA1E2, 0xA5BD, 0xA972, 0xAD68, 0xB15C, 0xB466,
	0xB59D, 0xFFFF, 0x0000, 0x0000, 0xFFFF, 0x0000, 0x0000, 0xFFFF, 0x0000,
	0xFFFF, 0xFFFF, 0xFFFF, 0xFFFF, 0xFFFF, 0x0000, 0xFFFF, 0xFFFF, 0x0000,
	0xFFFF, 0xFFFF, 0x0000, 0xFFFF, 0x0000, 0x0000, 0xFFFF, 0x0000, 0x0000,
	0xFFFF, 0x0000, 0xFFFF, 0x0000, 0x0000, 0xFFFF, 0xFFFF, 0xFFFF, 0x0000,
	0xFFFF, 0x0000, 0xFFFF, 0xFFFF, 0x0000, 0xFFFF, 0xFFFF, 0xFFFF, 0xFFFF,
	0xFFFF, 0xFFFF, 0x0000, 0x4C54, 0x4C54, 0x4C55, 0x4C56, 0x4C57, 0x4C56,
	0x4C54, 0x4C11, 0x4BA4, 0x4B86, 0x4C30, 0x526E, 0x4AC9, 0x485F, 0x4427,
	0x3FAF, 0x3B26, 0x36BA, 0x329C, 0x2E51, 0x29F5, 0x2693, 0x2537, 0xFFFF,
	0x0005, 0x0012, 0x001F, 0x0024, 0x001C, 0xFFFF, 0xFF97, 0xFEF0, 0xFE69,
	0xFE61, 0x01B5, 0x0000, 0x0047, 0x0046, 0x003D, 0x0030, 0x0023, 0x0018,
	0x0010, 0x0008, 0x0002, 0x0000, 0xFFFF, 0x0000, 0xFFF9, 0xFFEA, 0xFFDC,
	0xFFD5, 0xFFDF, 0x0000, 0x0063, 0x0101, 0x0194, 0x01D8, 0x0019, 0xFFFF,
	0x0295, 0x0296, 0x0252, 0x01E6, 0x0172, 0x0114, 0x00BF, 0x0065, 0x001D,
	0x0000, 0xFFFF, 0xE040, 0xDFE2, 0xDEC4, 0xDCE2, 0xDA35, 0xD6B8, 0xD265,
	0xCBE0, 0xC2F4, 0xB959, 0xB0C8, 0xAD06, 0xB2A7, 0xADF5, 0xAF5D, 0xB16E,
	0xB3D9, 0xB64C, 0xB877, 0xBA9B, 0xBCD1, 0xBE8C, 0xBF3F, 0x0000, 0x0000,
	0x0000, 0x0000, 0x0000, 0x0000, 0x0000, 0xFFFF, 0x0000, 0x0000, 0xFFFF,
	0x0000, 0x0000, 0x0000, 0xFFFF, 0xFFFF, 0x0000, 0x0000, 0x0000, 0xFFFF,
	0xFFFF, 0x0000, 0xFFFF, 0xFFFF, 0xFFFF, 0xFFFF, 0xFFFF, 0xFFFF, 0xFFFF,
	0xFFFF, 0xFFFF, 0x0000, 0xFFFF, 0x0000, 0x0000, 0xFFFF, 0xFFFF, 0xFFFF,
	0x0000, 0x0000, 0xFFFF, 0xBF5E, 0x0D37, 0x0D6C, 0x0DEC, 0x0E8A, 0x0F18,
	0x0F69, 0x0F4E, 0x0E72, 0x0CE9, 0x0B1B, 0x0976, 0x082A, 0x0735, 0x0838,
	0x0A7B, 0x0CF1, 0x0F6F, 0x11CD, 0x13E1, 0x15D4, 0x17C1, 0x196B, 0x1A97,
	0x1B09, 0x0693, 0x0635, 0x055D, 0x046A, 0x03BA, 0x03AF, 0x04A6, 0x079E,
	0x0C76, 0x11DF, 0x1688, 0x17E4, 0x17C6, 0x16F8, 0x1638, 0x1574, 0x14B4,
	0x1400, 0x1361, 0x12CB, 0x123A, 0x11BD, 0x1165, 0x1144, 0xB48E, 0xB5DC,
	0xB901, 0xBCD7, 0xC037, 0xC1FB, 0xC0FC, 0xBAD3, 0xAFFB, 0xA3A1, 0x98F1,
	0x9503, 0x9430, 0x9698, 0x995D, 0x9C40, 0x9F1B, 0xA1CB, 0xA42A, 0xA665,
	0xA893, 0xAA73, 0xABC4, 0xAC43, 0x0000, 0xFFFF, 0x0000, 0x0000, 0x0000,
	0x0000, 0x0000, 0xFFFF, 0x0000, 0x0000, 0x0000, 0xFFFF, 0xFFFF, 0x0000,
	0x0000, 0xFFFF, 0x0000, 0xFFFF, 0x0000, 0xFFFF, 0x0000, 0xFFFF, 0x0000,
	0xFFFF, 0xFFFF, 0x0000, 0xFFFF, 0xFFFF, 0xFFFF, 0xFFFF, 0xFFFF, 0xFFFF,
	0x0000, 0xFFFF, 0xFFFF, 0xFFFF, 0x0000, 0xFFFF, 0x0000, 0x0000, 0x0000,
	0xFFFF, 0xFFFF, 0x0000, 0xFFFF, 0x0000, 0x1624, 0x14F1, 0x1232, 0x0F27,
	0x0D13, 0x0D38, 0x10D8, 0x1B62, 0x2C6F, 0x3F78, 0x4FF9, 0x5584, 0x4D0C,
	0x4703, 0x424C, 0x3DA9, 0x3924, 0x34C6, 0x3098, 0x2C16, 0x2738, 0x22C7,
	0x1F8A, 0x1E4A, 0xFF80, 0xFF5B, 0xFF08, 0xFEB5, 0xFE8E, 0xFEBF, 0xFF75,
	0x0147, 0x0426, 0x0741, 0x09C7, 0x0945, 0x07FD, 0x0817, 0x0733, 0x062E,
	0x051D, 0x0417, 0x0330, 0x0257, 0x017C, 0x00BC, 0x0033, 0x0000, 0xFF5A,
	0xFF54, 0xFF45, 0xFF36, 0xFF31, 0xFF3D, 0xFF64, 0xFFC5, 0x005D, 0x00FF,
	0x017E, 0x013D, 0x0129, 0xFFD0, 0xFFA0, 0xFF90, 0xFF91, 0xFF95, 0xFF8F,
	0xFF7B, 0xFF61, 0xFF49, 0xFF36, 0xFF2F, 0xE4BC, 0xE5D6, 0xE854, 0xEAFA,
	0xEC8F, 0xEBD6, 0xE796, 0xDC29, 0xC9F3, 0xB5C8, 0xA47E, 0xA061, 0xA9B2,
	0xAEEE, 0xB1E4, 0xB49D, 0xB734, 0xB9C2, 0xBC62, 0xBF81, 0xC30E, 0xC665,
	0xC8DF, 0xC9D7,
},
{
	0x0001, 0x0000, 0x0018, 0x0001, 0x0001, 0x0019, 0x0001, 0x001A, 0x0001,
	0x001B, 0x0001, 0x001C, 0x0001, 0x001D, 0x0001, 0x001E, 0x0018, 0x001F,
	0x0018, 0x0037, 0x0018, 0x004F, 0x0018, 0x0067, 0x0018, 0x007F, 0x0018,
	0x0097, 0x0018, 0x00AF, 0x0001, 0x00C7, 0x0001, 0x00C8, 0x0001, 0x00C9,
	0x0001, 0x00CA, 0x0001, 0x00CB, 0x0001, 0x00CC, 0x0017, 0x00CD, 0x0018,
	0x00E4, 0x0001, 0x00FC, 0x0015, 0x00FD, 0x0001, 0x0112, 0x0001, 0x0113,
	0x0001, 0x0114, 0x0001, 0x0115, 0x0001, 0x0116, 0x0001, 0x0117, 0x0001,
	0x0118, 0x0001, 0x0119, 0x0018, 0x011A, 0x0016, 0x0132, 0x0001, 0x0148,
	0x0018, 0x0149, 0x0001, 0x0161, 0x0001, 0x0162, 0x0016, 0x0163, 0x0013,
	0x0179, 0x000D, 0x018C, 0x0017, 0x0199, 0x0017, 0x01B0, 0x0017, 0x01C7,
	0x0018, 0x01DE, 0x0017, 0x01F6, 0x0017, 0x020D, 0x0018, 0x0224, 0x0018,
	0x023C, 0x0017, 0x0254, 0x0016, 0x026B, 0x0013, 0x0281, 0x0001, 0x0294,
	0x0018, 0x0295, 0x0018, 0x02AD, 0x0018, 0x02C5, 0x0018, 0x02DD, 0x0016,
	0x02F5, 0x0018, 0x030B, 0x0018, 0x0323, 0x0018, 0x033B, 0x0018, 0x0353,
})