Lights1 hyrule_dl_Material01_f3d_lights = gdSPDefLights1(
	0x7F, 0x7F, 0x7F,
	0xFF, 0xFF, 0xFF, 0x28, 0x28, 0x28);

Lights1 hyrule_dl_Material02_f3d_lights = gdSPDefLights1(
	0x7F, 0x7F, 0x7F,
	0xFF, 0xFF, 0xFF, 0x28, 0x28, 0x28);

Lights1 hyrule_dl_Material03_f3d_lights = gdSPDefLights1(
	0x7F, 0x7F, 0x7F,
	0xFF, 0xFF, 0xFF, 0x28, 0x28, 0x28);

Lights1 hyrule_dl_Material05_f3d_lights = gdSPDefLights1(
	0x7F, 0x7F, 0x7F,
	0xFF, 0xFF, 0xFF, 0x28, 0x28, 0x28);

Lights1 hyrule_dl_Material06_f3d_lights = gdSPDefLights1(
	0x7F, 0x7F, 0x7F,
	0xFF, 0xFF, 0xFF, 0x28, 0x28, 0x28);

Lights1 hyrule_dl_Material07_f3d_lights = gdSPDefLights1(
	0x7F, 0x7F, 0x7F,
	0xFF, 0xFF, 0xFF, 0x28, 0x28, 0x28);

Lights1 hyrule_dl_Material08_f3d_lights = gdSPDefLights1(
	0x7F, 0x7F, 0x7F,
	0xFF, 0xFF, 0xFF, 0x28, 0x28, 0x28);

Lights1 hyrule_dl_Material09_f3d_lights = gdSPDefLights1(
	0x7F, 0x7F, 0x7F,
	0xFF, 0xFF, 0xFF, 0x28, 0x28, 0x28);

Lights1 hyrule_dl_Material10_f3d_lights = gdSPDefLights1(
	0x7F, 0x7F, 0x7F,
	0xFF, 0xFF, 0xFF, 0x28, 0x28, 0x28);

Lights1 hyrule_dl_Material11_f3d_lights = gdSPDefLights1(
	0x7F, 0x7F, 0x7F,
	0xFF, 0xFF, 0xFF, 0x28, 0x28, 0x28);

Lights1 hyrule_dl_Material12_f3d_lights = gdSPDefLights1(
	0x7F, 0x7F, 0x7F,
	0xFF, 0xFF, 0xFF, 0x28, 0x28, 0x28);

Lights1 hyrule_dl_Material13_f3d_lights = gdSPDefLights1(
	0x7F, 0x7F, 0x7F,
	0xFF, 0xFF, 0xFF, 0x28, 0x28, 0x28);

Lights1 hyrule_dl_Material04_f3d_lights = gdSPDefLights1(
	0x7F, 0x7F, 0x7F,
	0xFF, 0xFF, 0xFF, 0x28, 0x28, 0x28);

Gfx hyrule_dl_green_rgba16_aligner[] = {gsSPEndDisplayList()};
u8 hyrule_dl_green_rgba16[] = {
	0x32, 0x0d, 0x32, 0x0d, 0x29, 0xcd, 0x29, 0xcd, 
	0x29, 0xcd, 0x29, 0x8b, 0x29, 0xcd, 0x29, 0xcd, 
	0x32, 0x0d, 0x32, 0x4f, 0x32, 0x0d, 0x32, 0x0d, 
	0x32, 0x0d, 0x29, 0xcd, 0x29, 0x8b, 0x29, 0x8b, 
	0x29, 0x8b, 0x32, 0x0d, 0x29, 0xcd, 0x32, 0x0d, 
	0x32, 0x4f, 0x3a, 0x4f, 0x32, 0x4f, 0x32, 0x0d, 
	0x32, 0x0d, 0x32, 0x0d, 0x32, 0x0d, 0x32, 0x4f, 
	0x3a, 0x4f, 0x32, 0x0d, 0x32, 0x0d, 0x32, 0x4f, 
	0x42, 0xd3, 0x3a, 0x91, 0x3a, 0x91, 0x3a, 0x91, 
	0x3a, 0x91, 0x3a, 0x91, 0x3a, 0x91, 0x3a, 0x91, 
	0x3a, 0x91, 0x3a, 0x91, 0x3a, 0x91, 0x3a, 0x91, 
	0x3a, 0x91, 0x32, 0x4f, 0x29, 0xcd, 0x29, 0x8b, 
	0x29, 0xcd, 0x3a, 0x91, 0x3a, 0x91, 0x3a, 0x91, 
	0x42, 0xd3, 0x42, 0xd3, 0x3a, 0xd1, 0x3a, 0x91, 
	0x3a, 0x91, 0x3a, 0x91, 0x3a, 0x91, 0x3a, 0x91, 
	0x43, 0x13, 0x3a, 0x91, 0x3a, 0x4f, 0x3a, 0xd1, 
	0x3a, 0x91, 0x3a, 0xd1, 0x3a, 0x91, 0x42, 0xd3, 
	0x43, 0x13, 0x43, 0x13, 0x43, 0x13, 0x43, 0x13, 
	0x43, 0x13, 0x3a, 0x91, 0x3a, 0x91, 0x3a, 0x91, 
	0x3a, 0x91, 0x32, 0x4f, 0x32, 0x0d, 0x29, 0x8b, 
	0x29, 0x8b, 0x32, 0x4f, 0x3a, 0x91, 0x3a, 0x4f, 
	0x3a, 0xd1, 0x3a, 0xd1, 0x3a, 0xd1, 0x3a, 0xd1, 
	0x43, 0x13, 0x43, 0x13, 0x3a, 0x91, 0x43, 0x13, 
	0x43, 0x13, 0x3a, 0x91, 0x43, 0x13, 0x3a, 0xd1, 
	0x3a, 0x91, 0x3a, 0x91, 0x3a, 0x91, 0x3a, 0x91, 
	0x3a, 0xd1, 0x3a, 0xd1, 0x3a, 0xd1, 0x3a, 0x91, 
	0x3a, 0x91, 0x3a, 0x91, 0x3a, 0x91, 0x3a, 0x91, 
	0x3a, 0x91, 0x3a, 0x91, 0x3a, 0x4f, 0x29, 0x8b, 
	0x29, 0xcb, 0x3a, 0x4f, 0x3a, 0x91, 0x3a, 0x4f, 
	0x3a, 0x91, 0x3a, 0xd1, 0x3a, 0xd1, 0x3a, 0xd1, 
	0x42, 0xd3, 0x43, 0x13, 0x43, 0x13, 0x43, 0x13, 
	0x43, 0x13, 0x3a, 0x91, 0x3a, 0x91, 0x3a, 0xd1, 
	0x3a, 0xd1, 0x3a, 0x91, 0x3a, 0xd1, 0x3a, 0x91, 
	0x3a, 0xd1, 0x3a, 0xd1, 0x3a, 0xd1, 0x42, 0xd3, 
	0x3a, 0xd1, 0x3a, 0xd1, 0x3a, 0x91, 0x42, 0xd3, 
	0x3a, 0xd1, 0x42, 0xd3, 0x3a, 0x91, 0x32, 0x0d, 
	0x32, 0x0d, 0x3a, 0x91, 0x3a, 0x91, 0x3a, 0x91, 
	0x3a, 0x91, 0x3a, 0xd1, 0x3a, 0xd1, 0x3a, 0xd1, 
	0x42, 0xd3, 0x3a, 0x91, 0x3a, 0xd1, 0x3a, 0xd1, 
	0x3a, 0xd1, 0x42, 0xd3, 0x3a, 0xd1, 0x3a, 0xd1, 
	0x43, 0x13, 0x42, 0xd3, 0x3a, 0xd1, 0x43, 0x13, 
	0x43, 0x13, 0x43, 0x13, 0x43, 0x13, 0x42, 0xd3, 
	0x42, 0xd3, 0x42, 0xd3, 0x42, 0xd3, 0x42, 0xd3, 
	0x43, 0x13, 0x3a, 0xd1, 0x3a, 0xd1, 0x32, 0x0d, 
	0x32, 0x4f, 0x3a, 0x91, 0x3a, 0x91, 0x3a, 0x91, 
	0x3a, 0x91, 0x3a, 0x91, 0x3a, 0x91, 0x3a, 0x91, 
	0x3a, 0xd1, 0x3a, 0x91, 0x3a, 0x91, 0x3a, 0x91, 
	0x42, 0xd3, 0x43, 0x13, 0x43, 0x13, 0x42, 0xd3, 
	0x3a, 0x91, 0x3a, 0x91, 0x3a, 0x4f, 0x32, 0x4f, 
	0x32, 0x4f, 0x32, 0x4f, 0x32, 0x4f, 0x32, 0x4f, 
	0x32, 0x0d, 0x32, 0x4f, 0x32, 0x4f, 0x32, 0x4f, 
	0x32, 0x4f, 0x32, 0x4f, 0x32, 0x0d, 0x29, 0xcd, 
	0x32, 0x0d, 0x32, 0x0d, 0x32, 0x0d, 0x32, 0x0d, 
	0x32, 0x0d, 0x32, 0x0d, 0x32, 0x0d, 0x32, 0x4f, 
	0x32, 0x0d, 0x32, 0x0d, 0x32, 0x0d, 0x32, 0x4f, 
	0x3a, 0x4f, 0x3a, 0x91, 0x42, 0xd3, 0x3a, 0x4f, 
	0x29, 0x8b, 0x29, 0x8b, 0x29, 0x8b, 0x29, 0x8b, 
	0x29, 0x8b, 0x29, 0x8b, 0x29, 0x8b, 0x29, 0x8b, 
	0x29, 0x8b, 0x21, 0x49, 0x21, 0x49, 0x21, 0x49, 
	0x21, 0x49, 0x21, 0x89, 0x21, 0x89, 0x21, 0x49, 
	0x21, 0x49, 0x21, 0x49, 0x21, 0x89, 0x21, 0x89, 
	0x29, 0x8b, 0x29, 0x8b, 0x21, 0x89, 0x29, 0x8b, 
	0x21, 0x89, 0x21, 0x89, 0x29, 0x8b, 0x29, 0x8b, 
	0x29, 0x8b, 0x29, 0xcd, 0x29, 0x8b, 0x29, 0xcd, 
	0x29, 0xcd, 0x29, 0xcd, 0x32, 0x0d, 0x32, 0x0d, 
	0x32, 0x0d, 0x32, 0x0d, 0x29, 0xcd, 0x29, 0x8b, 
	0x29, 0x8b, 0x29, 0x8b, 0x29, 0xcd, 0x29, 0xcd, 
	0x32, 0x0d, 0x32, 0x4f, 0x32, 0x4f, 0x32, 0x4f, 
	0x32, 0x0d, 0x32, 0x0d, 0x32, 0x0d, 0x32, 0x0d, 
	0x32, 0x0d, 0x32, 0x4f, 0x32, 0x0d, 0x32, 0x0d, 
	0x32, 0x0d, 0x32, 0x0d, 0x32, 0x0d, 0x29, 0xcd, 
	0x29, 0xcd, 0x29, 0xcd, 0x29, 0x8b, 0x29, 0xcd, 
	0x3a, 0x91, 0x3a, 0x91, 0x3a, 0x91, 0x3a, 0x91, 
	0x3a, 0x91, 0x3a, 0x91, 0x32, 0x4f, 0x29, 0xcd, 
	0x29, 0x8b, 0x29, 0xcd, 0x3a, 0x91, 0x3a, 0x91, 
	0x3a, 0x91, 0x42, 0xd3, 0x42, 0xd3, 0x3a, 0xd1, 
	0x3a, 0x91, 0x3a, 0x91, 0x3a, 0x91, 0x3a, 0x91, 
	0x3a, 0xd1, 0x43, 0x13, 0x3a, 0x91, 0x3a, 0x4f, 
	0x3a, 0xd1, 0x43, 0x13, 0x3a, 0x91, 0x3a, 0x91, 
	0x3a, 0x91, 0x3a, 0x91, 0x3a, 0x91, 0x3a, 0xd1, 
	0x43, 0x13, 0x43, 0x13, 0x3a, 0x91, 0x3a, 0x91, 
	0x3a, 0x91, 0x3a, 0x91, 0x32, 0x4f, 0x29, 0xcd, 
	0x21, 0x49, 0x29, 0xcd, 0x3a, 0x4f, 0x3a, 0x91, 
	0x3a, 0x4f, 0x3a, 0xd1, 0x3a, 0xd1, 0x3a, 0xd1, 
	0x3a, 0xd1, 0x43, 0x13, 0x43, 0x13, 0x3a, 0x91, 
	0x43, 0x13, 0x43, 0x13, 0x3a, 0x91, 0x43, 0x13, 
	0x3a, 0xd1, 0x3a, 0xd1, 0x3a, 0xd1, 0x3a, 0x91, 
	0x42, 0xd3, 0x43, 0x13, 0x43, 0x13, 0x43, 0x13, 
	0x3a, 0x91, 0x3a, 0x91, 0x3a, 0x91, 0x3a, 0x91, 
	0x3a, 0x91, 0x3a, 0x91, 0x3a, 0x91, 0x32, 0x4f, 
	0x29, 0x8b, 0x29, 0xcd, 0x3a, 0x4f, 0x3a, 0x91, 
	0x3a, 0x4f, 0x3a, 0x91, 0x3a, 0xd1, 0x3a, 0xd1, 
	0x3a, 0xd1, 0x42, 0xd3, 0x43, 0x13, 0x43, 0x13, 
	0x43, 0x13, 0x43, 0x13, 0x3a, 0x91, 0x3a, 0x91, 
	0x3a, 0xd1, 0x3a, 0x91, 0x3a, 0x91, 0x3a, 0x91, 
	0x3a, 0x91, 0x3a, 0xd1, 0x3a, 0xd1, 0x3a, 0xd1, 
	0x42, 0xd3, 0x3a, 0xd1, 0x3a, 0xd1, 0x3a, 0x91, 
	0x42, 0xd3, 0x3a, 0xd1, 0x42, 0xd3, 0x3a, 0x4f, 
	0x29, 0xcd, 0x32, 0x4f, 0x3a, 0x91, 0x3a, 0x91, 
	0x3a, 0x91, 0x3a, 0x91, 0x3a, 0xd1, 0x3a, 0xd1, 
	0x3a, 0xd1, 0x42, 0xd3, 0x3a, 0x91, 0x3a, 0xd1, 
	0x3a, 0x91, 0x3a, 0xd1, 0x42, 0xd3, 0x3a, 0xd1, 
	0x3a, 0xd1, 0x42, 0xd3, 0x3a, 0x91, 0x3a, 0xd1, 
	0x3a, 0x91, 0x3a, 0xd1, 0x3a, 0xd1, 0x3a, 0xd1, 
	0x42, 0xd3, 0x42, 0xd3, 0x42, 0xd3, 0x42, 0xd3, 
	0x42, 0xd3, 0x43, 0x13, 0x3a, 0xd1, 0x3a, 0x91, 
	0x29, 0xcd, 0x3a, 0x4f, 0x3a, 0x91, 0x3a, 0x91, 
	0x3a, 0x91, 0x3a, 0x91, 0x3a, 0x91, 0x3a, 0x91, 
	0x3a, 0x91, 0x3a, 0xd1, 0x3a, 0x91, 0x3a, 0x4f, 
	0x3a, 0xd1, 0x42, 0xd3, 0x43, 0x13, 0x43, 0x13, 
	0x42, 0xd3, 0x43, 0x13, 0x42, 0xd3, 0x3a, 0xd1, 
	0x43, 0x13, 0x43, 0x13, 0x43, 0x13, 0x43, 0x13, 
	0x32, 0x4f, 0x32, 0x0d, 0x32, 0x4f, 0x32, 0x4f, 
	0x32, 0x4f, 0x32, 0x4f, 0x32, 0x4f, 0x32, 0x0d, 
	0x29, 0xcd, 0x32, 0x0d, 0x32, 0x0d, 0x32, 0x0d, 
	0x32, 0x0d, 0x32, 0x0d, 0x32, 0x0d, 0x32, 0x0d, 
	0x32, 0x4f, 0x32, 0x0d, 0x32, 0x0d, 0x32, 0x0d, 
	0x32, 0x4f, 0x3a, 0x4f, 0x3a, 0x91, 0x3a, 0xd1, 
	0x3a, 0x91, 0x3a, 0x91, 0x3a, 0x91, 0x3a, 0x91, 
	0x32, 0x4f, 0x32, 0x4f, 0x32, 0x4f, 0x32, 0x4f, 
	0x29, 0x8b, 0x29, 0x8b, 0x21, 0x49, 0x21, 0x49, 
	0x21, 0x49, 0x21, 0x49, 0x21, 0x89, 0x21, 0x49, 
	0x21, 0x49, 0x21, 0x49, 0x21, 0x49, 0x21, 0x89, 
	0x21, 0x89, 0x29, 0x8b, 0x29, 0x8b, 0x29, 0x8b, 
	0x21, 0x89, 0x21, 0x89, 0x21, 0x89, 0x29, 0x8b, 
	0x29, 0x8b, 0x29, 0x8b, 0x29, 0xcd, 0x29, 0xcb, 
	0x29, 0xcb, 0x29, 0x8b, 0x29, 0x8b, 0x29, 0x8b, 
	0x29, 0x8b, 0x29, 0x8b, 0x29, 0x8b, 0x29, 0x8b, 
	0x32, 0x0d, 0x32, 0x4f, 0x32, 0x4f, 0x32, 0x4f, 
	0x29, 0xcd, 0x29, 0xcd, 0x29, 0xcd, 0x32, 0x0d, 
	0x32, 0x0d, 0x32, 0x4f, 0x32, 0x0d, 0x32, 0x0d, 
	0x32, 0x0d, 0x32, 0x0d, 0x32, 0x0d, 0x29, 0xcd, 
	0x29, 0xcd, 0x29, 0xcd, 0x29, 0x8b, 0x29, 0xcd, 
	0x29, 0xcd, 0x32, 0x0d, 0x32, 0x4f, 0x29, 0xcd, 
	0x32, 0x0d, 0x32, 0x0d, 0x29, 0xcd, 0x29, 0x8b, 
	0x21, 0x89, 0x29, 0x8b, 0x32, 0x0d, 0x29, 0xcd, 
	0x3a, 0x91, 0x42, 0xd3, 0x42, 0xd3, 0x3a, 0xd1, 
	0x3a, 0x91, 0x3a, 0x91, 0x3a, 0x91, 0x3a, 0x91, 
	0x3a, 0xd1, 0x43, 0x13, 0x3a, 0x91, 0x3a, 0x4f, 
	0x3a, 0xd1, 0x43, 0x13, 0x3a, 0x91, 0x3a, 0x91, 
	0x3a, 0x91, 0x3a, 0x91, 0x3a, 0x91, 0x3a, 0x91, 
	0x3a, 0x91, 0x3a, 0x91, 0x3a, 0x91, 0x3a, 0x91, 
	0x3a, 0x91, 0x3a, 0x91, 0x32, 0x4f, 0x29, 0xcd, 
	0x21, 0x49, 0x29, 0x8b, 0x3a, 0x91, 0x3a, 0x91, 
	0x3a, 0x4f, 0x3a, 0x91, 0x3a, 0xd1, 0x3a, 0xd1, 
	0x3a, 0xd1, 0x43, 0x13, 0x43, 0x13, 0x3a, 0x91, 
	0x43, 0x13, 0x43, 0x13, 0x3a, 0x91, 0x43, 0x13, 
	0x3a, 0xd1, 0x3a, 0xd1, 0x3a, 0xd1, 0x3a, 0x91, 
	0x42, 0xd3, 0x43, 0x13, 0x43, 0x13, 0x43, 0x13, 
	0x43, 0x13, 0x43, 0x13, 0x3a, 0x91, 0x3a, 0x91, 
	0x3a, 0x91, 0x3a, 0x91, 0x32, 0x4f, 0x32, 0x0d, 
	0x21, 0x49, 0x29, 0x8b, 0x32, 0x4f, 0x3a, 0x91, 
	0x3a, 0x4f, 0x3a, 0x91, 0x3a, 0xd1, 0x3a, 0xd1, 
	0x3a, 0xd1, 0x42, 0xd3, 0x43, 0x13, 0x43, 0x13, 
	0x43, 0x13, 0x43, 0x13, 0x3a, 0x91, 0x3a, 0x91, 
	0x3a, 0xd1, 0x3a, 0x91, 0x3a, 0x91, 0x3a, 0x91, 
	0x3a, 0x91, 0x3a, 0xd1, 0x3a, 0xd1, 0x3a, 0xd1, 
	0x3a, 0x91, 0x3a, 0x91, 0x3a, 0x91, 0x3a, 0x91, 
	0x3a, 0x91, 0x3a, 0x91, 0x3a, 0x91, 0x32, 0x4f, 
	0x29, 0x8b, 0x29, 0xcd, 0x3a, 0x4f, 0x3a, 0x91, 
	0x3a, 0x91, 0x3a, 0x91, 0x3a, 0xd1, 0x3a, 0xd1, 
	0x3a, 0xd1, 0x42, 0xd3, 0x3a, 0x91, 0x3a, 0xd1, 
	0x3a, 0xd1, 0x3a, 0xd1, 0x42, 0xd3, 0x3a, 0xd1, 
	0x3a, 0xd1, 0x42, 0xd3, 0x3a, 0x91, 0x3a, 0xd1, 
	0x3a, 0x91, 0x3a, 0xd1, 0x3a, 0xd1, 0x3a, 0xd1, 
	0x42, 0xd3, 0x3a, 0xd1, 0x3a, 0xd1, 0x3a, 0x91, 
	0x42, 0xd3, 0x3a, 0xd1, 0x42, 0xd3, 0x3a, 0x91, 
	0x32, 0x0d, 0x32, 0x0d, 0x3a, 0x91, 0x3a, 0xd1, 
	0x3a, 0x91, 0x3a, 0x91, 0x3a, 0x91, 0x3a, 0x91, 
	0x3a, 0x91, 0x3a, 0x91, 0x3a, 0x91, 0x3a, 0x91, 
	0x3a, 0x91, 0x42, 0xd3, 0x43, 0x13, 0x43, 0x13, 
	0x42, 0xd3, 0x43, 0x13, 0x42, 0xd3, 0x3a, 0xd1, 
	0x43, 0x13, 0x43, 0x13, 0x43, 0x13, 0x43, 0x13, 
	0x42, 0xd3, 0x42, 0xd3, 0x42, 0xd3, 0x42, 0xd3, 
	0x42, 0xd3, 0x43, 0x13, 0x3a, 0xd1, 0x3a, 0x91, 
	0x32, 0x0d, 0x32, 0x4f, 0x3a, 0x91, 0x3a, 0x91, 
	0x32, 0x0d, 0x32, 0x0d, 0x32, 0x0d, 0x32, 0x0d, 
	0x32, 0x4f, 0x32, 0x0d, 0x32, 0x0d, 0x32, 0x0d, 
	0x32, 0x4f, 0x3a, 0x4f, 0x3a, 0x91, 0x3a, 0xd1, 
	0x3a, 0x91, 0x3a, 0x91, 0x3a, 0x91, 0x3a, 0x4f, 
	0x32, 0x4f, 0x32, 0x4f, 0x32, 0x4f, 0x32, 0x4f, 
	0x32, 0x4f, 0x32, 0x0d, 0x32, 0x4f, 0x32, 0x4f, 
	0x32, 0x4f, 0x32, 0x4f, 0x32, 0x4f, 0x32, 0x0d, 
	0x29, 0xcd, 0x32, 0x0d, 0x32, 0x0d, 0x32, 0x0d, 
	0x21, 0x89, 0x29, 0x8b, 0x29, 0x8b, 0x21, 0x89, 
	0x29, 0x8b, 0x21, 0x89, 0x21, 0x89, 0x29, 0x8b, 
	0x29, 0x8b, 0x29, 0x8b, 0x29, 0xcd, 0x29, 0xcb, 
	0x29, 0xcb, 0x29, 0x8b, 0x29, 0x8b, 0x29, 0x8b, 
	0x29, 0x8b, 0x29, 0x8b, 0x29, 0x8b, 0x29, 0x8b, 
	0x29, 0x8b, 0x29, 0x8b, 0x21, 0x49, 0x21, 0x49, 
	0x21, 0x89, 0x21, 0x89, 0x21, 0x89, 0x21, 0x49, 
	0x21, 0x49, 0x21, 0x49, 0x21, 0x49, 0x21, 0x89, 
	0x32, 0x0d, 0x32, 0x0d, 0x32, 0x0d, 0x32, 0x0d, 
	0x32, 0x0d, 0x29, 0xcd, 0x29, 0xcd, 0x29, 0xcd, 
	0x29, 0x8b, 0x29, 0xcd, 0x29, 0xcd, 0x29, 0xcd, 
	0x32, 0x4f, 0x29, 0xcd, 0x29, 0xcd, 0x32, 0x0d, 
	0x29, 0xcd, 0x29, 0x8b, 0x29, 0x8b, 0x29, 0x8b, 
	0x29, 0xcd, 0x29, 0xcd, 0x32, 0x0d, 0x32, 0x4f, 
	0x32, 0x4f, 0x32, 0x4f, 0x29, 0xcd, 0x32, 0x0d, 
	0x32, 0x0d, 0x32, 0x0d, 0x32, 0x0d, 0x32, 0x4f, 
	0x3a, 0x91, 0x3a, 0x4f, 0x3a, 0xd1, 0x43, 0x13, 
	0x3a, 0x91, 0x3a, 0x91, 0x3a, 0x91, 0x3a, 0x91, 
	0x3a, 0x91, 0x3a, 0x91, 0x3a, 0x91, 0x3a, 0x91, 
	0x3a, 0x91, 0x3a, 0x91, 0x3a, 0x91, 0x3a, 0x91, 
	0x32, 0x4f, 0x32, 0x0d, 0x29, 0xcb, 0x29, 0xcb, 
	0x3a, 0x91, 0x3a, 0x91, 0x3a, 0x91, 0x42, 0xd3, 
	0x42, 0xd3, 0x3a, 0xd1, 0x3a, 0x91, 0x3a, 0x91, 
	0x3a, 0x91, 0x3a, 0x91, 0x3a, 0x91, 0x43, 0x13, 
	0x3a, 0x91, 0x43, 0x13, 0x3a, 0xd1, 0x3a, 0xd1, 
	0x3a, 0xd1, 0x3a, 0x91, 0x42, 0xd3, 0x43, 0x13, 
	0x43, 0x13, 0x43, 0x13, 0x43, 0x13, 0x43, 0x13, 
	0x3a, 0x91, 0x3a, 0x91, 0x3a, 0x91, 0x3a, 0x91, 
	0x3a, 0x4f, 0x32, 0x4f, 0x29, 0x8b, 0x29, 0x8b, 
	0x32, 0x4f, 0x3a, 0x91, 0x3a, 0x4f, 0x3a, 0xd1, 
	0x3a, 0xd1, 0x3a, 0xd1, 0x3a, 0xd1, 0x43, 0x13, 
	0x43, 0x13, 0x3a, 0x91, 0x43, 0x13, 0x43, 0x13, 
	0x3a, 0x91, 0x3a, 0x91, 0x3a, 0xd1, 0x3a, 0x91, 
	0x3a, 0x91, 0x3a, 0x91, 0x3a, 0x91, 0x3a, 0xd1, 
	0x3a, 0xd1, 0x3a, 0xd1, 0x3a, 0x91, 0x3a, 0x91, 
	0x3a, 0x91, 0x3a, 0x91, 0x3a, 0x91, 0x3a, 0x91, 
	0x3a, 0x91, 0x3a, 0x91, 0x29, 0xcd, 0x29, 0xcb, 
	0x3a, 0x4f, 0x3a, 0x91, 0x3a, 0x4f, 0x3a, 0x91, 
	0x3a, 0xd1, 0x3a, 0xd1, 0x3a, 0xd1, 0x42, 0xd3, 
	0x43, 0x13, 0x43, 0x13, 0x43, 0x13, 0x43, 0x13, 
	0x42, 0xd3, 0x3a, 0xd1, 0x3a, 0xd1, 0x42, 0xd3, 
	0x3a, 0x91, 0x3a, 0xd1, 0x3a, 0x91, 0x3a, 0xd1, 
	0x3a, 0xd1, 0x3a, 0xd1, 0x42, 0xd3, 0x3a, 0xd1, 
	0x3a, 0xd1, 0x3a, 0x91, 0x42, 0xd3, 0x42, 0xd3, 
	0x3a, 0xd1, 0x3a, 0x91, 0x32, 0x0d, 0x29, 0xcd, 
	0x3a, 0x91, 0x3a, 0x91, 0x3a, 0x91, 0x3a, 0x91, 
	0x3a, 0xd1, 0x3a, 0xd1, 0x3a, 0xd1, 0x42, 0xd3, 
	0x3a, 0x91, 0x3a, 0xd1, 0x3a, 0xd1, 0x3a, 0xd1, 
	0x43, 0x13, 0x43, 0x13, 0x42, 0xd3, 0x43, 0x13, 
	0x42, 0xd3, 0x3a, 0xd1, 0x43, 0x13, 0x43, 0x13, 
	0x43, 0x13, 0x43, 0x13, 0x42, 0xd3, 0x42, 0xd3, 
	0x42, 0xd3, 0x42, 0xd3, 0x42, 0xd3, 0x43, 0x13, 
	0x3a, 0xd1, 0x3a, 0x91, 0x32, 0x0d, 0x32, 0x0d, 
	0x3a, 0x91, 0x3a, 0x91, 0x3a, 0x91, 0x3a, 0x91, 
	0x3a, 0x91, 0x3a, 0x91, 0x3a, 0x91, 0x3a, 0xd1, 
	0x3a, 0x91, 0x3a, 0x91, 0x3a, 0x91, 0x42, 0xd3, 
	0x3a, 0x91, 0x3a, 0xd1, 0x3a, 0x91, 0x3a, 0x91, 
	0x3a, 0x91, 0x3a, 0x91, 0x32, 0x4f, 0x32, 0x4f, 
	0x32, 0x4f, 0x32, 0x4f, 0x32, 0x4f, 0x32, 0x0d, 
	0x32, 0x4f, 0x32, 0x4f, 0x32, 0x4f, 0x32, 0x4f, 
	0x32, 0x4f, 0x32, 0x0d, 0x29, 0xcd, 0x29, 0xcd, 
	0x32, 0x0d, 0x32, 0x0d, 0x32, 0x0d, 0x32, 0x0d, 
	0x32, 0x0d, 0x32, 0x0d, 0x32, 0x4f, 0x32, 0x0d, 
	0x32, 0x0d, 0x32, 0x0d, 0x32, 0x4f, 0x32, 0x4f, 
	0x29, 0xcd, 0x29, 0xcb, 0x29, 0xcd, 0x29, 0x8b, 
	0x29, 0x8b, 0x29, 0x8b, 0x29, 0x8b, 0x29, 0x8b, 
	0x29, 0x8b, 0x29, 0x8b, 0x29, 0x8b, 0x29, 0x8b, 
	0x21, 0x49, 0x21, 0x49, 0x21, 0x49, 0x21, 0x49, 
	0x21, 0x49, 0x21, 0x49, 0x21, 0x49, 0x21, 0x49, 
	0x21, 0x49, 0x21, 0x89, 0x21, 0x89, 0x29, 0x8b, 
	0x29, 0x8b, 0x29, 0x8b, 0x29, 0x8b, 0x21, 0x89, 
	0x29, 0x8b, 0x29, 0x8b, 0x29, 0x8b, 0x29, 0x8b, 
	
};

Gfx hyrule_dl_green_way_rgba16_aligner[] = {gsSPEndDisplayList()};
u8 hyrule_dl_green_way_rgba16[] = {
	0x29, 0x8b, 0x32, 0x0d, 0x42, 0xd3, 0x3a, 0xd1, 
	0x3a, 0x91, 0x42, 0xd3, 0x32, 0x0d, 0x29, 0xcd, 
	0x29, 0xcd, 0x29, 0xcd, 0x29, 0x8b, 0x29, 0xcd, 
	0x29, 0xcd, 0x32, 0x0d, 0x32, 0x4f, 0x29, 0xcd, 
	0x32, 0x0d, 0x32, 0x4f, 0x32, 0x0d, 0x32, 0x0d, 
	0x32, 0x0d, 0x32, 0x0d, 0x32, 0x0d, 0x29, 0xcd, 
	0x29, 0x8b, 0x32, 0x0d, 0x42, 0xd3, 0x3a, 0xd1, 
	0x3a, 0x91, 0x42, 0xd3, 0x32, 0x0d, 0x32, 0x0d, 
	0x29, 0x8b, 0x32, 0x0d, 0x3a, 0x91, 0x3a, 0x91, 
	0x3a, 0xd1, 0x3a, 0x91, 0x32, 0x0d, 0x29, 0xcd, 
	0x3a, 0x91, 0x3a, 0x91, 0x3a, 0x91, 0x3a, 0x91, 
	0x3a, 0x91, 0x3a, 0x91, 0x3a, 0x91, 0x3a, 0x91, 
	0x3a, 0xd1, 0x43, 0x13, 0x3a, 0x91, 0x3a, 0x4f, 
	0x3a, 0xd1, 0x43, 0x13, 0x3a, 0x91, 0x3a, 0x91, 
	0x29, 0x8b, 0x32, 0x0d, 0x3a, 0x91, 0x3a, 0x91, 
	0x3a, 0xd1, 0x3a, 0x91, 0x32, 0x0d, 0x32, 0x0d, 
	0x29, 0x8b, 0x29, 0xcd, 0x3a, 0x91, 0x3a, 0xd1, 
	0x3a, 0x91, 0x3a, 0x91, 0x29, 0xcd, 0x29, 0xcd, 
	0x42, 0xd3, 0x43, 0x13, 0x43, 0x13, 0x43, 0x13, 
	0x43, 0x13, 0x43, 0x13, 0x3a, 0x91, 0x3a, 0x91, 
	0x43, 0x13, 0x43, 0x13, 0x3a, 0x91, 0x43, 0x13, 
	0x3a, 0xd1, 0x3a, 0xd1, 0x3a, 0xd1, 0x3a, 0x91, 
	0x29, 0x8b, 0x29, 0xcd, 0x3a, 0x91, 0x3a, 0xd1, 
	0x3a, 0x91, 0x3a, 0x91, 0x29, 0xcd, 0x29, 0xcd, 
	0x29, 0x8b, 0x29, 0xcd, 0x3a, 0x91, 0x3a, 0x91, 
	0x42, 0xd3, 0x3a, 0x91, 0x29, 0xcd, 0x29, 0xcd, 
	0x3a, 0x91, 0x3a, 0xd1, 0x3a, 0xd1, 0x3a, 0xd1, 
	0x3a, 0x91, 0x3a, 0x91, 0x3a, 0x91, 0x3a, 0x91, 
	0x43, 0x13, 0x43, 0x13, 0x3a, 0x91, 0x3a, 0x91, 
	0x3a, 0xd1, 0x3a, 0x91, 0x3a, 0x91, 0x3a, 0x91, 
	0x29, 0x8b, 0x29, 0xcd, 0x3a, 0x91, 0x3a, 0x91, 
	0x42, 0xd3, 0x3a, 0x91, 0x29, 0xcd, 0x29, 0xcd, 
	0x29, 0x8b, 0x29, 0xcd, 0x3a, 0x91, 0x3a, 0xd1, 
	0x43, 0x13, 0x3a, 0x91, 0x29, 0xcd, 0x29, 0xcd, 
	0x3a, 0x91, 0x3a, 0xd1, 0x3a, 0xd1, 0x3a, 0xd1, 
	0x42, 0xd3, 0x3a, 0xd1, 0x3a, 0xd1, 0x3a, 0x91, 
	0x3a, 0xd1, 0x3a, 0xd1, 0x42, 0xd3, 0x3a, 0xd1, 
	0x3a, 0xd1, 0x42, 0xd3, 0x3a, 0x91, 0x3a, 0xd1, 
	0x29, 0x8b, 0x29, 0xcd, 0x3a, 0x91, 0x3a, 0xd1, 
	0x43, 0x13, 0x3a, 0x91, 0x29, 0xcd, 0x29, 0xcd, 
	0x29, 0x8b, 0x29, 0x8b, 0x3a, 0x91, 0x3a, 0xd1, 
	0x43, 0x13, 0x3a, 0x91, 0x29, 0x8b, 0x29, 0x8b, 
	0x43, 0x13, 0x43, 0x13, 0x43, 0x13, 0x43, 0x13, 
	0x42, 0xd3, 0x42, 0xd3, 0x42, 0xd3, 0x42, 0xd3, 
	0x3a, 0x91, 0x42, 0xd3, 0x43, 0x13, 0x43, 0x13, 
	0x42, 0xd3, 0x43, 0x13, 0x42, 0xd3, 0x3a, 0xd1, 
	0x29, 0x8b, 0x29, 0x8b, 0x3a, 0x91, 0x3a, 0xd1, 
	0x43, 0x13, 0x3a, 0x91, 0x29, 0x8b, 0x29, 0x8b, 
	0x29, 0x8b, 0x29, 0xcd, 0x3a, 0x91, 0x3a, 0xd1, 
	0x43, 0x13, 0x3a, 0x91, 0x29, 0xcd, 0x29, 0xcd, 
	0x32, 0x4f, 0x32, 0x4f, 0x32, 0x4f, 0x32, 0x4f, 
	0x32, 0x4f, 0x32, 0x0d, 0x32, 0x4f, 0x32, 0x4f, 
	0x32, 0x4f, 0x3a, 0x4f, 0x3a, 0x91, 0x3a, 0xd1, 
	0x3a, 0x91, 0x3a, 0x91, 0x3a, 0x91, 0x3a, 0x4f, 
	0x29, 0x8b, 0x29, 0xcd, 0x3a, 0x91, 0x3a, 0xd1, 
	0x43, 0x13, 0x3a, 0x91, 0x29, 0xcd, 0x29, 0x8b, 
	0x29, 0x8b, 0x29, 0xcd, 0x3a, 0x91, 0x42, 0xd3, 
	0x43, 0x13, 0x3a, 0x91, 0x29, 0xcd, 0x29, 0xcd, 
	0x29, 0x8b, 0x29, 0x8b, 0x29, 0x8b, 0x29, 0x8b, 
	0x29, 0x8b, 0x29, 0x8b, 0x21, 0x49, 0x21, 0x49, 
	0x29, 0x8b, 0x29, 0x8b, 0x29, 0xcd, 0x29, 0xcb, 
	0x29, 0xcb, 0x29, 0x8b, 0x29, 0x8b, 0x29, 0x8b, 
	0x29, 0x8b, 0x29, 0xcd, 0x3a, 0x91, 0x42, 0xd3, 
	0x43, 0x13, 0x3a, 0x91, 0x29, 0xcd, 0x29, 0x8b, 
	0x29, 0x8b, 0x32, 0x0d, 0x3a, 0x91, 0x3a, 0xd1, 
	0x43, 0x13, 0x3a, 0x91, 0x32, 0x0d, 0x29, 0xcd, 
	0x29, 0x8b, 0x29, 0x8b, 0x29, 0xcd, 0x29, 0xcd, 
	0x32, 0x0d, 0x32, 0x4f, 0x32, 0x4f, 0x32, 0x4f, 
	0x32, 0x0d, 0x32, 0x0d, 0x32, 0x0d, 0x32, 0x0d, 
	0x32, 0x0d, 0x32, 0x4f, 0x32, 0x0d, 0x32, 0x0d, 
	0x29, 0x8b, 0x32, 0x0d, 0x3a, 0x91, 0x3a, 0xd1, 
	0x43, 0x13, 0x3a, 0x91, 0x32, 0x0d, 0x32, 0x0d, 
	0x21, 0x49, 0x32, 0x4f, 0x3a, 0x91, 0x3a, 0xd1, 
	0x3a, 0x91, 0x3a, 0x91, 0x29, 0xcd, 0x29, 0xcd, 
	0x29, 0x8b, 0x29, 0xcd, 0x3a, 0x91, 0x3a, 0x91, 
	0x3a, 0x91, 0x42, 0xd3, 0x42, 0xd3, 0x3a, 0xd1, 
	0x3a, 0x91, 0x3a, 0x91, 0x3a, 0x91, 0x3a, 0x91, 
	0x3a, 0xd1, 0x43, 0x13, 0x3a, 0x91, 0x3a, 0x4f, 
	0x21, 0x49, 0x32, 0x4f, 0x3a, 0x91, 0x3a, 0xd1, 
	0x3a, 0x91, 0x3a, 0x91, 0x32, 0x4f, 0x29, 0xcd, 
	0x21, 0x49, 0x32, 0x0d, 0x3a, 0x91, 0x3a, 0x91, 
	0x3a, 0x91, 0x3a, 0x91, 0x29, 0xcd, 0x29, 0xcd, 
	0x21, 0x49, 0x29, 0xcd, 0x3a, 0x4f, 0x3a, 0x91, 
	0x3a, 0x4f, 0x3a, 0xd1, 0x3a, 0xd1, 0x3a, 0xd1, 
	0x3a, 0xd1, 0x43, 0x13, 0x43, 0x13, 0x3a, 0x91, 
	0x43, 0x13, 0x43, 0x13, 0x3a, 0x91, 0x43, 0x13, 
	0x21, 0x49, 0x32, 0x0d, 0x3a, 0x91, 0x3a, 0x91, 
	0x3a, 0x91, 0x3a, 0x91, 0x32, 0x0d, 0x29, 0x8b, 
	0x21, 0x49, 0x32, 0x0d, 0x3a, 0x91, 0x42, 0xd3, 
	0x3a, 0x91, 0x3a, 0x91, 0x32, 0x0d, 0x29, 0xcd, 
	0x29, 0x8b, 0x29, 0xcd, 0x3a, 0x4f, 0x3a, 0x91, 
	0x3a, 0x4f, 0x3a, 0x91, 0x3a, 0xd1, 0x3a, 0xd1, 
	0x3a, 0xd1, 0x42, 0xd3, 0x43, 0x13, 0x43, 0x13, 
	0x43, 0x13, 0x43, 0x13, 0x3a, 0x91, 0x3a, 0x91, 
	0x21, 0x49, 0x32, 0x0d, 0x3a, 0x91, 0x42, 0xd3, 
	0x3a, 0x91, 0x3a, 0x91, 0x32, 0x0d, 0x29, 0x8b, 
	0x21, 0x49, 0x32, 0x0d, 0x3a, 0x91, 0x3a, 0x91, 
	0x3a, 0x91, 0x3a, 0x91, 0x32, 0x0d, 0x29, 0xcd, 
	0x29, 0xcd, 0x32, 0x4f, 0x3a, 0x91, 0x3a, 0x91, 
	0x3a, 0x91, 0x3a, 0x91, 0x3a, 0xd1, 0x3a, 0xd1, 
	0x3a, 0xd1, 0x42, 0xd3, 0x3a, 0x91, 0x3a, 0xd1, 
	0x3a, 0x91, 0x3a, 0xd1, 0x42, 0xd3, 0x3a, 0xd1, 
	0x21, 0x49, 0x32, 0x0d, 0x3a, 0x91, 0x3a, 0xd1, 
	0x3a, 0x91, 0x3a, 0x91, 0x32, 0x0d, 0x29, 0x8b, 
	0x21, 0x89, 0x29, 0xcd, 0x3a, 0x91, 0x3a, 0xd1, 
	0x3a, 0x91, 0x3a, 0x91, 0x29, 0xcd, 0x29, 0xcd, 
	0x29, 0xcd, 0x3a, 0x4f, 0x3a, 0x91, 0x3a, 0x91, 
	0x3a, 0x91, 0x3a, 0x91, 0x3a, 0x91, 0x3a, 0x91, 
	0x3a, 0x91, 0x3a, 0xd1, 0x3a, 0x91, 0x3a, 0x4f, 
	0x3a, 0xd1, 0x42, 0xd3, 0x43, 0x13, 0x43, 0x13, 
	0x21, 0x89, 0x29, 0xcd, 0x3a, 0x91, 0x3a, 0xd1, 
	0x3a, 0x91, 0x3a, 0x91, 0x29, 0xcd, 0x29, 0xcd, 
	0x21, 0x89, 0x29, 0x8b, 0x3a, 0x91, 0x3a, 0x91, 
	0x42, 0xd3, 0x3a, 0x91, 0x29, 0x8b, 0x29, 0xcd, 
	0x29, 0xcd, 0x32, 0x0d, 0x32, 0x0d, 0x32, 0x0d, 
	0x32, 0x0d, 0x32, 0x0d, 0x32, 0x0d, 0x32, 0x0d, 
	0x32, 0x4f, 0x32, 0x0d, 0x32, 0x0d, 0x32, 0x0d, 
	0x32, 0x4f, 0x3a, 0x4f, 0x3a, 0x91, 0x3a, 0xd1, 
	0x21, 0x89, 0x29, 0x8b, 0x3a, 0x91, 0x3a, 0x91, 
	0x42, 0xd3, 0x3a, 0x91, 0x29, 0x8b, 0x32, 0x0d, 
	0x21, 0x49, 0x29, 0xcd, 0x3a, 0x91, 0x3a, 0xd1, 
	0x43, 0x13, 0x3a, 0x91, 0x29, 0xcd, 0x29, 0xcd, 
	0x21, 0x49, 0x21, 0x49, 0x21, 0x49, 0x21, 0x89, 
	0x21, 0x89, 0x29, 0x8b, 0x29, 0x8b, 0x29, 0x8b, 
	0x21, 0x89, 0x21, 0x89, 0x21, 0x89, 0x29, 0x8b, 
	0x29, 0x8b, 0x29, 0x8b, 0x29, 0xcd, 0x29, 0xcb, 
	0x21, 0x49, 0x29, 0xcd, 0x3a, 0x91, 0x3a, 0xd1, 
	0x43, 0x13, 0x3a, 0x91, 0x29, 0xcd, 0x29, 0xcd, 
	0x21, 0x49, 0x29, 0xcd, 0x3a, 0x91, 0x3a, 0xd1, 
	0x43, 0x13, 0x3a, 0x91, 0x29, 0xcd, 0x29, 0xcd, 
	0x32, 0x0d, 0x32, 0x4f, 0x32, 0x0d, 0x32, 0x0d, 
	0x32, 0x0d, 0x32, 0x0d, 0x32, 0x0d, 0x29, 0xcd, 
	0x29, 0xcd, 0x29, 0xcd, 0x29, 0x8b, 0x29, 0xcd, 
	0x29, 0xcd, 0x32, 0x0d, 0x32, 0x4f, 0x29, 0xcd, 
	0x21, 0x49, 0x29, 0xcd, 0x3a, 0x91, 0x3a, 0xd1, 
	0x43, 0x13, 0x3a, 0x91, 0x29, 0xcd, 0x29, 0xcd, 
	0x21, 0x49, 0x32, 0x0d, 0x3a, 0x91, 0x3a, 0xd1, 
	0x43, 0x13, 0x3a, 0x91, 0x32, 0x0d, 0x29, 0xcd, 
	0x3a, 0xd1, 0x43, 0x13, 0x3a, 0x91, 0x3a, 0x4f, 
	0x3a, 0xd1, 0x43, 0x13, 0x3a, 0x91, 0x3a, 0x91, 
	0x3a, 0x91, 0x3a, 0x91, 0x3a, 0x91, 0x3a, 0x91, 
	0x3a, 0x91, 0x3a, 0x91, 0x3a, 0x91, 0x3a, 0x91, 
	0x21, 0x49, 0x32, 0x0d, 0x3a, 0x91, 0x3a, 0xd1, 
	0x43, 0x13, 0x3a, 0x91, 0x32, 0x0d, 0x29, 0xcd, 
	0x21, 0x89, 0x29, 0xcd, 0x3a, 0x91, 0x3a, 0x91, 
	0x3a, 0x91, 0x3a, 0x91, 0x29, 0xcd, 0x29, 0xcd, 
	0x43, 0x13, 0x43, 0x13, 0x3a, 0x91, 0x43, 0x13, 
	0x3a, 0xd1, 0x3a, 0xd1, 0x3a, 0xd1, 0x3a, 0x91, 
	0x42, 0xd3, 0x43, 0x13, 0x43, 0x13, 0x43, 0x13, 
	0x43, 0x13, 0x43, 0x13, 0x3a, 0x91, 0x3a, 0x91, 
	0x21, 0x89, 0x29, 0xcd, 0x3a, 0x91, 0x3a, 0x91, 
	0x3a, 0x91, 0x3a, 0x91, 0x29, 0xcd, 0x29, 0xcd, 
	0x21, 0x89, 0x32, 0x0d, 0x3a, 0x91, 0x3a, 0x91, 
	0x3a, 0x4f, 0x3a, 0x91, 0x32, 0x0d, 0x29, 0xcd, 
	0x43, 0x13, 0x43, 0x13, 0x3a, 0x91, 0x3a, 0x91, 
	0x3a, 0xd1, 0x3a, 0x91, 0x3a, 0x91, 0x3a, 0x91, 
	0x3a, 0x91, 0x3a, 0xd1, 0x3a, 0xd1, 0x3a, 0xd1, 
	0x3a, 0x91, 0x3a, 0x91, 0x3a, 0x91, 0x3a, 0x91, 
	0x21, 0x89, 0x32, 0x0d, 0x3a, 0x91, 0x3a, 0xd1, 
	0x3a, 0x4f, 0x3a, 0x91, 0x32, 0x0d, 0x29, 0xcd, 
	0x29, 0x8b, 0x32, 0x4f, 0x42, 0xd3, 0x3a, 0x91, 
	0x3a, 0xd1, 0x42, 0xd3, 0x32, 0x4f, 0x29, 0xcd, 
	0x3a, 0xd1, 0x3a, 0xd1, 0x42, 0xd3, 0x3a, 0xd1, 
	0x3a, 0xd1, 0x42, 0xd3, 0x3a, 0x91, 0x3a, 0xd1, 
	0x3a, 0x91, 0x3a, 0xd1, 0x3a, 0xd1, 0x3a, 0xd1, 
	0x42, 0xd3, 0x3a, 0xd1, 0x3a, 0xd1, 0x3a, 0x91, 
	0x29, 0x8b, 0x32, 0x4f, 0x42, 0xd3, 0x3a, 0xd1, 
	0x3a, 0xd1, 0x42, 0xd3, 0x32, 0x4f, 0x29, 0x8b, 
	0x29, 0x8b, 0x3a, 0x4f, 0x42, 0xd3, 0x3a, 0xd1, 
	0x3a, 0xd1, 0x42, 0xd3, 0x3a, 0x4f, 0x29, 0xcd, 
	0x3a, 0x91, 0x42, 0xd3, 0x43, 0x13, 0x43, 0x13, 
	0x42, 0xd3, 0x43, 0x13, 0x42, 0xd3, 0x3a, 0xd1, 
	0x43, 0x13, 0x43, 0x13, 0x43, 0x13, 0x43, 0x13, 
	0x42, 0xd3, 0x42, 0xd3, 0x42, 0xd3, 0x42, 0xd3, 
	0x29, 0x8b, 0x3a, 0x4f, 0x42, 0xd3, 0x3a, 0xd1, 
	0x3a, 0xd1, 0x42, 0xd3, 0x3a, 0x4f, 0x29, 0x8b, 
	0x21, 0x89, 0x32, 0x4f, 0x3a, 0xd1, 0x3a, 0xd1, 
	0x3a, 0xd1, 0x3a, 0xd1, 0x32, 0x4f, 0x29, 0x8b, 
	0x32, 0x4f, 0x3a, 0x4f, 0x3a, 0x91, 0x3a, 0xd1, 
	0x3a, 0x91, 0x3a, 0x91, 0x3a, 0x91, 0x3a, 0x4f, 
	0x32, 0x4f, 0x32, 0x4f, 0x32, 0x4f, 0x32, 0x4f, 
	0x32, 0x4f, 0x32, 0x0d, 0x32, 0x4f, 0x32, 0x4f, 
	0x21, 0x89, 0x32, 0x4f, 0x3a, 0xd1, 0x3a, 0xd1, 
	0x3a, 0xd1, 0x3a, 0xd1, 0x32, 0x4f, 0x29, 0x8b, 
	0x29, 0x8b, 0x32, 0x0d, 0x3a, 0x91, 0x3a, 0xd1, 
	0x3a, 0xd1, 0x3a, 0x91, 0x32, 0x0d, 0x29, 0x8b, 
	0x29, 0x8b, 0x29, 0x8b, 0x29, 0xcd, 0x29, 0xcb, 
	0x29, 0xcb, 0x29, 0x8b, 0x29, 0x8b, 0x29, 0x8b, 
	0x29, 0x8b, 0x29, 0x8b, 0x29, 0x8b, 0x29, 0x8b, 
	0x29, 0x8b, 0x29, 0x8b, 0x21, 0x49, 0x21, 0x49, 
	0x29, 0x8b, 0x32, 0x0d, 0x3a, 0x91, 0x3a, 0xd1, 
	0x3a, 0xd1, 0x3a, 0x91, 0x32, 0x0d, 0x32, 0x0d, 
	0x21, 0x89, 0x32, 0x0d, 0x3a, 0x91, 0x42, 0xd3, 
	0x43, 0x13, 0x3a, 0x91, 0x32, 0x0d, 0x29, 0x8b, 
	0x29, 0x8b, 0x29, 0xcd, 0x29, 0xcd, 0x29, 0xcd, 
	0x32, 0x4f, 0x29, 0xcd, 0x29, 0xcd, 0x32, 0x0d, 
	0x32, 0x0d, 0x32, 0x0d, 0x32, 0x0d, 0x32, 0x0d, 
	0x32, 0x0d, 0x32, 0x4f, 0x32, 0x0d, 0x32, 0x0d, 
	0x21, 0x89, 0x32, 0x0d, 0x3a, 0x91, 0x42, 0xd3, 
	0x43, 0x13, 0x3a, 0x91, 0x32, 0x0d, 0x29, 0xcd, 
	0x21, 0x89, 0x32, 0x0d, 0x3a, 0x91, 0x3a, 0x91, 
	0x43, 0x13, 0x3a, 0x91, 0x32, 0x0d, 0x29, 0x8b, 
	0x3a, 0x91, 0x3a, 0x91, 0x3a, 0x91, 0x3a, 0x91, 
	0x3a, 0x91, 0x3a, 0x91, 0x3a, 0x91, 0x3a, 0x91, 
	0x3a, 0x91, 0x3a, 0x91, 0x3a, 0x91, 0x3a, 0x91, 
	0x3a, 0xd1, 0x43, 0x13, 0x3a, 0x91, 0x3a, 0x4f, 
	0x21, 0x89, 0x32, 0x0d, 0x3a, 0x91, 0x3a, 0x91, 
	0x43, 0x13, 0x3a, 0x91, 0x32, 0x0d, 0x29, 0xcd, 
	0x29, 0x8b, 0x32, 0x0d, 0x3a, 0x91, 0x3a, 0xd1, 
	0x3a, 0x91, 0x3a, 0x91, 0x32, 0x0d, 0x32, 0x0d, 
	0x43, 0x13, 0x43, 0x13, 0x43, 0x13, 0x43, 0x13, 
	0x3a, 0x91, 0x3a, 0x91, 0x3a, 0x91, 0x3a, 0x91, 
	0x3a, 0xd1, 0x43, 0x13, 0x43, 0x13, 0x3a, 0x91, 
	0x43, 0x13, 0x43, 0x13, 0x3a, 0x91, 0x43, 0x13, 
	0x29, 0x8b, 0x32, 0x0d, 0x3a, 0x91, 0x3a, 0xd1, 
	0x3a, 0x91, 0x3a, 0x91, 0x32, 0x0d, 0x29, 0xcd, 
	0x29, 0x8b, 0x32, 0x4f, 0x3a, 0x91, 0x3a, 0xd1, 
	0x43, 0x13, 0x3a, 0x91, 0x32, 0x4f, 0x29, 0xcd, 
	0x3a, 0xd1, 0x3a, 0xd1, 0x3a, 0x91, 0x3a, 0x91, 
	0x3a, 0x91, 0x3a, 0x91, 0x3a, 0x91, 0x3a, 0x91, 
	0x3a, 0xd1, 0x42, 0xd3, 0x43, 0x13, 0x43, 0x13, 
	0x43, 0x13, 0x43, 0x13, 0x3a, 0x91, 0x3a, 0x91, 
	0x29, 0x8b, 0x32, 0x4f, 0x3a, 0x91, 0x3a, 0xd1, 
	0x43, 0x13, 0x3a, 0x91, 0x32, 0x4f, 0x29, 0xcd, 
	0x29, 0x8b, 0x3a, 0x4f, 0x43, 0x13, 0x3a, 0xd1, 
	0x43, 0x13, 0x43, 0x13, 0x3a, 0x4f, 0x29, 0xcd, 
	0x3a, 0xd1, 0x3a, 0xd1, 0x42, 0xd3, 0x3a, 0xd1, 
	0x3a, 0xd1, 0x3a, 0x91, 0x42, 0xd3, 0x42, 0xd3, 
	0x3a, 0xd1, 0x42, 0xd3, 0x3a, 0x91, 0x3a, 0xd1, 
	0x3a, 0x91, 0x3a, 0xd1, 0x42, 0xd3, 0x3a, 0xd1, 
	0x29, 0x8b, 0x3a, 0x4f, 0x43, 0x13, 0x3a, 0xd1, 
	0x43, 0x13, 0x43, 0x13, 0x3a, 0x4f, 0x29, 0xcd, 
	0x29, 0xcd, 0x32, 0x0d, 0x3a, 0x91, 0x42, 0xd3, 
	0x3a, 0x91, 0x3a, 0x91, 0x32, 0x0d, 0x29, 0x8b, 
	0x43, 0x13, 0x43, 0x13, 0x42, 0xd3, 0x42, 0xd3, 
	0x42, 0xd3, 0x42, 0xd3, 0x42, 0xd3, 0x43, 0x13, 
	0x3a, 0x91, 0x3a, 0xd1, 0x3a, 0x91, 0x3a, 0x4f, 
	0x3a, 0xd1, 0x42, 0xd3, 0x43, 0x13, 0x43, 0x13, 
	0x29, 0xcd, 0x32, 0x0d, 0x3a, 0x91, 0x42, 0xd3, 
	0x3a, 0x91, 0x3a, 0x91, 0x32, 0x0d, 0x32, 0x0d, 
	0x29, 0x8b, 0x32, 0x0d, 0x3a, 0x4f, 0x3a, 0xd1, 
	0x43, 0x13, 0x3a, 0x4f, 0x32, 0x0d, 0x29, 0xcd, 
	0x32, 0x4f, 0x32, 0x4f, 0x32, 0x4f, 0x32, 0x0d, 
	0x32, 0x4f, 0x32, 0x4f, 0x32, 0x4f, 0x32, 0x4f, 
	0x32, 0x4f, 0x32, 0x0d, 0x32, 0x0d, 0x32, 0x0d, 
	0x32, 0x4f, 0x3a, 0x4f, 0x3a, 0x91, 0x3a, 0xd1, 
	0x29, 0x8b, 0x32, 0x0d, 0x3a, 0x4f, 0x3a, 0xd1, 
	0x43, 0x13, 0x3a, 0x4f, 0x32, 0x0d, 0x29, 0x8b, 
	0x29, 0xcd, 0x32, 0x4f, 0x3a, 0xd1, 0x3a, 0xd1, 
	0x3a, 0xd1, 0x3a, 0xd1, 0x32, 0x4f, 0x29, 0xcd, 
	0x29, 0x8b, 0x29, 0x8b, 0x29, 0x8b, 0x29, 0x8b, 
	0x21, 0x49, 0x21, 0x49, 0x21, 0x49, 0x21, 0x49, 
	0x21, 0x89, 0x21, 0x89, 0x21, 0x89, 0x29, 0x8b, 
	0x29, 0x8b, 0x29, 0x8b, 0x29, 0xcd, 0x29, 0xcb, 
	0x29, 0xcd, 0x32, 0x4f, 0x3a, 0xd1, 0x3a, 0xd1, 
	0x3a, 0xd1, 0x3a, 0xd1, 0x32, 0x4f, 0x29, 0x8b, 
	
};

Gfx hyrule_dl_platforms_top_rgba16_aligner[] = {gsSPEndDisplayList()};
u8 hyrule_dl_platforms_top_rgba16[] = {
	0x8b, 0xd9, 0x94, 0x1d, 0x94, 0x1b, 0x83, 0x97, 
	0x83, 0x97, 0x8b, 0xd9, 0x94, 0x1b, 0x41, 0xcb, 
	0x52, 0x0d, 0x62, 0x91, 0x62, 0x91, 0x62, 0x91, 
	0x62, 0x91, 0x73, 0x13, 0x73, 0x13, 0x73, 0x13, 
	0x73, 0x13, 0x83, 0x97, 0x7b, 0x55, 0x73, 0x13, 
	0x73, 0x13, 0x73, 0x13, 0x73, 0x13, 0x41, 0xcb, 
	0x52, 0x0d, 0x73, 0x13, 0x62, 0x91, 0x62, 0x91, 
	0x62, 0x91, 0x62, 0x91, 0x73, 0x13, 0x41, 0xcb, 
	0x8b, 0xd9, 0x8b, 0xd9, 0x83, 0x97, 0x94, 0x1b, 
	0x94, 0x1b, 0x94, 0x1b, 0x9c, 0x5f, 0x41, 0xcb, 
	0x7b, 0x55, 0x8b, 0xd9, 0x83, 0x97, 0x83, 0x97, 
	0x8b, 0xd9, 0x83, 0x97, 0x7b, 0x55, 0x7b, 0x55, 
	0x83, 0x97, 0x8b, 0xd9, 0x83, 0x97, 0x83, 0x97, 
	0x8b, 0xd9, 0x94, 0x1d, 0x9c, 0x5f, 0x73, 0x13, 
	0x83, 0x97, 0x8b, 0xd9, 0x8b, 0xd9, 0x94, 0x1d, 
	0x94, 0x1d, 0x94, 0x1b, 0x94, 0x1d, 0x62, 0x91, 
	0x83, 0x97, 0x94, 0x1b, 0x94, 0x1b, 0x8b, 0xd9, 
	0x94, 0x1b, 0x8b, 0xd9, 0x83, 0x97, 0x5a, 0x4f, 
	0x73, 0x13, 0x83, 0x97, 0x83, 0x97, 0x8b, 0xd9, 
	0x83, 0x97, 0x83, 0x97, 0x8b, 0xd9, 0x73, 0x13, 
	0x7b, 0x55, 0x8b, 0xd9, 0x94, 0x1b, 0x94, 0x1b, 
	0x94, 0x1b, 0x94, 0x1b, 0x94, 0x1d, 0x62, 0x91, 
	0x83, 0x97, 0x83, 0x97, 0x7b, 0x55, 0x83, 0x97, 
	0x8b, 0xd9, 0x83, 0x97, 0x94, 0x1b, 0x62, 0x91, 
	0x83, 0x97, 0x83, 0x97, 0x83, 0x97, 0x94, 0x1d, 
	0x94, 0x1d, 0x94, 0x1b, 0x83, 0x97, 0x41, 0xcb, 
	0x62, 0x91, 0x83, 0x97, 0x8b, 0xd9, 0x94, 0x1b, 
	0x83, 0x97, 0x83, 0x97, 0x8b, 0xd9, 0x83, 0x97, 
	0x7b, 0x55, 0x83, 0x97, 0x7b, 0x55, 0x83, 0x97, 
	0x8b, 0xd9, 0x83, 0x97, 0x94, 0x1d, 0x62, 0x91, 
	0x83, 0x97, 0x83, 0x97, 0x7b, 0x55, 0x7b, 0x55, 
	0x83, 0x97, 0x8b, 0xd9, 0x94, 0x1b, 0x52, 0x0d, 
	0x83, 0x97, 0x83, 0x97, 0x8b, 0xd9, 0x94, 0x1d, 
	0x8b, 0xd9, 0x83, 0x97, 0x83, 0x97, 0x41, 0xcb, 
	0x62, 0x91, 0x83, 0x97, 0x8b, 0xd9, 0x7b, 0x55, 
	0x7b, 0x55, 0x83, 0x97, 0x83, 0x97, 0x83, 0x97, 
	0x83, 0x97, 0x83, 0x97, 0x8b, 0xd9, 0x8b, 0xd9, 
	0x8b, 0xd9, 0x8b, 0xd9, 0x94, 0x1d, 0x62, 0x91, 
	0x83, 0x97, 0x8b, 0xd9, 0x83, 0x97, 0x8b, 0xd9, 
	0x83, 0x97, 0x8b, 0xd9, 0x94, 0x1d, 0x5a, 0x4f, 
	0x8b, 0xd9, 0x83, 0x97, 0x8b, 0xd9, 0x8b, 0xd9, 
	0x83, 0x97, 0x7b, 0x55, 0x83, 0x97, 0x52, 0x0d, 
	0x73, 0x13, 0x94, 0x1b, 0x8b, 0xd9, 0x8b, 0xd9, 
	0x8b, 0xd9, 0x8b, 0xd9, 0x94, 0x1b, 0x94, 0x1b, 
	0x8b, 0xd9, 0x8b, 0xd9, 0x94, 0x1b, 0x94, 0x1b, 
	0x94, 0x1b, 0x94, 0x1b, 0x94, 0x1b, 0x62, 0x91, 
	0x83, 0x97, 0x94, 0x1d, 0x94, 0x1b, 0x83, 0x97, 
	0x8b, 0xd9, 0x9c, 0x5f, 0x9c, 0x5f, 0x5a, 0x4f, 
	0x83, 0x97, 0x94, 0x1b, 0x83, 0x97, 0x83, 0x97, 
	0x94, 0x1b, 0x94, 0x1b, 0x94, 0x1d, 0x52, 0x0d, 
	0x7b, 0x55, 0x94, 0x1d, 0x94, 0x1d, 0x94, 0x1d, 
	0x94, 0x1d, 0x94, 0x1d, 0x9c, 0x5f, 0x9c, 0x5f, 
	0x94, 0x1d, 0x94, 0x1d, 0x94, 0x1d, 0x94, 0x1d, 
	0x9c, 0x5f, 0x9c, 0x5f, 0x9c, 0x5f, 0x62, 0x91, 
	0x7b, 0x55, 0x94, 0x1d, 0x8b, 0xd9, 0x83, 0x97, 
	0x83, 0x97, 0x94, 0x1b, 0x9c, 0x5f, 0x52, 0x0d, 
	0x41, 0xcb, 0x5a, 0x4f, 0x5a, 0x4f, 0x52, 0x0d, 
	0x52, 0x0d, 0x41, 0xcb, 0x5a, 0x4f, 0x39, 0x8b, 
	0x52, 0x0d, 0x62, 0x91, 0x62, 0x91, 0x62, 0x91, 
	0x62, 0x91, 0x62, 0x91, 0x62, 0x91, 0x73, 0x13, 
	0x73, 0x13, 0x62, 0x91, 0x62, 0x91, 0x73, 0x13, 
	0x73, 0x13, 0x73, 0x13, 0x7b, 0x55, 0x62, 0x91, 
	0x83, 0x97, 0x9c, 0x5f, 0x94, 0x1b, 0x83, 0x97, 
	0x7b, 0x55, 0x94, 0x1b, 0x94, 0x1d, 0x52, 0x0d, 
	0x62, 0x91, 0x73, 0x13, 0x73, 0x13, 0x62, 0x91, 
	0x62, 0x91, 0x62, 0x91, 0x73, 0x13, 0x7b, 0x55, 
	0x7b, 0x55, 0x73, 0x13, 0x73, 0x13, 0x73, 0x13, 
	0x73, 0x13, 0x62, 0x91, 0x62, 0x91, 0x41, 0xcb, 
	0x5a, 0x4f, 0x62, 0x91, 0x62, 0x91, 0x62, 0x91, 
	0x73, 0x13, 0x62, 0x91, 0x73, 0x13, 0x62, 0x91, 
	0x83, 0x97, 0x9c, 0x5f, 0x94, 0x1b, 0x83, 0x97, 
	0x94, 0x1b, 0x94, 0x1d, 0x9c, 0x5f, 0x5a, 0x4f, 
	0x94, 0x1d, 0x94, 0x1b, 0x94, 0x1b, 0x94, 0x1b, 
	0x94, 0x1d, 0x94, 0x1b, 0x8b, 0xd9, 0x8b, 0xd9, 
	0x8b, 0xd9, 0x94, 0x1b, 0x9c, 0x5f, 0x94, 0x1d, 
	0x94, 0x1b, 0x94, 0x1b, 0x94, 0x1b, 0x41, 0xcb, 
	0x73, 0x13, 0x94, 0x1b, 0x94, 0x1d, 0x94, 0x1d, 
	0x83, 0x97, 0x7b, 0x55, 0x83, 0x97, 0x62, 0x91, 
	0x83, 0x97, 0x94, 0x1d, 0x94, 0x1b, 0x83, 0x97, 
	0x94, 0x1b, 0x94, 0x1d, 0x94, 0x1d, 0x5a, 0x4f, 
	0x94, 0x1b, 0x94, 0x1b, 0x94, 0x1d, 0x8b, 0xd9, 
	0x94, 0x1d, 0x83, 0x97, 0x83, 0x97, 0x94, 0x1b, 
	0x94, 0x1b, 0x83, 0x97, 0x83, 0x97, 0x8b, 0xd9, 
	0x83, 0x97, 0x94, 0x1b, 0x94, 0x1b, 0x52, 0x0d, 
	0x73, 0x13, 0x8b, 0xd9, 0x94, 0x1d, 0x94, 0x1d, 
	0x83, 0x97, 0x7b, 0x55, 0x83, 0x97, 0x62, 0x91, 
	0x83, 0x97, 0x9c, 0x5f, 0x94, 0x1b, 0x83, 0x97, 
	0x94, 0x1b, 0x9c, 0x5f, 0x94, 0x1d, 0x62, 0x91, 
	0x94, 0x1b, 0x83, 0x97, 0x83, 0x97, 0x83, 0x97, 
	0x83, 0x97, 0x83, 0x97, 0x83, 0x97, 0x83, 0x97, 
	0x8b, 0xd9, 0x83, 0x97, 0x83, 0x97, 0x7b, 0x55, 
	0x73, 0x13, 0x8b, 0xd9, 0x8b, 0xd9, 0x5a, 0x4f, 
	0x7b, 0x55, 0x94, 0x1b, 0x94, 0x1d, 0x94, 0x1b, 
	0x8b, 0xd9, 0x83, 0x97, 0x8b, 0xd9, 0x62, 0x91, 
	0x8b, 0xd9, 0x94, 0x1d, 0x94, 0x1b, 0x83, 0x97, 
	0x94, 0x1b, 0x94, 0x1b, 0x9c, 0x5f, 0x62, 0x91, 
	0x8b, 0xd9, 0x8b, 0xd9, 0x8b, 0xd9, 0x8b, 0xd9, 
	0x83, 0x97, 0x83, 0x97, 0x83, 0x97, 0x8b, 0xd9, 
	0x94, 0x1b, 0x94, 0x1b, 0x8b, 0xd9, 0x83, 0x97, 
	0x83, 0x97, 0x8b, 0xd9, 0x8b, 0xd9, 0x5a, 0x4f, 
	0x7b, 0x55, 0x94, 0x1b, 0x94, 0x1d, 0x94, 0x1b, 
	0x94, 0x1b, 0x94, 0x1d, 0x94, 0x1b, 0x62, 0x91, 
	0x83, 0x97, 0x94, 0x1d, 0x94, 0x1b, 0x83, 0x97, 
	0x94, 0x1b, 0x94, 0x1b, 0x9c, 0x5f, 0x52, 0x0d, 
	0x8b, 0xd9, 0x94, 0x1d, 0x94, 0x1d, 0x94, 0x1d, 
	0x94, 0x1b, 0x8b, 0xd9, 0x8b, 0xd9, 0x94, 0x1b, 
	0x94, 0x1d, 0x94, 0x1d, 0x94, 0x1d, 0x94, 0x1d, 
	0x94, 0x1d, 0x94, 0x1d, 0x94, 0x1b, 0x62, 0x91, 
	0x7b, 0x55, 0x8b, 0xd9, 0x8b, 0xd9, 0x8b, 0xd9, 
	0x94, 0x1b, 0x94, 0x1b, 0x94, 0x1d, 0x5a, 0x4f, 
	0x83, 0x97, 0x94, 0x1d, 0x8b, 0xd9, 0x8b, 0xd9, 
	0x83, 0x97, 0x83, 0x97, 0x94, 0x1d, 0x5a, 0x4f, 
	0x94, 0x1b, 0x94, 0x1d, 0x94, 0x1d, 0x9c, 0x5f, 
	0x9c, 0x5f, 0x94, 0x1b, 0x94, 0x1b, 0x94, 0x1d, 
	0x94, 0x1d, 0x94, 0x1d, 0x94, 0x1d, 0x94, 0x1d, 
	0x94, 0x1d, 0x94, 0x1d, 0x94, 0x1d, 0x41, 0xcb, 
	0x7b, 0x55, 0x94, 0x1b, 0x8b, 0xd9, 0x83, 0x97, 
	0x8b, 0xd9, 0x8b, 0xd9, 0x94, 0x1d, 0x5a, 0x4f, 
	0x8b, 0xd9, 0x9c, 0x5f, 0x94, 0x1b, 0x94, 0x1b, 
	0x94, 0x1b, 0x94, 0x1b, 0x9c, 0x5f, 0x5a, 0x4f, 
	0x52, 0x0d, 0x62, 0x91, 0x62, 0x91, 0x62, 0x91, 
	0x62, 0x91, 0x62, 0x91, 0x62, 0x91, 0x5a, 0x4f, 
	0x62, 0x91, 0x62, 0x91, 0x62, 0x91, 0x62, 0x91, 
	0x5a, 0x4f, 0x5a, 0x4f, 0x5a, 0x4f, 0x31, 0x49, 
	0x7b, 0x55, 0x94, 0x1b, 0x83, 0x97, 0x7b, 0x55, 
	0x8b, 0xd9, 0x94, 0x1b, 0x94, 0x1b, 0x52, 0x0d, 
	0x52, 0x0d, 0x5a, 0x4f, 0x62, 0x91, 0x62, 0x91, 
	0x62, 0x91, 0x52, 0x0d, 0x52, 0x0d, 0x39, 0x8b, 
	0x62, 0x91, 0x62, 0x91, 0x62, 0x91, 0x62, 0x91, 
	0x73, 0x13, 0x73, 0x13, 0x62, 0x91, 0x31, 0x49, 
	0x52, 0x0d, 0x62, 0x91, 0x62, 0x91, 0x73, 0x13, 
	0x62, 0x91, 0x62, 0x91, 0x62, 0x91, 0x39, 0x8b, 
	0x73, 0x13, 0x8b, 0xd9, 0x83, 0x97, 0x7b, 0x55, 
	0x8b, 0xd9, 0x94, 0x1b, 0x94, 0x1d, 0x5a, 0x4f, 
	0x39, 0x8b, 0x62, 0x91, 0x62, 0x91, 0x62, 0x91, 
	0x62, 0x91, 0x52, 0x0d, 0x52, 0x0d, 0x62, 0x91, 
	0x83, 0x97, 0x7b, 0x55, 0x83, 0x97, 0x8b, 0xd9, 
	0x83, 0x97, 0x8b, 0xd9, 0x94, 0x1b, 0x52, 0x0d, 
	0x83, 0x97, 0x83, 0x97, 0x83, 0x97, 0x83, 0x97, 
	0x83, 0x97, 0x83, 0x97, 0x83, 0x97, 0x5a, 0x4f, 
	0x7b, 0x55, 0x8b, 0xd9, 0x8b, 0xd9, 0x83, 0x97, 
	0x8b, 0xd9, 0x94, 0x1b, 0x94, 0x1d, 0x41, 0xcb, 
	0x5a, 0x4f, 0x94, 0x1d, 0x94, 0x1b, 0x94, 0x1b, 
	0x94, 0x1b, 0x94, 0x1b, 0x94, 0x1b, 0x94, 0x1b, 
	0x83, 0x97, 0x83, 0x97, 0x8b, 0xd9, 0x8b, 0xd9, 
	0x94, 0x1d, 0x94, 0x1d, 0x94, 0x1d, 0x52, 0x0d, 
	0x7b, 0x55, 0x83, 0x97, 0x7b, 0x55, 0x83, 0x97, 
	0x83, 0x97, 0x83, 0x97, 0x83, 0x97, 0x52, 0x0d, 
	0x73, 0x13, 0x8b, 0xd9, 0x8b, 0xd9, 0x83, 0x97, 
	0x83, 0x97, 0x8b, 0xd9, 0x94, 0x1b, 0x41, 0xcb, 
	0x62, 0x91, 0x94, 0x1b, 0x8b, 0xd9, 0x8b, 0xd9, 
	0x8b, 0xd9, 0x7b, 0x55, 0x83, 0x97, 0x8b, 0xd9, 
	0x83, 0x97, 0x83, 0x97, 0x83, 0x97, 0x7b, 0x55, 
	0x83, 0x97, 0x83, 0x97, 0x94, 0x1d, 0x41, 0xcb, 
	0x73, 0x13, 0x7b, 0x55, 0x62, 0x91, 0x83, 0x97, 
	0x83, 0x97, 0x8b, 0xd9, 0x8b, 0xd9, 0x52, 0x0d, 
	0x73, 0x13, 0x8b, 0xd9, 0x83, 0x97, 0x8b, 0xd9, 
	0x83, 0x97, 0x8b, 0xd9, 0x94, 0x1b, 0x5a, 0x4f, 
	0x73, 0x13, 0x8b, 0xd9, 0x7b, 0x55, 0x7b, 0x55, 
	0x7b, 0x55, 0x7b, 0x55, 0x83, 0x97, 0x7b, 0x55, 
	0x83, 0x97, 0x7b, 0x55, 0x7b, 0x55, 0x7b, 0x55, 
	0x7b, 0x55, 0x83, 0x97, 0x83, 0x97, 0x41, 0xcb, 
	0x73, 0x13, 0x8b, 0xd9, 0x83, 0x97, 0x83, 0x97, 
	0x62, 0x91, 0x83, 0x97, 0x83, 0x97, 0x39, 0x8b, 
	0x62, 0x91, 0x83, 0x97, 0x8b, 0xd9, 0x8b, 0xd9, 
	0x83, 0x97, 0x8b, 0xd9, 0x8b, 0xd9, 0x52, 0x0d, 
	0x73, 0x13, 0x8b, 0xd9, 0x73, 0x13, 0x7b, 0x55, 
	0x7b, 0x55, 0x83, 0x97, 0x83, 0x97, 0x8b, 0xd9, 
	0x8b, 0xd9, 0x8b, 0xd9, 0x8b, 0xd9, 0x8b, 0xd9, 
	0x83, 0x97, 0x83, 0x97, 0x83, 0x97, 0x52, 0x0d, 
	0x73, 0x13, 0x8b, 0xd9, 0x7b, 0x55, 0x7b, 0x55, 
	0x73, 0x13, 0x7b, 0x55, 0x8b, 0xd9, 0x39, 0x8b, 
	0x62, 0x91, 0x7b, 0x55, 0x7b, 0x55, 0x8b, 0xd9, 
	0x7b, 0x55, 0x83, 0x97, 0x8b, 0xd9, 0x52, 0x0d, 
	0x62, 0x91, 0x8b, 0xd9, 0x8b, 0xd9, 0x94, 0x1b, 
	0x94, 0x1d, 0x83, 0x97, 0x83, 0x97, 0x94, 0x1d, 
	0x8b, 0xd9, 0x94, 0x1b, 0x94, 0x1b, 0x9c, 0x5f, 
	0x94, 0x1d, 0x9c, 0x5f, 0x9c, 0x5f, 0x52, 0x0d, 
	0x7b, 0x55, 0x83, 0x97, 0x7b, 0x55, 0x7b, 0x55, 
	0x73, 0x13, 0x83, 0x97, 0x94, 0x1b, 0x41, 0xcb, 
	0x73, 0x13, 0x83, 0x97, 0x8b, 0xd9, 0x94, 0x1b, 
	0x8b, 0xd9, 0x8b, 0xd9, 0x94, 0x1b, 0x5a, 0x4f, 
	0x73, 0x13, 0x8b, 0xd9, 0x8b, 0xd9, 0x94, 0x1b, 
	0x94, 0x1d, 0x94, 0x1d, 0x94, 0x1d, 0x9c, 0x5f, 
	0x52, 0x0d, 0x52, 0x0d, 0x52, 0x0d, 0x52, 0x0d, 
	0x5a, 0x4f, 0x5a, 0x4f, 0x5a, 0x4f, 0x31, 0x49, 
	0x62, 0x91, 0x7b, 0x55, 0x73, 0x13, 0x73, 0x13, 
	0x73, 0x13, 0x8b, 0xd9, 0x8b, 0xd9, 0x39, 0x8b, 
	0x52, 0x0d, 0x5a, 0x4f, 0x62, 0x91, 0x62, 0x91, 
	0x5a, 0x4f, 0x52, 0x0d, 0x41, 0xcb, 0x21, 0x07, 
	0x39, 0x8b, 0x62, 0x91, 0x62, 0x91, 0x5a, 0x4f, 
	0x5a, 0x4f, 0x5a, 0x4f, 0x62, 0x91, 0x62, 0x91, 
	0x41, 0xcb, 0x62, 0x91, 0x5a, 0x4f, 0x5a, 0x4f, 
	0x5a, 0x4f, 0x52, 0x0d, 0x5a, 0x4f, 0x39, 0x8b, 
	0x62, 0x91, 0x83, 0x97, 0x62, 0x91, 0x73, 0x13, 
	0x73, 0x13, 0x8b, 0xd9, 0x83, 0x97, 0x41, 0xcb, 
	0x52, 0x0d, 0x62, 0x91, 0x62, 0x91, 0x62, 0x91, 
	0x62, 0x91, 0x62, 0x91, 0x62, 0x91, 0x62, 0x91, 
	0x62, 0x91, 0x62, 0x91, 0x62, 0x91, 0x52, 0x0d, 
	0x5a, 0x4f, 0x52, 0x0d, 0x41, 0xcb, 0x31, 0x49, 
	0x73, 0x13, 0x94, 0x1d, 0x94, 0x1b, 0x94, 0x1b, 
	0x94, 0x1b, 0x83, 0x97, 0x94, 0x1b, 0x52, 0x0d, 
	0x62, 0x91, 0x73, 0x13, 0x62, 0x91, 0x73, 0x13, 
	0x8b, 0xd9, 0x8b, 0xd9, 0x83, 0x97, 0x52, 0x0d, 
	0x7b, 0x55, 0x94, 0x1b, 0x8b, 0xd9, 0x83, 0x97, 
	0x83, 0x97, 0x8b, 0xd9, 0x83, 0x97, 0x7b, 0x55, 
	0x73, 0x13, 0x7b, 0x55, 0x8b, 0xd9, 0x83, 0x97, 
	0x83, 0x97, 0x62, 0x91, 0x83, 0x97, 0x52, 0x0d, 
	0x73, 0x13, 0x94, 0x1b, 0x8b, 0xd9, 0x73, 0x13, 
	0x73, 0x13, 0x73, 0x13, 0x8b, 0xd9, 0x52, 0x0d, 
	0x73, 0x13, 0x83, 0x97, 0x83, 0x97, 0x7b, 0x55, 
	0x83, 0x97, 0x7b, 0x55, 0x8b, 0xd9, 0x41, 0xcb, 
	0x73, 0x13, 0x8b, 0xd9, 0x83, 0x97, 0x73, 0x13, 
	0x83, 0x97, 0x83, 0x97, 0x7b, 0x55, 0x73, 0x13, 
	0x73, 0x13, 0x7b, 0x55, 0x83, 0x97, 0x7b, 0x55, 
	0x7b, 0x55, 0x62, 0x91, 0x83, 0x97, 0x62, 0x91, 
	0x7b, 0x55, 0x94, 0x1b, 0x94, 0x1b, 0x8b, 0xd9, 
	0x94, 0x1d, 0x94, 0x1d, 0x94, 0x1b, 0x5a, 0x4f, 
	0x73, 0x13, 0x94, 0x1b, 0x83, 0x97, 0x7b, 0x55, 
	0x7b, 0x55, 0x7b, 0x55, 0x83, 0x97, 0x39, 0x8b, 
	0x62, 0x91, 0x8b, 0xd9, 0x83, 0x97, 0x8b, 0xd9, 
	0x83, 0x97, 0x83, 0x97, 0x83, 0x97, 0x7b, 0x55, 
	0x7b, 0x55, 0x83, 0x97, 0x83, 0x97, 0x83, 0x97, 
	0x7b, 0x55, 0x62, 0x91, 0x7b, 0x55, 0x52, 0x0d, 
	0x73, 0x13, 0x8b, 0xd9, 0x8b, 0xd9, 0x94, 0x1d, 
	0x94, 0x1b, 0x94, 0x1b, 0x94, 0x1d, 0x62, 0x91, 
	0x73, 0x13, 0x83, 0x97, 0x7b, 0x55, 0x73, 0x13, 
	0x7b, 0x55, 0x83, 0x97, 0x83, 0x97, 0x39, 0x8b, 
	0x52, 0x0d, 0x7b, 0x55, 0x62, 0x91, 0x83, 0x97, 
	0x73, 0x13, 0x73, 0x13, 0x73, 0x13, 0x7b, 0x55, 
	0x83, 0x97, 0x7b, 0x55, 0x83, 0x97, 0x83, 0x97, 
	0x7b, 0x55, 0x62, 0x91, 0x7b, 0x55, 0x62, 0x91, 
	0x73, 0x13, 0x83, 0x97, 0x7b, 0x55, 0x8b, 0xd9, 
	0x8b, 0xd9, 0x94, 0x1b, 0x94, 0x1b, 0x5a, 0x4f, 
	0x73, 0x13, 0x83, 0x97, 0x7b, 0x55, 0x73, 0x13, 
	0x7b, 0x55, 0x7b, 0x55, 0x7b, 0x55, 0x39, 0x8b, 
	0x5a, 0x4f, 0x83, 0x97, 0x7b, 0x55, 0x83, 0x97, 
	0x83, 0x97, 0x83, 0x97, 0x83, 0x97, 0x83, 0x97, 
	0x83, 0x97, 0x83, 0x97, 0x83, 0x97, 0x83, 0x97, 
	0x7b, 0x55, 0x73, 0x13, 0x7b, 0x55, 0x73, 0x13, 
	0x73, 0x13, 0x83, 0x97, 0x7b, 0x55, 0x83, 0x97, 
	0x83, 0x97, 0x7b, 0x55, 0x94, 0x1b, 0x5a, 0x4f, 
	0x73, 0x13, 0x8b, 0xd9, 0x7b, 0x55, 0x73, 0x13, 
	0x83, 0x97, 0x83, 0x97, 0x83, 0x97, 0x41, 0xcb, 
	0x73, 0x13, 0x8b, 0xd9, 0x94, 0x1b, 0x8b, 0xd9, 
	0x8b, 0xd9, 0x8b, 0xd9, 0x83, 0x97, 0x83, 0x97, 
	0x8b, 0xd9, 0x83, 0x97, 0x83, 0x97, 0x94, 0x1d, 
	0x83, 0x97, 0x7b, 0x55, 0x83, 0x97, 0x5a, 0x4f, 
	0x73, 0x13, 0x8b, 0xd9, 0x8b, 0xd9, 0x8b, 0xd9, 
	0x83, 0x97, 0x83, 0x97, 0x94, 0x1d, 0x5a, 0x4f, 
	0x31, 0x49, 0x52, 0x0d, 0x52, 0x0d, 0x52, 0x0d, 
	0x52, 0x0d, 0x5a, 0x4f, 0x62, 0x91, 0x21, 0x07, 
	0x52, 0x0d, 0x73, 0x13, 0x73, 0x13, 0x73, 0x13, 
	0x73, 0x13, 0x73, 0x13, 0x62, 0x91, 0x62, 0x91, 
	0x62, 0x91, 0x73, 0x13, 0x73, 0x13, 0x73, 0x13, 
	0x62, 0x91, 0x62, 0x91, 0x62, 0x91, 0x52, 0x0d, 
	
};

Gfx hyrule_dl_rock_top_rgba16_aligner[] = {gsSPEndDisplayList()};
u8 hyrule_dl_rock_top_rgba16[] = {
	0xd6, 0xb5, 0xe7, 0x39, 0xe7, 0x39, 0xc6, 0x31, 
	0xce, 0x73, 0xd6, 0xb5, 0xe7, 0x39, 0x84, 0x21, 
	0x84, 0x21, 0xa5, 0x29, 0xad, 0x6b, 0xad, 0x6b, 
	0xad, 0x6b, 0xad, 0x6b, 0xb5, 0xad, 0xad, 0x6b, 
	0xb5, 0xad, 0xce, 0x73, 0xc6, 0x31, 0xb5, 0xad, 
	0xb5, 0xad, 0xb5, 0xad, 0xad, 0x6b, 0x73, 0x9d, 
	0x8c, 0x63, 0xad, 0x6b, 0x94, 0xa5, 0xa5, 0x29, 
	0xad, 0x6b, 0xa5, 0x29, 0xad, 0x6b, 0x73, 0x9d, 
	0xd6, 0xb5, 0xd6, 0xb5, 0xc6, 0x31, 0xe7, 0x39, 
	0xd6, 0xb5, 0xe7, 0x39, 0xe7, 0x39, 0x84, 0x21, 
	0xb5, 0xad, 0xd6, 0xb5, 0xc6, 0x31, 0xce, 0x73, 
	0xce, 0x73, 0xc6, 0x31, 0xc6, 0x31, 0xc6, 0x31, 
	0xce, 0x73, 0xd6, 0xb5, 0xce, 0x73, 0xce, 0x73, 
	0xd6, 0xb5, 0xe7, 0x39, 0xe7, 0x39, 0xad, 0x6b, 
	0xce, 0x73, 0xd6, 0xb5, 0xce, 0x73, 0xe7, 0x39, 
	0xe7, 0x39, 0xd6, 0xb5, 0xe7, 0x39, 0xa5, 0x29, 
	0xce, 0x73, 0xe7, 0x39, 0xd6, 0xb5, 0xd6, 0xb5, 
	0xe7, 0x39, 0xd6, 0xb5, 0xce, 0x73, 0x94, 0xa5, 
	0xad, 0x6b, 0xc6, 0x31, 0xce, 0x73, 0xd6, 0xb5, 
	0xce, 0x73, 0xce, 0x73, 0xd6, 0xb5, 0xb5, 0xad, 
	0xc6, 0x31, 0xd6, 0xb5, 0xe7, 0x39, 0xe7, 0x39, 
	0xe7, 0x39, 0xe7, 0x39, 0xe7, 0x39, 0xa5, 0x29, 
	0xc6, 0x31, 0xce, 0x73, 0xb5, 0xad, 0xce, 0x73, 
	0xd6, 0xb5, 0xce, 0x73, 0xd6, 0xb5, 0x94, 0xa5, 
	0xce, 0x73, 0xce, 0x73, 0xce, 0x73, 0xe7, 0x39, 
	0xe7, 0x39, 0xe7, 0x39, 0xce, 0x73, 0x73, 0x9d, 
	0xad, 0x6b, 0xce, 0x73, 0xd6, 0xb5, 0xe7, 0x39, 
	0xc6, 0x31, 0xc6, 0x31, 0xce, 0x73, 0xce, 0x73, 
	0xc6, 0x31, 0xc6, 0x31, 0xc6, 0x31, 0xc6, 0x31, 
	0xd6, 0xb5, 0xce, 0x73, 0xe7, 0x39, 0xa5, 0x29, 
	0xc6, 0x31, 0xce, 0x73, 0xc6, 0x31, 0xc6, 0x31, 
	0xce, 0x73, 0xce, 0x73, 0xe7, 0x39, 0x8c, 0x63, 
	0xce, 0x73, 0xce, 0x73, 0xd6, 0xb5, 0xe7, 0x39, 
	0xd6, 0xb5, 0xce, 0x73, 0xce, 0x73, 0x73, 0x9d, 
	0xa5, 0x29, 0xc6, 0x31, 0xd6, 0xb5, 0xc6, 0x31, 
	0xc6, 0x31, 0xce, 0x73, 0xce, 0x73, 0xce, 0x73, 
	0xc6, 0x31, 0xce, 0x73, 0xd6, 0xb5, 0xd6, 0xb5, 
	0xd6, 0xb5, 0xd6, 0xb5, 0xe7, 0x39, 0xad, 0x6b, 
	0xce, 0x73, 0xd6, 0xb5, 0xce, 0x73, 0xd6, 0xb5, 
	0xc6, 0x31, 0xd6, 0xb5, 0xe7, 0x39, 0x94, 0xa5, 
	0xd6, 0xb5, 0xce, 0x73, 0xd6, 0xb5, 0xd6, 0xb5, 
	0xce, 0x73, 0xc6, 0x31, 0xce, 0x73, 0x8c, 0x63, 
	0xb5, 0xad, 0xe7, 0x39, 0xd6, 0xb5, 0xd6, 0xb5, 
	0xd6, 0xb5, 0xd6, 0xb5, 0xe7, 0x39, 0xd6, 0xb5, 
	0xd6, 0xb5, 0xd6, 0xb5, 0xd6, 0xb5, 0xe7, 0x39, 
	0xe7, 0x39, 0xe7, 0x39, 0xe7, 0x39, 0xad, 0x6b, 
	0xce, 0x73, 0xe7, 0x39, 0xe7, 0x39, 0xce, 0x73, 
	0xd6, 0xb5, 0xe7, 0x39, 0xe7, 0x39, 0x94, 0xa5, 
	0xce, 0x73, 0xe7, 0x39, 0xce, 0x73, 0xce, 0x73, 
	0xe7, 0x39, 0xe7, 0x39, 0xe7, 0x39, 0x8c, 0x63, 
	0xc6, 0x31, 0xe7, 0x39, 0xe7, 0x39, 0xe7, 0x39, 
	0xe7, 0x39, 0xe7, 0x39, 0xe7, 0x39, 0xe7, 0x39, 
	0xe7, 0x39, 0xe7, 0x39, 0xe7, 0x39, 0xe7, 0x39, 
	0xe7, 0x39, 0xe7, 0x39, 0xe7, 0x39, 0xa5, 0x29, 
	0xc6, 0x31, 0xe7, 0x39, 0xd6, 0xb5, 0xce, 0x73, 
	0xc6, 0x31, 0xe7, 0x39, 0xe7, 0x39, 0x8c, 0x63, 
	0x73, 0x9d, 0x94, 0xa5, 0x94, 0xa5, 0x8c, 0x63, 
	0x84, 0x21, 0x84, 0x21, 0x94, 0xa5, 0x73, 0x9d, 
	0x84, 0x21, 0xa5, 0x29, 0xa5, 0x29, 0xa5, 0x29, 
	0xa5, 0x29, 0x94, 0xa5, 0xa5, 0x29, 0xb5, 0xad, 
	0xb5, 0xad, 0xad, 0x6b, 0xa5, 0x29, 0xb5, 0xad, 
	0xb5, 0xad, 0xb5, 0xad, 0xc6, 0x31, 0x94, 0xa5, 
	0xc6, 0x31, 0xe7, 0x39, 0xe7, 0x39, 0xce, 0x73, 
	0xc6, 0x31, 0xe7, 0x39, 0xe7, 0x39, 0x8c, 0x63, 
	0xa5, 0x29, 0xb5, 0xad, 0xb5, 0xad, 0x94, 0xa5, 
	0xad, 0x6b, 0xad, 0x6b, 0xb5, 0xad, 0xb5, 0xad, 
	0xb5, 0xad, 0xb5, 0xad, 0xb5, 0xad, 0xb5, 0xad, 
	0xad, 0x6b, 0xad, 0x6b, 0xad, 0x6b, 0x73, 0x9d, 
	0x94, 0xa5, 0xad, 0x6b, 0xad, 0x6b, 0xad, 0x6b, 
	0xad, 0x6b, 0xad, 0x6b, 0xb5, 0xad, 0xa5, 0x29, 
	0xce, 0x73, 0xe7, 0x39, 0xe7, 0x39, 0xce, 0x73, 
	0xe7, 0x39, 0xe7, 0x39, 0xe7, 0x39, 0x94, 0xa5, 
	0xe7, 0x39, 0xe7, 0x39, 0xe7, 0x39, 0xe7, 0x39, 
	0xe7, 0x39, 0xe7, 0x39, 0xd6, 0xb5, 0xd6, 0xb5, 
	0xd6, 0xb5, 0xe7, 0x39, 0xe7, 0x39, 0xe7, 0x39, 
	0xe7, 0x39, 0xe7, 0x39, 0xe7, 0x39, 0x73, 0x9d, 
	0xb5, 0xad, 0xe7, 0x39, 0xe7, 0x39, 0xe7, 0x39, 
	0xce, 0x73, 0xc6, 0x31, 0xce, 0x73, 0xa5, 0x29, 
	0xce, 0x73, 0xe7, 0x39, 0xd6, 0xb5, 0xce, 0x73, 
	0xe7, 0x39, 0xe7, 0x39, 0xe7, 0x39, 0x94, 0xa5, 
	0xe7, 0x39, 0xe7, 0x39, 0xe7, 0x39, 0xd6, 0xb5, 
	0xe7, 0x39, 0xce, 0x73, 0xce, 0x73, 0xe7, 0x39, 
	0xd6, 0xb5, 0xce, 0x73, 0xce, 0x73, 0xd6, 0xb5, 
	0xce, 0x73, 0xd6, 0xb5, 0xd6, 0xb5, 0x84, 0x21, 
	0xb5, 0xad, 0xd6, 0xb5, 0xe7, 0x39, 0xe7, 0x39, 
	0xce, 0x73, 0xc6, 0x31, 0xce, 0x73, 0xa5, 0x29, 
	0xce, 0x73, 0xe7, 0x39, 0xe7, 0x39, 0xce, 0x73, 
	0xe7, 0x39, 0xe7, 0x39, 0xe7, 0x39, 0x94, 0xa5, 
	0xd6, 0xb5, 0xce, 0x73, 0xce, 0x73, 0xce, 0x73, 
	0xce, 0x73, 0xc6, 0x31, 0xc6, 0x31, 0xce, 0x73, 
	0xce, 0x73, 0xce, 0x73, 0xce, 0x73, 0xc6, 0x31, 
	0xb5, 0xad, 0xd6, 0xb5, 0xd6, 0xb5, 0x94, 0xa5, 
	0xc6, 0x31, 0xe7, 0x39, 0xe7, 0x39, 0xd6, 0xb5, 
	0xd6, 0xb5, 0xce, 0x73, 0xd6, 0xb5, 0xad, 0x6b, 
	0xd6, 0xb5, 0xe7, 0x39, 0xe7, 0x39, 0xce, 0x73, 
	0xe7, 0x39, 0xe7, 0x39, 0xe7, 0x39, 0x94, 0xa5, 
	0xd6, 0xb5, 0xd6, 0xb5, 0xd6, 0xb5, 0xd6, 0xb5, 
	0xce, 0x73, 0xce, 0x73, 0xce, 0x73, 0xd6, 0xb5, 
	0xe7, 0x39, 0xd6, 0xb5, 0xd6, 0xb5, 0xce, 0x73, 
	0xce, 0x73, 0xd6, 0xb5, 0xd6, 0xb5, 0x94, 0xa5, 
	0xc6, 0x31, 0xe7, 0x39, 0xe7, 0x39, 0xd6, 0xb5, 
	0xd6, 0xb5, 0xe7, 0x39, 0xe7, 0x39, 0x94, 0xa5, 
	0xce, 0x73, 0xe7, 0x39, 0xe7, 0x39, 0xce, 0x73, 
	0xe7, 0x39, 0xe7, 0x39, 0xe7, 0x39, 0x8c, 0x63, 
	0xd6, 0xb5, 0xe7, 0x39, 0xe7, 0x39, 0xe7, 0x39, 
	0xe7, 0x39, 0xd6, 0xb5, 0xd6, 0xb5, 0xe7, 0x39, 
	0xe7, 0x39, 0xe7, 0x39, 0xe7, 0x39, 0xe7, 0x39, 
	0xe7, 0x39, 0xe7, 0x39, 0xe7, 0x39, 0x94, 0xa5, 
	0xc6, 0x31, 0xd6, 0xb5, 0xd6, 0xb5, 0xce, 0x73, 
	0xe7, 0x39, 0xd6, 0xb5, 0xe7, 0x39, 0x94, 0xa5, 
	0xce, 0x73, 0xe7, 0x39, 0xd6, 0xb5, 0xd6, 0xb5, 
	0xce, 0x73, 0xce, 0x73, 0xe7, 0x39, 0x94, 0xa5, 
	0xe7, 0x39, 0xe7, 0x39, 0xe7, 0x39, 0xe7, 0x39, 
	0xe7, 0x39, 0xe7, 0x39, 0xe7, 0x39, 0xe7, 0x39, 
	0xe7, 0x39, 0xe7, 0x39, 0xe7, 0x39, 0xe7, 0x39, 
	0xe7, 0x39, 0xe7, 0x39, 0xe7, 0x39, 0x84, 0x21, 
	0xb5, 0xad, 0xe7, 0x39, 0xd6, 0xb5, 0xce, 0x73, 
	0xd6, 0xb5, 0xd6, 0xb5, 0xe7, 0x39, 0x94, 0xa5, 
	0xd6, 0xb5, 0xe7, 0x39, 0xe7, 0x39, 0xe7, 0x39, 
	0xe7, 0x39, 0xe7, 0x39, 0xe7, 0x39, 0x94, 0xa5, 
	0x8c, 0x63, 0x94, 0xa5, 0xa5, 0x29, 0x94, 0xa5, 
	0xa5, 0x29, 0xad, 0x6b, 0x94, 0xa5, 0x94, 0xa5, 
	0xa5, 0x29, 0x94, 0xa5, 0xa5, 0x29, 0xad, 0x6b, 
	0x94, 0xa5, 0x94, 0xa5, 0x94, 0xa5, 0x63, 0x19, 
	0xc6, 0x31, 0xe7, 0x39, 0xce, 0x73, 0xc6, 0x31, 
	0xd6, 0xb5, 0xe7, 0x39, 0xd6, 0xb5, 0x8c, 0x63, 
	0x8c, 0x63, 0x94, 0xa5, 0xa5, 0x29, 0xad, 0x6b, 
	0xa5, 0x29, 0x8c, 0x63, 0x8c, 0x63, 0x73, 0x9d, 
	0xa5, 0x29, 0xa5, 0x29, 0xad, 0x6b, 0xa5, 0x29, 
	0xad, 0x6b, 0xb5, 0xad, 0xad, 0x6b, 0x6b, 0x5b, 
	0x8c, 0x63, 0xa5, 0x29, 0xad, 0x6b, 0xad, 0x6b, 
	0xa5, 0x29, 0xa5, 0x29, 0xad, 0x6b, 0x73, 0x9d, 
	0xb5, 0xad, 0xd6, 0xb5, 0xce, 0x73, 0xc6, 0x31, 
	0xd6, 0xb5, 0xd6, 0xb5, 0xe7, 0x39, 0x94, 0xa5, 
	0x6b, 0x5b, 0xa5, 0x29, 0xa5, 0x29, 0xa5, 0x29, 
	0xad, 0x6b, 0x8c, 0x63, 0x94, 0xa5, 0xa5, 0x29, 
	0xce, 0x73, 0xc6, 0x31, 0xce, 0x73, 0xd6, 0xb5, 
	0xce, 0x73, 0xd6, 0xb5, 0xe7, 0x39, 0x84, 0x21, 
	0xc6, 0x31, 0xce, 0x73, 0xc6, 0x31, 0xce, 0x73, 
	0xce, 0x73, 0xce, 0x73, 0xce, 0x73, 0x94, 0xa5, 
	0xb5, 0xad, 0xd6, 0xb5, 0xd6, 0xb5, 0xce, 0x73, 
	0xd6, 0xb5, 0xd6, 0xb5, 0xe7, 0x39, 0x73, 0x9d, 
	0x94, 0xa5, 0xe7, 0x39, 0xe7, 0x39, 0xe7, 0x39, 
	0xe7, 0x39, 0xe7, 0x39, 0xe7, 0x39, 0xd6, 0xb5, 
	0xce, 0x73, 0xce, 0x73, 0xd6, 0xb5, 0xd6, 0xb5, 
	0xe7, 0x39, 0xe7, 0x39, 0xe7, 0x39, 0x84, 0x21, 
	0xc6, 0x31, 0xce, 0x73, 0xc6, 0x31, 0xce, 0x73, 
	0xce, 0x73, 0xce, 0x73, 0xce, 0x73, 0x8c, 0x63, 
	0xb5, 0xad, 0xd6, 0xb5, 0xd6, 0xb5, 0xce, 0x73, 
	0xce, 0x73, 0xd6, 0xb5, 0xe7, 0x39, 0x84, 0x21, 
	0x94, 0xa5, 0xe7, 0x39, 0xd6, 0xb5, 0xd6, 0xb5, 
	0xd6, 0xb5, 0xc6, 0x31, 0xce, 0x73, 0xd6, 0xb5, 
	0xc6, 0x31, 0xc6, 0x31, 0xce, 0x73, 0xc6, 0x31, 
	0xce, 0x73, 0xce, 0x73, 0xe7, 0x39, 0x84, 0x21, 
	0xb5, 0xad, 0xc6, 0x31, 0xad, 0x6b, 0xce, 0x73, 
	0xce, 0x73, 0xd6, 0xb5, 0xd6, 0xb5, 0x84, 0x21, 
	0xb5, 0xad, 0xd6, 0xb5, 0xce, 0x73, 0xd6, 0xb5, 
	0xce, 0x73, 0xd6, 0xb5, 0xd6, 0xb5, 0x94, 0xa5, 
	0xb5, 0xad, 0xd6, 0xb5, 0xb5, 0xad, 0xc6, 0x31, 
	0xc6, 0x31, 0xc6, 0x31, 0xce, 0x73, 0xc6, 0x31, 
	0xce, 0x73, 0xb5, 0xad, 0xc6, 0x31, 0xc6, 0x31, 
	0xc6, 0x31, 0xce, 0x73, 0xce, 0x73, 0x73, 0x9d, 
	0xb5, 0xad, 0xd6, 0xb5, 0xc6, 0x31, 0xc6, 0x31, 
	0xad, 0x6b, 0xce, 0x73, 0xce, 0x73, 0x6b, 0x5b, 
	0xa5, 0x29, 0xc6, 0x31, 0xd6, 0xb5, 0xd6, 0xb5, 
	0xce, 0x73, 0xd6, 0xb5, 0xd6, 0xb5, 0x8c, 0x63, 
	0xad, 0x6b, 0xd6, 0xb5, 0xb5, 0xad, 0xc6, 0x31, 
	0xc6, 0x31, 0xce, 0x73, 0xce, 0x73, 0xd6, 0xb5, 
	0xd6, 0xb5, 0xd6, 0xb5, 0xd6, 0xb5, 0xd6, 0xb5, 
	0xce, 0x73, 0xce, 0x73, 0xce, 0x73, 0x84, 0x21, 
	0xad, 0x6b, 0xd6, 0xb5, 0xc6, 0x31, 0xc6, 0x31, 
	0xad, 0x6b, 0xc6, 0x31, 0xd6, 0xb5, 0x73, 0x9d, 
	0xad, 0x6b, 0xb5, 0xad, 0xc6, 0x31, 0xd6, 0xb5, 
	0xb5, 0xad, 0xce, 0x73, 0xd6, 0xb5, 0x84, 0x21, 
	0xa5, 0x29, 0xd6, 0xb5, 0xd6, 0xb5, 0xe7, 0x39, 
	0xe7, 0x39, 0xce, 0x73, 0xce, 0x73, 0xe7, 0x39, 
	0xd6, 0xb5, 0xe7, 0x39, 0xe7, 0x39, 0xe7, 0x39, 
	0xe7, 0x39, 0xe7, 0x39, 0xe7, 0x39, 0x84, 0x21, 
	0xb5, 0xad, 0xce, 0x73, 0xc6, 0x31, 0xb5, 0xad, 
	0xad, 0x6b, 0xce, 0x73, 0xe7, 0x39, 0x84, 0x21, 
	0xad, 0x6b, 0xce, 0x73, 0xd6, 0xb5, 0xe7, 0x39, 
	0xd6, 0xb5, 0xd6, 0xb5, 0xe7, 0x39, 0x94, 0xa5, 
	0xad, 0x6b, 0xd6, 0xb5, 0xd6, 0xb5, 0xe7, 0x39, 
	0xe7, 0x39, 0xe7, 0x39, 0xe7, 0x39, 0xe7, 0x39, 
	0x8c, 0x63, 0x8c, 0x63, 0x8c, 0x63, 0x94, 0xa5, 
	0x94, 0xa5, 0x94, 0xa5, 0x94, 0xa5, 0x63, 0x19, 
	0xa5, 0x29, 0xc6, 0x31, 0xad, 0x6b, 0xb5, 0xad, 
	0xb5, 0xad, 0xce, 0x73, 0xd6, 0xb5, 0x73, 0x9d, 
	0x84, 0x21, 0x94, 0xa5, 0xa5, 0x29, 0x94, 0xa5, 
	0x94, 0xa5, 0x8c, 0x63, 0x84, 0x21, 0x63, 0x19, 
	0x73, 0x9d, 0x94, 0xa5, 0xa5, 0x29, 0x94, 0xa5, 
	0x94, 0xa5, 0x94, 0xa5, 0xa5, 0x29, 0xad, 0x6b, 
	0x73, 0x9d, 0x94, 0xa5, 0x94, 0xa5, 0x94, 0xa5, 
	0x94, 0xa5, 0x8c, 0x63, 0x94, 0xa5, 0x6b, 0x5b, 
	0xa5, 0x29, 0xc6, 0x31, 0xa5, 0x29, 0xb5, 0xad, 
	0xb5, 0xad, 0xd6, 0xb5, 0xce, 0x73, 0x73, 0x9d, 
	0x8c, 0x63, 0xa5, 0x29, 0xa5, 0x29, 0xa5, 0x29, 
	0x94, 0xa5, 0xa5, 0x29, 0x94, 0xa5, 0x94, 0xa5, 
	0xa5, 0x29, 0xad, 0x6b, 0xa5, 0x29, 0x8c, 0x63, 
	0x94, 0xa5, 0x84, 0x21, 0x84, 0x21, 0x63, 0x19, 
	0xb5, 0xad, 0xe7, 0x39, 0xd6, 0xb5, 0xd6, 0xb5, 
	0xd6, 0xb5, 0xce, 0x73, 0xd6, 0xb5, 0x8c, 0x63, 
	0xad, 0x6b, 0xb5, 0xad, 0xa5, 0x29, 0xb5, 0xad, 
	0xce, 0x73, 0xd6, 0xb5, 0xc6, 0x31, 0x8c, 0x63, 
	0xb5, 0xad, 0xe7, 0x39, 0xd6, 0xb5, 0xce, 0x73, 
	0xce, 0x73, 0xd6, 0xb5, 0xce, 0x73, 0xc6, 0x31, 
	0xb5, 0xad, 0xc6, 0x31, 0xce, 0x73, 0xc6, 0x31, 
	0xce, 0x73, 0xad, 0x6b, 0xce, 0x73, 0x8c, 0x63, 
	0xb5, 0xad, 0xe7, 0x39, 0xce, 0x73, 0xb5, 0xad, 
	0xb5, 0xad, 0xb5, 0xad, 0xd6, 0xb5, 0x8c, 0x63, 
	0xad, 0x6b, 0xce, 0x73, 0xce, 0x73, 0xc6, 0x31, 
	0xce, 0x73, 0xc6, 0x31, 0xd6, 0xb5, 0x73, 0x9d, 
	0xad, 0x6b, 0xd6, 0xb5, 0xc6, 0x31, 0xb5, 0xad, 
	0xce, 0x73, 0xce, 0x73, 0xb5, 0xad, 0xad, 0x6b, 
	0xad, 0x6b, 0xc6, 0x31, 0xce, 0x73, 0xc6, 0x31, 
	0xc6, 0x31, 0xa5, 0x29, 0xc6, 0x31, 0x94, 0xa5, 
	0xc6, 0x31, 0xe7, 0x39, 0xd6, 0xb5, 0xd6, 0xb5, 
	0xe7, 0x39, 0xe7, 0x39, 0xe7, 0x39, 0x94, 0xa5, 
	0xb5, 0xad, 0xe7, 0x39, 0xce, 0x73, 0xc6, 0x31, 
	0xc6, 0x31, 0xc6, 0x31, 0xce, 0x73, 0x73, 0x9d, 
	0xa5, 0x29, 0xd6, 0xb5, 0xc6, 0x31, 0xd6, 0xb5, 
	0xc6, 0x31, 0xce, 0x73, 0xc6, 0x31, 0xb5, 0xad, 
	0xc6, 0x31, 0xce, 0x73, 0xce, 0x73, 0xce, 0x73, 
	0xb5, 0xad, 0xa5, 0x29, 0xc6, 0x31, 0x8c, 0x63, 
	0xad, 0x6b, 0xd6, 0xb5, 0xd6, 0xb5, 0xe7, 0x39, 
	0xd6, 0xb5, 0xe7, 0x39, 0xe7, 0x39, 0xa5, 0x29, 
	0xb5, 0xad, 0xce, 0x73, 0xb5, 0xad, 0xb5, 0xad, 
	0xc6, 0x31, 0xc6, 0x31, 0xc6, 0x31, 0x73, 0x9d, 
	0x8c, 0x63, 0xc6, 0x31, 0xad, 0x6b, 0xc6, 0x31, 
	0xb5, 0xad, 0xb5, 0xad, 0xb5, 0xad, 0xc6, 0x31, 
	0xce, 0x73, 0xb5, 0xad, 0xce, 0x73, 0xce, 0x73, 
	0xc6, 0x31, 0xa5, 0x29, 0xb5, 0xad, 0x94, 0xa5, 
	0xb5, 0xad, 0xce, 0x73, 0xc6, 0x31, 0xd6, 0xb5, 
	0xd6, 0xb5, 0xd6, 0xb5, 0xe7, 0x39, 0x94, 0xa5, 
	0xad, 0x6b, 0xc6, 0x31, 0xc6, 0x31, 0xad, 0x6b, 
	0xc6, 0x31, 0xc6, 0x31, 0xc6, 0x31, 0x73, 0x9d, 
	0x94, 0xa5, 0xce, 0x73, 0xc6, 0x31, 0xc6, 0x31, 
	0xc6, 0x31, 0xc6, 0x31, 0xc6, 0x31, 0xce, 0x73, 
	0xce, 0x73, 0xce, 0x73, 0xce, 0x73, 0xc6, 0x31, 
	0xb5, 0xad, 0xad, 0x6b, 0xb5, 0xad, 0xad, 0x6b, 
	0xb5, 0xad, 0xce, 0x73, 0xc6, 0x31, 0xce, 0x73, 
	0xce, 0x73, 0xc6, 0x31, 0xe7, 0x39, 0x94, 0xa5, 
	0xb5, 0xad, 0xce, 0x73, 0xc6, 0x31, 0xb5, 0xad, 
	0xce, 0x73, 0xce, 0x73, 0xc6, 0x31, 0x84, 0x21, 
	0xad, 0x6b, 0xd6, 0xb5, 0xe7, 0x39, 0xd6, 0xb5, 
	0xd6, 0xb5, 0xd6, 0xb5, 0xce, 0x73, 0xce, 0x73, 
	0xd6, 0xb5, 0xce, 0x73, 0xce, 0x73, 0xe7, 0x39, 
	0xce, 0x73, 0xc6, 0x31, 0xce, 0x73, 0x94, 0xa5, 
	0xad, 0x6b, 0xd6, 0xb5, 0xd6, 0xb5, 0xd6, 0xb5, 
	0xce, 0x73, 0xce, 0x73, 0xe7, 0x39, 0x94, 0xa5, 
	0x6b, 0x5b, 0x8c, 0x63, 0x8c, 0x63, 0x8c, 0x63, 
	0x8c, 0x63, 0x94, 0xa5, 0xa5, 0x29, 0x63, 0x19, 
	0x8c, 0x63, 0xb5, 0xad, 0xad, 0x6b, 0xad, 0x6b, 
	0xb5, 0xad, 0xb5, 0xad, 0xa5, 0x29, 0xa5, 0x29, 
	0xad, 0x6b, 0xad, 0x6b, 0xb5, 0xad, 0xb5, 0xad, 
	0xad, 0x6b, 0xa5, 0x29, 0xad, 0x6b, 0x84, 0x21, 
	
};

Gfx hyrule_dl_rock_top_2_rgba16_aligner[] = {gsSPEndDisplayList()};
u8 hyrule_dl_rock_top_2_rgba16[] = {
	0xff, 0xfe, 0xff, 0xfe, 0xff, 0xfe, 0xff, 0xfe, 
	0xff, 0xfe, 0xff, 0xfe, 0xff, 0xfe, 0xff, 0xfe, 
	0xff, 0xfe, 0xff, 0xfe, 0xff, 0xfe, 0xff, 0xfe, 
	0xff, 0xfe, 0xff, 0xfe, 0xff, 0xfe, 0xff, 0xfe, 
	0xff, 0xfe, 0xff, 0xfe, 0xff, 0xfe, 0xff, 0xfe, 
	0xff, 0xfe, 0xff, 0xfe, 0xff, 0xfe, 0xff, 0xfe, 
	0xff, 0xfe, 0xff, 0xfe, 0xff, 0xfe, 0x7b, 0xdf, 
	0x9c, 0xe7, 0xad, 0x6b, 0xb5, 0xad, 0xde, 0xf7, 
	0xde, 0xf7, 0xb5, 0xad, 0xad, 0x6b, 0x9c, 0xe7, 
	0x7b, 0xdf, 0xff, 0xfe, 0xff, 0xfe, 0xff, 0xfe, 
	0xff, 0xfe, 0xff, 0xfe, 0xff, 0xfe, 0xff, 0xfe, 
	0xff, 0xfe, 0xff, 0xfe, 0xff, 0xfe, 0xff, 0xfe, 
	0xff, 0xfe, 0xff, 0xfe, 0xff, 0xfe, 0xff, 0xfe, 
	0xff, 0xfe, 0xff, 0xfe, 0xff, 0xfe, 0xff, 0xfe, 
	0xff, 0xfe, 0xff, 0xfe, 0xff, 0xfe, 0xff, 0xfe, 
	0xff, 0xfe, 0xff, 0xfe, 0xff, 0xfe, 0xff, 0xfe, 
	0xff, 0xfe, 0xff, 0xfe, 0xff, 0xfe, 0xff, 0xfe, 
	0xff, 0xfe, 0xff, 0xfe, 0xff, 0xfe, 0xff, 0xfe, 
	0xff, 0xfe, 0xff, 0xfe, 0xff, 0xfe, 0xff, 0xfe, 
	0xff, 0xfe, 0xff, 0xfe, 0xff, 0xfe, 0xff, 0xfe, 
	0xff, 0xfe, 0xff, 0xfe, 0xff, 0xfe, 0xff, 0xfe, 
	0xff, 0xfe, 0xff, 0xfe, 0xff, 0xfe, 0xff, 0xfe, 
	0xff, 0xfe, 0xff, 0xfe, 0x5a, 0xd7, 0x6b, 0x5b, 
	0x9c, 0xe7, 0xad, 0x6b, 0xc6, 0x31, 0xce, 0x73, 
	0xce, 0x73, 0xc6, 0x31, 0xad, 0x6b, 0x9c, 0xe7, 
	0x6b, 0x5b, 0x5a, 0xd7, 0xff, 0xfe, 0xff, 0xfe, 
	0xff, 0xfe, 0xff, 0xfe, 0xff, 0xfe, 0xff, 0xfe, 
	0xff, 0xfe, 0xff, 0xfe, 0xff, 0xfe, 0xff, 0xfe, 
	0xff, 0xfe, 0xff, 0xfe, 0xff, 0xfe, 0xff, 0xfe, 
	0xff, 0xfe, 0xff, 0xfe, 0xff, 0xfe, 0xff, 0xfe, 
	0xff, 0xfe, 0xff, 0xfe, 0xff, 0xfe, 0xff, 0xfe, 
	0xff, 0xfe, 0xff, 0xfe, 0xff, 0xfe, 0xff, 0xfe, 
	0xff, 0xfe, 0xff, 0xfe, 0xff, 0xfe, 0xff, 0xfe, 
	0xff, 0xfe, 0xff, 0xfe, 0xff, 0xfe, 0xff, 0xfe, 
	0xff, 0xfe, 0xff, 0xfe, 0xff, 0xfe, 0xff, 0xfe, 
	0xff, 0xfe, 0xff, 0xfe, 0xff, 0xfe, 0xff, 0xfe, 
	0xff, 0xfe, 0xff, 0xfe, 0xff, 0xfe, 0xff, 0xfe, 
	0xff, 0xfe, 0xff, 0xfe, 0xff, 0xfe, 0xff, 0xfe, 
	0xff, 0xfe, 0xff, 0xfe, 0x5a, 0xd7, 0x7b, 0xdf, 
	0x84, 0x21, 0x94, 0xa5, 0xb5, 0xad, 0xc6, 0x31, 
	0xc6, 0x31, 0xb5, 0xad, 0x94, 0xa5, 0x84, 0x21, 
	0x7b, 0xdf, 0x5a, 0xd7, 0xff, 0xfe, 0xff, 0xfe, 
	0xff, 0xfe, 0xff, 0xfe, 0xff, 0xfe, 0xff, 0xfe, 
	0xff, 0xfe, 0xff, 0xfe, 0xff, 0xfe, 0xff, 0xfe, 
	0xff, 0xfe, 0xff, 0xfe, 0xff, 0xfe, 0xff, 0xfe, 
	0xff, 0xfe, 0xff, 0xfe, 0xff, 0xfe, 0xff, 0xfe, 
	0xff, 0xfe, 0xff, 0xfe, 0xff, 0xfe, 0xff, 0xfe, 
	0xff, 0xfe, 0xff, 0xfe, 0xff, 0xfe, 0xff, 0xfe, 
	0xff, 0xfe, 0xff, 0xfe, 0xff, 0xfe, 0xff, 0xfe, 
	0xff, 0xfe, 0xff, 0xfe, 0xff, 0xfe, 0xff, 0xfe, 
	0xff, 0xfe, 0xff, 0xfe, 0xff, 0xfe, 0xff, 0xfe, 
	0xff, 0xfe, 0xff, 0xfe, 0xff, 0xfe, 0xff, 0xfe, 
	0xff, 0xfe, 0xff, 0xfe, 0xff, 0xfe, 0xff, 0xfe, 
	0xff, 0xfe, 0xff, 0xfe, 0xff, 0xfe, 0xff, 0xfe, 
	0xff, 0xfe, 0xff, 0xfe, 0x39, 0xcf, 0x6b, 0x5b, 
	0x7b, 0xdf, 0x6b, 0x5b, 0x9c, 0xe7, 0xad, 0x6b, 
	0xad, 0x6b, 0x9c, 0xe7, 0x6b, 0x5b, 0x7b, 0xdf, 
	0x6b, 0x5b, 0x39, 0xcf, 0xff, 0xfe, 0xff, 0xfe, 
	0xff, 0xfe, 0xff, 0xfe, 0xff, 0xfe, 0xff, 0xfe, 
	0xff, 0xfe, 0xff, 0xfe, 0xff, 0xfe, 0xff, 0xfe, 
	0xff, 0xfe, 0xff, 0xfe, 0xff, 0xfe, 0xff, 0xfe, 
	0xff, 0xfe, 0xff, 0xfe, 0xff, 0xfe, 0xff, 0xfe, 
	0xff, 0xfe, 0xff, 0xfe, 0xff, 0xfe, 0xff, 0xfe, 
	0xff, 0xfe, 0xff, 0xfe, 0xff, 0xfe, 0xff, 0xfe, 
	0xff, 0xfe, 0xff, 0xfe, 0xff, 0xfe, 0xff, 0xfe, 
	0xff, 0xfe, 0xff, 0xfe, 0xff, 0xfe, 0xff, 0xfe, 
	0xff, 0xfe, 0xff, 0xfe, 0xff, 0xfe, 0xff, 0xfe, 
	0xff, 0xfe, 0xff, 0xfe, 0xff, 0xfe, 0xff, 0xfe, 
	0xff, 0xfe, 0xff, 0xfe, 0xff, 0xfe, 0xff, 0xfe, 
	0xff, 0xfe, 0xff, 0xfe, 0xff, 0xfe, 0xff, 0xfe, 
	0xff, 0xfe, 0xff, 0xfe, 0x39, 0xcf, 0x7b, 0xdf, 
	0x94, 0xa5, 0x84, 0x21, 0x9c, 0xe7, 0xad, 0x6b, 
	0xad, 0x6b, 0x9c, 0xe7, 0x84, 0x21, 0x94, 0xa5, 
	0x7b, 0xdf, 0x39, 0xcf, 0xff, 0xfe, 0xff, 0xfe, 
	0xff, 0xfe, 0xff, 0xfe, 0xff, 0xfe, 0xff, 0xfe, 
	0xff, 0xfe, 0xff, 0xfe, 0xff, 0xfe, 0xff, 0xfe, 
	0xff, 0xfe, 0xff, 0xfe, 0xff, 0xfe, 0xff, 0xfe, 
	0xff, 0xfe, 0xff, 0xfe, 0xff, 0xfe, 0xff, 0xfe, 
	0xff, 0xfe, 0xff, 0xfe, 0xff, 0xfe, 0xff, 0xfe, 
	0xff, 0xfe, 0xff, 0xfe, 0xff, 0xfe, 0xff, 0xfe, 
	0xff, 0xfe, 0xff, 0xfe, 0xff, 0xfe, 0xff, 0xfe, 
	0xff, 0xfe, 0xff, 0xfe, 0xff, 0xfe, 0xff, 0xfe, 
	0xff, 0xfe, 0xff, 0xfe, 0xff, 0xfe, 0xff, 0xfe, 
	0xff, 0xfe, 0xff, 0xfe, 0xff, 0xfe, 0xff, 0xfe, 
	0xff, 0xfe, 0xff, 0xfe, 0xff, 0xfe, 0xff, 0xfe, 
	0xff, 0xfe, 0xff, 0xfe, 0xff, 0xfe, 0xff, 0xfe, 
	0xff, 0xfe, 0xff, 0xfe, 0x5a, 0xd7, 0x6b, 0x5b, 
	0xad, 0x6b, 0x9c, 0xe7, 0x84, 0x21, 0xc6, 0x31, 
	0xc6, 0x31, 0x84, 0x21, 0x9c, 0xe7, 0xad, 0x6b, 
	0x6b, 0x5b, 0x5a, 0xd7, 0xff, 0xfe, 0xff, 0xfe, 
	0xff, 0xfe, 0xff, 0xfe, 0xff, 0xfe, 0xff, 0xfe, 
	0xff, 0xfe, 0xff, 0xfe, 0xff, 0xfe, 0xff, 0xfe, 
	0xff, 0xfe, 0xff, 0xfe, 0xff, 0xfe, 0xff, 0xfe, 
	0xff, 0xfe, 0xff, 0xfe, 0xff, 0xfe, 0xff, 0xfe, 
	0xff, 0xfe, 0xff, 0xfe, 0xff, 0xfe, 0xff, 0xfe, 
	0xff, 0xfe, 0xff, 0xfe, 0xff, 0xfe, 0xff, 0xfe, 
	0xff, 0xfe, 0xff, 0xfe, 0xff, 0xfe, 0xff, 0xfe, 
	0xff, 0xfe, 0xff, 0xfe, 0xff, 0xfe, 0xff, 0xfe, 
	0xff, 0xfe, 0xff, 0xfe, 0xff, 0xfe, 0xff, 0xfe, 
	0xff, 0xfe, 0xff, 0xfe, 0xff, 0xfe, 0xff, 0xfe, 
	0xff, 0xfe, 0xff, 0xfe, 0xff, 0xfe, 0xff, 0xfe, 
	0xff, 0xfe, 0xff, 0xfe, 0xff, 0xfe, 0xff, 0xfe, 
	0xff, 0xfe, 0xff, 0xfe, 0x39, 0xcf, 0x5a, 0xd7, 
	0xb5, 0xad, 0x9c, 0xe7, 0x7b, 0xdf, 0xc6, 0x31, 
	0xc6, 0x31, 0x7b, 0xdf, 0x9c, 0xe7, 0xb5, 0xad, 
	0x5a, 0xd7, 0x39, 0xcf, 0xff, 0xfe, 0xff, 0xfe, 
	0xff, 0xfe, 0xff, 0xfe, 0xff, 0xfe, 0xff, 0xfe, 
	0xff, 0xfe, 0xff, 0xfe, 0xff, 0xfe, 0xff, 0xfe, 
	0xff, 0xfe, 0xff, 0xfe, 0xff, 0xfe, 0xff, 0xfe, 
	0xff, 0xfe, 0xff, 0xfe, 0xff, 0xfe, 0xff, 0xfe, 
	0xff, 0xfe, 0xff, 0xfe, 0xff, 0xfe, 0xff, 0xfe, 
	0xff, 0xfe, 0xff, 0xfe, 0xff, 0xfe, 0xff, 0xfe, 
	0xff, 0xfe, 0xff, 0xfe, 0xff, 0xfe, 0xff, 0xfe, 
	0xff, 0xfe, 0xff, 0xfe, 0xff, 0xfe, 0xff, 0xfe, 
	0xff, 0xfe, 0xff, 0xfe, 0xff, 0xfe, 0xff, 0xfe, 
	0xff, 0xfe, 0xff, 0xfe, 0xff, 0xfe, 0xff, 0xfe, 
	0xff, 0xfe, 0xff, 0xfe, 0xff, 0xfe, 0xff, 0xfe, 
	0xff, 0xfe, 0xff, 0xfe, 0xff, 0xfe, 0xff, 0xfe, 
	0xff, 0xfe, 0xff, 0xfe, 0x29, 0x4b, 0x42, 0x11, 
	0xb5, 0xad, 0x9c, 0xe7, 0x7b, 0xdf, 0xc6, 0x31, 
	0xc6, 0x31, 0x7b, 0xdf, 0x9c, 0xe7, 0xb5, 0xad, 
	0x42, 0x11, 0x29, 0x4b, 0xff, 0xfe, 0xff, 0xfe, 
	0xff, 0xfe, 0xff, 0xfe, 0xff, 0xfe, 0xff, 0xfe, 
	0xff, 0xfe, 0xff, 0xfe, 0xff, 0xfe, 0xff, 0xfe, 
	0xff, 0xfe, 0xff, 0xfe, 0xff, 0xfe, 0xff, 0xfe, 
	0xff, 0xfe, 0xff, 0xfe, 0xff, 0xfe, 0xff, 0xfe, 
	0xff, 0xfe, 0xff, 0xfe, 0xff, 0xfe, 0xff, 0xfe, 
	0xff, 0xfe, 0xff, 0xfe, 0xff, 0xfe, 0xff, 0xfe, 
	0xff, 0xfe, 0xff, 0xfe, 0xff, 0xfe, 0xff, 0xfe, 
	0xff, 0xfe, 0xff, 0xfe, 0xff, 0xfe, 0xff, 0xfe, 
	0xff, 0xfe, 0xff, 0xfe, 0xff, 0xfe, 0xff, 0xfe, 
	0xff, 0xfe, 0xff, 0xfe, 0xff, 0xfe, 0xff, 0xfe, 
	0xff, 0xfe, 0xff, 0xfe, 0xff, 0xfe, 0xff, 0xfe, 
	0xff, 0xfe, 0xff, 0xfe, 0xff, 0xfe, 0xff, 0xfe, 
	0xff, 0xfe, 0xff, 0xfe, 0x39, 0xcf, 0x6b, 0x5b, 
	0xad, 0x6b, 0xad, 0x6b, 0x9c, 0xe7, 0xc6, 0x31, 
	0xc6, 0x31, 0x9c, 0xe7, 0xad, 0x6b, 0xad, 0x6b, 
	0x6b, 0x5b, 0x39, 0xcf, 0xff, 0xfe, 0xff, 0xfe, 
	0xff, 0xfe, 0xff, 0xfe, 0xff, 0xfe, 0xff, 0xfe, 
	0xff, 0xfe, 0xff, 0xfe, 0xff, 0xfe, 0xff, 0xfe, 
	0xff, 0xfe, 0xff, 0xfe, 0xff, 0xfe, 0xff, 0xfe, 
	0xff, 0xfe, 0xff, 0xfe, 0xff, 0xfe, 0xff, 0xfe, 
	0xff, 0xfe, 0xff, 0xfe, 0xff, 0xfe, 0xff, 0xfe, 
	0xff, 0xfe, 0xff, 0xfe, 0xff, 0xfe, 0xff, 0xfe, 
	0xff, 0xfe, 0xff, 0xfe, 0xff, 0xfe, 0xff, 0xfe, 
	0xff, 0xfe, 0xff, 0xfe, 0xff, 0xfe, 0xff, 0xfe, 
	0xff, 0xfe, 0xff, 0xfe, 0xff, 0xfe, 0xff, 0xfe, 
	0xff, 0xfe, 0xff, 0xfe, 0xff, 0xfe, 0xff, 0xfe, 
	0xff, 0xfe, 0xff, 0xfe, 0xff, 0xfe, 0x39, 0xcf, 
	0x6b, 0x5b, 0x9c, 0xe7, 0xce, 0x73, 0xce, 0x73, 
	0xce, 0x73, 0xad, 0x6b, 0x39, 0xcf, 0x5a, 0xd7, 
	0x94, 0xa5, 0xad, 0x6b, 0xb5, 0xad, 0xc6, 0x31, 
	0xc6, 0x31, 0xb5, 0xad, 0xad, 0x6b, 0x94, 0xa5, 
	0x5a, 0xd7, 0x39, 0xcf, 0xad, 0x6b, 0xce, 0x73, 
	0xce, 0x73, 0xce, 0x73, 0x9c, 0xe7, 0x6b, 0x5b, 
	0x39, 0xcf, 0xff, 0xfe, 0xff, 0xfe, 0xff, 0xfe, 
	0xff, 0xfe, 0xff, 0xfe, 0xff, 0xfe, 0xff, 0xfe, 
	0xff, 0xfe, 0xff, 0xfe, 0xff, 0xfe, 0xff, 0xfe, 
	0xff, 0xfe, 0xff, 0xfe, 0xff, 0xfe, 0xff, 0xfe, 
	0xff, 0xfe, 0xff, 0xfe, 0xff, 0xfe, 0xff, 0xfe, 
	0xff, 0xfe, 0xff, 0xfe, 0xff, 0xfe, 0xff, 0xfe, 
	0xff, 0xfe, 0xff, 0xfe, 0xff, 0xfe, 0xff, 0xfe, 
	0xff, 0xfe, 0xff, 0xfe, 0xff, 0xfe, 0xff, 0xfe, 
	0xff, 0xfe, 0xff, 0xfe, 0xff, 0xfe, 0xff, 0xfe, 
	0xff, 0xfe, 0xff, 0xfe, 0x42, 0x11, 0x6b, 0x5b, 
	0x84, 0x21, 0xce, 0x73, 0xde, 0xf7, 0xce, 0x73, 
	0xce, 0x73, 0xb5, 0xad, 0x29, 0x4b, 0x42, 0x11, 
	0x7b, 0xdf, 0x94, 0xa5, 0xb5, 0xad, 0xce, 0x73, 
	0xce, 0x73, 0xb5, 0xad, 0x94, 0xa5, 0x7b, 0xdf, 
	0x42, 0x11, 0x29, 0x4b, 0xb5, 0xad, 0xce, 0x73, 
	0xce, 0x73, 0xde, 0xf7, 0xce, 0x73, 0x84, 0x21, 
	0x6b, 0x5b, 0x42, 0x11, 0xff, 0xfe, 0xff, 0xfe, 
	0xff, 0xfe, 0xff, 0xfe, 0xff, 0xfe, 0xff, 0xfe, 
	0xff, 0xfe, 0xff, 0xfe, 0xff, 0xfe, 0xff, 0xfe, 
	0xff, 0xfe, 0xff, 0xfe, 0xff, 0xfe, 0xff, 0xfe, 
	0xff, 0xfe, 0xff, 0xfe, 0xff, 0xfe, 0xff, 0xfe, 
	0xff, 0xfe, 0xff, 0xfe, 0xff, 0xfe, 0xff, 0xfe, 
	0xff, 0xfe, 0xff, 0xfe, 0xff, 0xfe, 0xff, 0xfe, 
	0xff, 0xfe, 0xff, 0xfe, 0xff, 0xfe, 0xff, 0xfe, 
	0xff, 0xfe, 0xff, 0xfe, 0xff, 0xfe, 0xff, 0xfe, 
	0xff, 0xfe, 0xff, 0xfe, 0x6b, 0x5b, 0x6b, 0x5b, 
	0x84, 0x21, 0xce, 0x73, 0xce, 0x73, 0xb5, 0xad, 
	0xce, 0x73, 0xb5, 0xad, 0x39, 0xcf, 0x39, 0xcf, 
	0x5a, 0xd7, 0x6b, 0x5b, 0x84, 0x21, 0xad, 0x6b, 
	0xad, 0x6b, 0x84, 0x21, 0x6b, 0x5b, 0x5a, 0xd7, 
	0x39, 0xcf, 0x39, 0xcf, 0xb5, 0xad, 0xce, 0x73, 
	0xb5, 0xad, 0xce, 0x73, 0xce, 0x73, 0x84, 0x21, 
	0x6b, 0x5b, 0x6b, 0x5b, 0xff, 0xfe, 0xff, 0xfe, 
	0xff, 0xfe, 0xff, 0xfe, 0xff, 0xfe, 0xff, 0xfe, 
	0xff, 0xfe, 0xff, 0xfe, 0xff, 0xfe, 0xff, 0xfe, 
	0xff, 0xfe, 0xff, 0xfe, 0xff, 0xfe, 0xff, 0xfe, 
	0xff, 0xfe, 0xff, 0xfe, 0xff, 0xfe, 0xff, 0xfe, 
	0xff, 0xfe, 0xff, 0xfe, 0xff, 0xfe, 0xff, 0xfe, 
	0xff, 0xfe, 0xff, 0xfe, 0xff, 0xfe, 0xff, 0xfe, 
	0xff, 0xfe, 0xff, 0xfe, 0xff, 0xfe, 0xff, 0xfe, 
	0xff, 0xfe, 0xff, 0xfe, 0xff, 0xfe, 0xff, 0xfe, 
	0xff, 0xfe, 0xff, 0xfe, 0x6b, 0x5b, 0x7b, 0xdf, 
	0x94, 0xa5, 0xce, 0x73, 0xde, 0xf7, 0xad, 0x6b, 
	0xde, 0xf7, 0xb5, 0xad, 0x39, 0xcf, 0x42, 0x11, 
	0x6b, 0x5b, 0x84, 0x21, 0xad, 0x6b, 0xc6, 0x31, 
	0xc6, 0x31, 0xad, 0x6b, 0x84, 0x21, 0x6b, 0x5b, 
	0x42, 0x11, 0x39, 0xcf, 0xb5, 0xad, 0xde, 0xf7, 
	0xad, 0x6b, 0xde, 0xf7, 0xce, 0x73, 0x94, 0xa5, 
	0x7b, 0xdf, 0x6b, 0x5b, 0xff, 0xfe, 0xff, 0xfe, 
	0xff, 0xfe, 0xff, 0xfe, 0xff, 0xfe, 0xff, 0xfe, 
	0xff, 0xfe, 0xff, 0xfe, 0xff, 0xfe, 0xff, 0xfe, 
	0xff, 0xfe, 0xff, 0xfe, 0xff, 0xfe, 0xff, 0xfe, 
	0xff, 0xfe, 0xff, 0xfe, 0xff, 0xfe, 0xff, 0xfe, 
	0xff, 0xfe, 0xff, 0xfe, 0xff, 0xfe, 0xff, 0xfe, 
	0xff, 0xfe, 0xff, 0xfe, 0xff, 0xfe, 0xff, 0xfe, 
	0xff, 0xfe, 0xff, 0xfe, 0xff, 0xfe, 0xff, 0xfe, 
	0xff, 0xfe, 0xff, 0xfe, 0xff, 0xfe, 0xff, 0xfe, 
	0xff, 0xfe, 0xff, 0xfe, 0x5a, 0xd7, 0x6b, 0x5b, 
	0x9c, 0xe7, 0xc6, 0x31, 0xce, 0x73, 0xce, 0x73, 
	0xce, 0x73, 0xb5, 0xad, 0x39, 0xcf, 0x5a, 0xd7, 
	0x7b, 0xdf, 0x9c, 0xe7, 0xc6, 0x31, 0xde, 0xf7, 
	0xde, 0xf7, 0xc6, 0x31, 0x9c, 0xe7, 0x7b, 0xdf, 
	0x5a, 0xd7, 0x39, 0xcf, 0xb5, 0xad, 0xce, 0x73, 
	0xce, 0x73, 0xce, 0x73, 0xc6, 0x31, 0x9c, 0xe7, 
	0x6b, 0x5b, 0x5a, 0xd7, 0xff, 0xfe, 0xff, 0xfe, 
	0xff, 0xfe, 0xff, 0xfe, 0xff, 0xfe, 0xff, 0xfe, 
	0xff, 0xfe, 0xff, 0xfe, 0xff, 0xfe, 0xff, 0xfe, 
	0xff, 0xfe, 0xff, 0xfe, 0xff, 0xfe, 0xff, 0xfe, 
	0xff, 0xfe, 0xff, 0xfe, 0xff, 0xfe, 0xff, 0xfe, 
	0xff, 0xfe, 0xff, 0xfe, 0xff, 0xfe, 0xff, 0xfe, 
	0xff, 0xfe, 0xff, 0xfe, 0xff, 0xfe, 0xff, 0xfe, 
	0xff, 0xfe, 0xff, 0xfe, 0xff, 0xfe, 0xff, 0xfe, 
	0xff, 0xfe, 0xff, 0xfe, 0xff, 0xfe, 0xff, 0xfe, 
	0xff, 0xfe, 0xff, 0xfe, 0x39, 0xcf, 0x5a, 0xd7, 
	0x9c, 0xe7, 0xc6, 0x31, 0xce, 0x73, 0xce, 0x73, 
	0xce, 0x73, 0xc6, 0x31, 0x39, 0xcf, 0x5a, 0xd7, 
	0x7b, 0xdf, 0x9c, 0xe7, 0xce, 0x73, 0xde, 0xf7, 
	0xde, 0xf7, 0xce, 0x73, 0x9c, 0xe7, 0x7b, 0xdf, 
	0x5a, 0xd7, 0x39, 0xcf, 0xc6, 0x31, 0xce, 0x73, 
	0xce, 0x73, 0xce, 0x73, 0xc6, 0x31, 0x9c, 0xe7, 
	0x5a, 0xd7, 0x39, 0xcf, 0xff, 0xfe, 0xff, 0xfe, 
	0xff, 0xfe, 0xff, 0xfe, 0xff, 0xfe, 0xff, 0xfe, 
	0xff, 0xfe, 0xff, 0xfe, 0xff, 0xfe, 0xff, 0xfe, 
	0xff, 0xfe, 0xff, 0xfe, 0xff, 0xfe, 0xff, 0xfe, 
	0xff, 0xfe, 0xff, 0xfe, 0xff, 0xfe, 0xff, 0xfe, 
	0xff, 0xfe, 0xff, 0xfe, 0xff, 0xfe, 0xff, 0xfe, 
	0xff, 0xfe, 0xff, 0xfe, 0xff, 0xfe, 0xff, 0xfe, 
	0xff, 0xfe, 0xff, 0xfe, 0xff, 0xfe, 0xff, 0xfe, 
	0xff, 0xfe, 0xff, 0xfe, 0xff, 0xfe, 0xff, 0xfe, 
	0xff, 0xfe, 0xff, 0xfe, 0x39, 0xcf, 0x5a, 0xd7, 
	0x9c, 0xe7, 0xce, 0x73, 0xde, 0xf7, 0xce, 0x73, 
	0xce, 0x73, 0xc6, 0x31, 0x42, 0x11, 0x5a, 0xd7, 
	0x84, 0x21, 0x9c, 0xe7, 0xde, 0xf7, 0xde, 0xf7, 
	0xde, 0xf7, 0xde, 0xf7, 0x9c, 0xe7, 0x84, 0x21, 
	0x5a, 0xd7, 0x42, 0x11, 0xc6, 0x31, 0xce, 0x73, 
	0xce, 0x73, 0xde, 0xf7, 0xce, 0x73, 0x9c, 0xe7, 
	0x5a, 0xd7, 0x39, 0xcf, 0xff, 0xfe, 0xff, 0xfe, 
	0xff, 0xfe, 0xff, 0xfe, 0xff, 0xfe, 0xff, 0xfe, 
	0xff, 0xfe, 0xff, 0xfe, 0xff, 0xfe, 0xff, 0xfe, 
	0xff, 0xfe, 0xff, 0xfe, 0xff, 0xfe, 0xff, 0xfe, 
	0xff, 0xfe, 0xff, 0xfe, 0xff, 0xfe, 0xff, 0xfe, 
	0xff, 0xfe, 0xff, 0xfe, 0xff, 0xfe, 0xff, 0xfe, 
	0xff, 0xfe, 0xff, 0xfe, 0xff, 0xfe, 0xff, 0xfe, 
	0xff, 0xfe, 0xff, 0xfe, 0xff, 0xfe, 0xff, 0xfe, 
	0xff, 0xfe, 0xff, 0xfe, 0xff, 0xfe, 0xff, 0xfe, 
	0xff, 0xfe, 0xff, 0xfe, 0x39, 0xcf, 0x7b, 0xdf, 
	0x9c, 0xe7, 0xb5, 0xad, 0xce, 0x73, 0xc6, 0x31, 
	0xde, 0xf7, 0xc6, 0x31, 0x39, 0xcf, 0x5a, 0xd7, 
	0x94, 0xa5, 0x9c, 0xe7, 0xc6, 0x31, 0xb5, 0xad, 
	0xb5, 0xad, 0xc6, 0x31, 0x9c, 0xe7, 0x94, 0xa5, 
	0x5a, 0xd7, 0x39, 0xcf, 0xc6, 0x31, 0xde, 0xf7, 
	0xc6, 0x31, 0xce, 0x73, 0xb5, 0xad, 0x9c, 0xe7, 
	0x7b, 0xdf, 0x39, 0xcf, 0xff, 0xfe, 0xff, 0xfe, 
	0xff, 0xfe, 0xff, 0xfe, 0xff, 0xfe, 0xff, 0xfe, 
	0xff, 0xfe, 0xff, 0xfe, 0xff, 0xfe, 0xff, 0xfe, 
	0xff, 0xfe, 0xff, 0xfe, 0xff, 0xfe, 0xff, 0xfe, 
	0xff, 0xfe, 0xff, 0xfe, 0xff, 0xfe, 0xff, 0xfe, 
	0xff, 0xfe, 0xff, 0xfe, 0xff, 0xfe, 0xff, 0xfe, 
	0xff, 0xfe, 0xff, 0xfe, 0xff, 0xfe, 0xff, 0xfe, 
	0xff, 0xfe, 0xff, 0xfe, 0xff, 0xfe, 0x6b, 0x5b, 
	0x84, 0x21, 0x94, 0xa5, 0xad, 0x6b, 0xc6, 0x31, 
	0xce, 0x73, 0x94, 0xa5, 0x39, 0xcf, 0x7b, 0xdf, 
	0xad, 0x6b, 0xc6, 0x31, 0xc6, 0x31, 0xc6, 0x31, 
	0xde, 0xf7, 0xc6, 0x31, 0x42, 0x11, 0x5a, 0xd7, 
	0x94, 0xa5, 0xad, 0x6b, 0xc6, 0x31, 0xad, 0x6b, 
	0xad, 0x6b, 0xc6, 0x31, 0xad, 0x6b, 0x94, 0xa5, 
	0x5a, 0xd7, 0x42, 0x11, 0xc6, 0x31, 0xde, 0xf7, 
	0xc6, 0x31, 0xc6, 0x31, 0xc6, 0x31, 0xad, 0x6b, 
	0x7b, 0xdf, 0x39, 0xcf, 0x94, 0xa5, 0xce, 0x73, 
	0xc6, 0x31, 0xad, 0x6b, 0x94, 0xa5, 0x84, 0x21, 
	0x6b, 0x5b, 0xff, 0xfe, 0xff, 0xfe, 0xff, 0xfe, 
	0xff, 0xfe, 0xff, 0xfe, 0xff, 0xfe, 0xff, 0xfe, 
	0xff, 0xfe, 0xff, 0xfe, 0xff, 0xfe, 0xff, 0xfe, 
	0xff, 0xfe, 0xff, 0xfe, 0xff, 0xfe, 0xff, 0xfe, 
	0xff, 0xfe, 0xff, 0xfe, 0xff, 0xfe, 0xff, 0xfe, 
	0xff, 0xfe, 0xff, 0xfe, 0x42, 0x11, 0x6b, 0x5b, 
	0x84, 0x21, 0x94, 0xa5, 0xb5, 0xad, 0xce, 0x73, 
	0xe7, 0x39, 0x9c, 0xe7, 0x29, 0x4b, 0x7b, 0xdf, 
	0x94, 0xa5, 0xc6, 0x31, 0xc6, 0x31, 0xb5, 0xad, 
	0xce, 0x73, 0xb5, 0xad, 0x39, 0xcf, 0x5a, 0xd7, 
	0x84, 0x21, 0xb5, 0xad, 0xb5, 0xad, 0xad, 0x6b, 
	0xad, 0x6b, 0xb5, 0xad, 0xb5, 0xad, 0x84, 0x21, 
	0x5a, 0xd7, 0x39, 0xcf, 0xb5, 0xad, 0xce, 0x73, 
	0xb5, 0xad, 0xc6, 0x31, 0xc6, 0x31, 0x94, 0xa5, 
	0x7b, 0xdf, 0x29, 0x4b, 0x9c, 0xe7, 0xe7, 0x39, 
	0xce, 0x73, 0xb5, 0xad, 0x94, 0xa5, 0x84, 0x21, 
	0x6b, 0x5b, 0x42, 0x11, 0xff, 0xfe, 0xff, 0xfe, 
	0xff, 0xfe, 0xff, 0xfe, 0xff, 0xfe, 0xff, 0xfe, 
	0xff, 0xfe, 0xff, 0xfe, 0xff, 0xfe, 0xff, 0xfe, 
	0xff, 0xfe, 0xff, 0xfe, 0xff, 0xfe, 0xff, 0xfe, 
	0xff, 0xfe, 0xff, 0xfe, 0xff, 0xfe, 0xff, 0xfe, 
	0xff, 0xfe, 0xff, 0xfe, 0x42, 0x11, 0x5a, 0xd7, 
	0x84, 0x21, 0xad, 0x6b, 0xc6, 0x31, 0xde, 0xf7, 
	0xde, 0xf7, 0x94, 0xa5, 0x29, 0x4b, 0x6b, 0x5b, 
	0x84, 0x21, 0xc6, 0x31, 0xde, 0xf7, 0xce, 0x73, 
	0xc6, 0x31, 0xc6, 0x31, 0x39, 0xcf, 0x42, 0x11, 
	0x84, 0x21, 0xc6, 0x31, 0xc6, 0x31, 0xad, 0x6b, 
	0xad, 0x6b, 0xc6, 0x31, 0xc6, 0x31, 0x84, 0x21, 
	0x42, 0x11, 0x39, 0xcf, 0xc6, 0x31, 0xc6, 0x31, 
	0xce, 0x73, 0xde, 0xf7, 0xc6, 0x31, 0x84, 0x21, 
	0x6b, 0x5b, 0x29, 0x4b, 0x94, 0xa5, 0xde, 0xf7, 
	0xde, 0xf7, 0xc6, 0x31, 0xad, 0x6b, 0x84, 0x21, 
	0x5a, 0xd7, 0x42, 0x11, 0xff, 0xfe, 0xff, 0xfe, 
	0xff, 0xfe, 0xff, 0xfe, 0xff, 0xfe, 0xff, 0xfe, 
	0xff, 0xfe, 0xff, 0xfe, 0xff, 0xfe, 0xff, 0xfe, 
	0xff, 0xfe, 0xff, 0xfe, 0xff, 0xfe, 0xff, 0xfe, 
	0xff, 0xfe, 0xff, 0xfe, 0xff, 0xfe, 0xff, 0xfe, 
	0xff, 0xfe, 0xff, 0xfe, 0x42, 0x11, 0x5a, 0xd7, 
	0x84, 0x21, 0xb5, 0xad, 0xce, 0x73, 0xce, 0x73, 
	0xce, 0x73, 0x94, 0xa5, 0x29, 0x4b, 0x7b, 0xdf, 
	0xad, 0x6b, 0xce, 0x73, 0xe7, 0x39, 0xce, 0x73, 
	0xc6, 0x31, 0xb5, 0xad, 0x39, 0xcf, 0x5a, 0xd7, 
	0x84, 0x21, 0xc6, 0x31, 0xce, 0x73, 0xb5, 0xad, 
	0xb5, 0xad, 0xce, 0x73, 0xc6, 0x31, 0x84, 0x21, 
	0x5a, 0xd7, 0x39, 0xcf, 0xb5, 0xad, 0xc6, 0x31, 
	0xce, 0x73, 0xe7, 0x39, 0xce, 0x73, 0xad, 0x6b, 
	0x7b, 0xdf, 0x29, 0x4b, 0x94, 0xa5, 0xce, 0x73, 
	0xce, 0x73, 0xce, 0x73, 0xb5, 0xad, 0x84, 0x21, 
	0x5a, 0xd7, 0x42, 0x11, 0xff, 0xfe, 0xff, 0xfe, 
	0xff, 0xfe, 0xff, 0xfe, 0xff, 0xfe, 0xff, 0xfe, 
	0xff, 0xfe, 0xff, 0xfe, 0xff, 0xfe, 0xff, 0xfe, 
	0xff, 0xfe, 0xff, 0xfe, 0xff, 0xfe, 0xff, 0xfe, 
	0xff, 0xfe, 0xff, 0xfe, 0xff, 0xfe, 0xff, 0xfe, 
	0xff, 0xfe, 0xff, 0xfe, 0x39, 0xcf, 0x39, 0xcf, 
	0x7b, 0xdf, 0xad, 0x6b, 0xc6, 0x31, 0xb5, 0xad, 
	0xc6, 0x31, 0x94, 0xa5, 0x29, 0x4b, 0x5a, 0xd7, 
	0x9c, 0xe7, 0xce, 0x73, 0xde, 0xf7, 0xc6, 0x31, 
	0xc6, 0x31, 0x9c, 0xe7, 0x5a, 0xd7, 0x6b, 0x5b, 
	0x84, 0x21, 0xb5, 0xad, 0xc6, 0x31, 0xb5, 0xad, 
	0xb5, 0xad, 0xc6, 0x31, 0xb5, 0xad, 0x84, 0x21, 
	0x6b, 0x5b, 0x5a, 0xd7, 0x9c, 0xe7, 0xc6, 0x31, 
	0xc6, 0x31, 0xde, 0xf7, 0xce, 0x73, 0x9c, 0xe7, 
	0x5a, 0xd7, 0x29, 0x4b, 0x94, 0xa5, 0xc6, 0x31, 
	0xb5, 0xad, 0xc6, 0x31, 0xad, 0x6b, 0x7b, 0xdf, 
	0x39, 0xcf, 0x39, 0xcf, 0xff, 0xfe, 0xff, 0xfe, 
	0xff, 0xfe, 0xff, 0xfe, 0xff, 0xfe, 0xff, 0xfe, 
	0xff, 0xfe, 0xff, 0xfe, 0xff, 0xfe, 0xff, 0xfe, 
	0xff, 0xfe, 0xff, 0xfe, 0xff, 0xfe, 0xff, 0xfe, 
	0xff, 0xfe, 0xff, 0xfe, 0xff, 0xfe, 0xff, 0xfe, 
	0xff, 0xfe, 0xff, 0xfe, 0x39, 0xcf, 0x39, 0xcf, 
	0x7b, 0xdf, 0x94, 0xa5, 0x9c, 0xe7, 0xad, 0x6b, 
	0xb5, 0xad, 0x84, 0x21, 0x39, 0xcf, 0x5a, 0xd7, 
	0x7b, 0xdf, 0x9c, 0xe7, 0xad, 0x6b, 0x94, 0xa5, 
	0xb5, 0xad, 0x6b, 0x5b, 0x6b, 0x5b, 0x7b, 0xdf, 
	0x84, 0x21, 0xb5, 0xad, 0xb5, 0xad, 0xad, 0x6b, 
	0xad, 0x6b, 0xb5, 0xad, 0xb5, 0xad, 0x84, 0x21, 
	0x7b, 0xdf, 0x6b, 0x5b, 0x6b, 0x5b, 0xb5, 0xad, 
	0x94, 0xa5, 0xad, 0x6b, 0x9c, 0xe7, 0x7b, 0xdf, 
	0x5a, 0xd7, 0x39, 0xcf, 0x84, 0x21, 0xb5, 0xad, 
	0xad, 0x6b, 0x9c, 0xe7, 0x94, 0xa5, 0x7b, 0xdf, 
	0x39, 0xcf, 0x39, 0xcf, 0xff, 0xfe, 0xff, 0xfe, 
	0xff, 0xfe, 0xff, 0xfe, 0xff, 0xfe, 0xff, 0xfe, 
	0xff, 0xfe, 0xff, 0xfe, 0xff, 0xfe, 0xff, 0xfe, 
	0xff, 0xfe, 0xff, 0xfe, 0xff, 0xfe, 0xff, 0xfe, 
	0xff, 0xfe, 0xff, 0xfe, 0xff, 0xfe, 0xff, 0xfe, 
	0xff, 0xfe, 0xff, 0xfe, 0x39, 0xcf, 0x29, 0x4b, 
	0x7b, 0xdf, 0x7b, 0xdf, 0x9c, 0xe7, 0xb5, 0xad, 
	0xb5, 0xad, 0x94, 0xa5, 0x39, 0xcf, 0x7b, 0xdf, 
	0xad, 0x6b, 0xb5, 0xad, 0xc6, 0x31, 0xc6, 0x31, 
	0xde, 0xf7, 0xb5, 0xad, 0x84, 0x21, 0x7b, 0xdf, 
	0x84, 0x21, 0xad, 0x6b, 0xb5, 0xad, 0x94, 0xa5, 
	0x94, 0xa5, 0xb5, 0xad, 0xad, 0x6b, 0x84, 0x21, 
	0x7b, 0xdf, 0x84, 0x21, 0xb5, 0xad, 0xde, 0xf7, 
	0xc6, 0x31, 0xc6, 0x31, 0xb5, 0xad, 0xad, 0x6b, 
	0x7b, 0xdf, 0x39, 0xcf, 0x94, 0xa5, 0xb5, 0xad, 
	0xb5, 0xad, 0x9c, 0xe7, 0x7b, 0xdf, 0x7b, 0xdf, 
	0x29, 0x4b, 0x39, 0xcf, 0xff, 0xfe, 0xff, 0xfe, 
	0xff, 0xfe, 0xff, 0xfe, 0xff, 0xfe, 0xff, 0xfe, 
	0xff, 0xfe, 0xff, 0xfe, 0xff, 0xfe, 0xff, 0xfe, 
	0xff, 0xfe, 0xff, 0xfe, 0xff, 0xfe, 0xff, 0xfe, 
	0xff, 0xfe, 0xff, 0xfe, 0xff, 0xfe, 0xff, 0xfe, 
	0xff, 0xfe, 0xff, 0xfe, 0x42, 0x11, 0x29, 0x4b, 
	0x7b, 0xdf, 0x94, 0xa5, 0x94, 0xa5, 0xad, 0x6b, 
	0xb5, 0xad, 0xad, 0x6b, 0x39, 0xcf, 0x84, 0x21, 
	0xb5, 0xad, 0xc6, 0x31, 0xc6, 0x31, 0xe7, 0x39, 
	0xe7, 0x39, 0xde, 0xf7, 0x94, 0xa5, 0x7b, 0xdf, 
	0x84, 0x21, 0xad, 0x6b, 0xc6, 0x31, 0xad, 0x6b, 
	0xad, 0x6b, 0xc6, 0x31, 0xad, 0x6b, 0x84, 0x21, 
	0x7b, 0xdf, 0x94, 0xa5, 0xde, 0xf7, 0xe7, 0x39, 
	0xe7, 0x39, 0xc6, 0x31, 0xc6, 0x31, 0xb5, 0xad, 
	0x84, 0x21, 0x39, 0xcf, 0xad, 0x6b, 0xb5, 0xad, 
	0xad, 0x6b, 0x94, 0xa5, 0x94, 0xa5, 0x7b, 0xdf, 
	0x29, 0x4b, 0x42, 0x11, 0xff, 0xfe, 0xff, 0xfe, 
	0xff, 0xfe, 0xff, 0xfe, 0xff, 0xfe, 0xff, 0xfe, 
	0xff, 0xfe, 0xff, 0xfe, 0xff, 0xfe, 0xff, 0xfe, 
	0xff, 0xfe, 0xff, 0xfe, 0xff, 0xfe, 0xff, 0xfe, 
	0xff, 0xfe, 0xff, 0xfe, 0xff, 0xfe, 0xff, 0xfe, 
	0xff, 0xfe, 0xff, 0xfe, 0x42, 0x11, 0x39, 0xcf, 
	0x7b, 0xdf, 0x84, 0x21, 0x94, 0xa5, 0xb5, 0xad, 
	0xce, 0x73, 0xad, 0x6b, 0x6b, 0x5b, 0x9c, 0xe7, 
	0xb5, 0xad, 0xc6, 0x31, 0xb5, 0xad, 0xde, 0xf7, 
	0xce, 0x73, 0xde, 0xf7, 0x7b, 0xdf, 0x5a, 0xd7, 
	0x7b, 0xdf, 0xad, 0x6b, 0xad, 0x6b, 0xad, 0x6b, 
	0xad, 0x6b, 0xad, 0x6b, 0xad, 0x6b, 0x7b, 0xdf, 
	0x5a, 0xd7, 0x7b, 0xdf, 0xde, 0xf7, 0xce, 0x73, 
	0xde, 0xf7, 0xb5, 0xad, 0xc6, 0x31, 0xb5, 0xad, 
	0x9c, 0xe7, 0x6b, 0x5b, 0xad, 0x6b, 0xce, 0x73, 
	0xb5, 0xad, 0x94, 0xa5, 0x84, 0x21, 0x7b, 0xdf, 
	0x39, 0xcf, 0x42, 0x11, 0xff, 0xfe, 0xff, 0xfe, 
	0xff, 0xfe, 0xff, 0xfe, 0xff, 0xfe, 0xff, 0xfe, 
	0xff, 0xfe, 0xff, 0xfe, 0xff, 0xfe, 0xff, 0xfe, 
	0xff, 0xfe, 0xff, 0xfe, 0xff, 0xfe, 0xff, 0xfe, 
	0xff, 0xfe, 0xff, 0xfe, 0xff, 0xfe, 0xff, 0xfe, 
	0xff, 0xfe, 0xff, 0xfe, 0x5a, 0xd7, 0x39, 0xcf, 
	0x7b, 0xdf, 0x84, 0x21, 0x9c, 0xe7, 0xc6, 0x31, 
	0xde, 0xf7, 0xad, 0x6b, 0x5a, 0xd7, 0x9c, 0xe7, 
	0x9c, 0xe7, 0xad, 0x6b, 0xc6, 0x31, 0xde, 0xf7, 
	0xc6, 0x31, 0xce, 0x73, 0x7b, 0xdf, 0x29, 0x4b, 
	0x6b, 0x5b, 0x9c, 0xe7, 0x9c, 0xe7, 0x94, 0xa5, 
	0x94, 0xa5, 0x9c, 0xe7, 0x9c, 0xe7, 0x6b, 0x5b, 
	0x29, 0x4b, 0x7b, 0xdf, 0xce, 0x73, 0xc6, 0x31, 
	0xde, 0xf7, 0xc6, 0x31, 0xad, 0x6b, 0x9c, 0xe7, 
	0x9c, 0xe7, 0x5a, 0xd7, 0xad, 0x6b, 0xde, 0xf7, 
	0xc6, 0x31, 0x9c, 0xe7, 0x84, 0x21, 0x7b, 0xdf, 
	0x39, 0xcf, 0x5a, 0xd7, 0xff, 0xfe, 0xff, 0xfe, 
	0xff, 0xfe, 0xff, 0xfe, 0xff, 0xfe, 0xff, 0xfe, 
	0xff, 0xfe, 0xff, 0xfe, 0xff, 0xfe, 0xff, 0xfe, 
	0xff, 0xfe, 0xff, 0xfe, 0xff, 0xfe, 0xff, 0xfe, 
	0xff, 0xfe, 0xff, 0xfe, 0xff, 0xfe, 0xff, 0xfe, 
	0xff, 0xfe, 0xff, 0xfe, 0x5a, 0xd7, 0x42, 0x11, 
	0x7b, 0xdf, 0x84, 0x21, 0xad, 0x6b, 0xc6, 0x31, 
	0xce, 0x73, 0xad, 0x6b, 0x42, 0x11, 0x94, 0xa5, 
	0xb5, 0xad, 0xb5, 0xad, 0xc6, 0x31, 0xe7, 0x39, 
	0xde, 0xf7, 0xde, 0xf7, 0x84, 0x21, 0x6b, 0x5b, 
	0x9c, 0xe7, 0xb5, 0xad, 0xc6, 0x31, 0xb5, 0xad, 
	0xb5, 0xad, 0xc6, 0x31, 0xb5, 0xad, 0x9c, 0xe7, 
	0x6b, 0x5b, 0x84, 0x21, 0xde, 0xf7, 0xde, 0xf7, 
	0xe7, 0x39, 0xc6, 0x31, 0xb5, 0xad, 0xb5, 0xad, 
	0x94, 0xa5, 0x42, 0x11, 0xad, 0x6b, 0xce, 0x73, 
	0xc6, 0x31, 0xad, 0x6b, 0x84, 0x21, 0x7b, 0xdf, 
	0x42, 0x11, 0x5a, 0xd7, 0xff, 0xfe, 0xff, 0xfe, 
	0xff, 0xfe, 0xff, 0xfe, 0xff, 0xfe, 0xff, 0xfe, 
	0xff, 0xfe, 0xff, 0xfe, 0xff, 0xfe, 0xff, 0xfe, 
	0xff, 0xfe, 0xff, 0xfe, 0xff, 0xfe, 0xff, 0xfe, 
	0xff, 0xfe, 0xff, 0xfe, 0xff, 0xfe, 0xff, 0xfe, 
	0xff, 0xfe, 0xff, 0xfe, 0x39, 0xcf, 0x39, 0xcf, 
	0x6b, 0x5b, 0x7b, 0xdf, 0x9c, 0xe7, 0xc6, 0x31, 
	0xce, 0x73, 0xad, 0x6b, 0x5a, 0xd7, 0x9c, 0xe7, 
	0xc6, 0x31, 0xad, 0x6b, 0xc6, 0x31, 0xe7, 0x39, 
	0xde, 0xf7, 0xde, 0xf7, 0x84, 0x21, 0x6b, 0x5b, 
	0x94, 0xa5, 0x9c, 0xe7, 0x9c, 0xe7, 0xb5, 0xad, 
	0xb5, 0xad, 0x9c, 0xe7, 0x9c, 0xe7, 0x94, 0xa5, 
	0x6b, 0x5b, 0x84, 0x21, 0xde, 0xf7, 0xde, 0xf7, 
	0xe7, 0x39, 0xc6, 0x31, 0xad, 0x6b, 0xc6, 0x31, 
	0x9c, 0xe7, 0x5a, 0xd7, 0xad, 0x6b, 0xce, 0x73, 
	0xc6, 0x31, 0x9c, 0xe7, 0x7b, 0xdf, 0x6b, 0x5b, 
	0x39, 0xcf, 0x39, 0xcf, 0xff, 0xfe, 0xff, 0xfe, 
	0xff, 0xfe, 0xff, 0xfe, 0xff, 0xfe, 0xff, 0xfe, 
	0xff, 0xfe, 0xff, 0xfe, 0xff, 0xfe, 0xff, 0xfe, 
	0xff, 0xfe, 0xff, 0xfe, 0xff, 0xfe, 0xff, 0xfe, 
	0xff, 0xfe, 0xff, 0xfe, 0xff, 0xfe, 0xff, 0xfe, 
	0xff, 0xfe, 0xff, 0xfe, 0x42, 0x11, 0x39, 0xcf, 
	0x7b, 0xdf, 0x84, 0x21, 0xad, 0x6b, 0xc6, 0x31, 
	0xce, 0x73, 0xb5, 0xad, 0x42, 0x11, 0x94, 0xa5, 
	0xb5, 0xad, 0x84, 0x21, 0xb5, 0xad, 0xde, 0xf7, 
	0xce, 0x73, 0xde, 0xf7, 0x84, 0x21, 0x5a, 0xd7, 
	0x84, 0x21, 0x94, 0xa5, 0x9c, 0xe7, 0xc6, 0x31, 
	0xc6, 0x31, 0x9c, 0xe7, 0x94, 0xa5, 0x84, 0x21, 
	0x5a, 0xd7, 0x84, 0x21, 0xde, 0xf7, 0xce, 0x73, 
	0xde, 0xf7, 0xb5, 0xad, 0x84, 0x21, 0xb5, 0xad, 
	0x94, 0xa5, 0x42, 0x11, 0xb5, 0xad, 0xce, 0x73, 
	0xc6, 0x31, 0xad, 0x6b, 0x84, 0x21, 0x7b, 0xdf, 
	0x39, 0xcf, 0x42, 0x11, 0xff, 0xfe, 0xff, 0xfe, 
	0xff, 0xfe, 0xff, 0xfe, 0xff, 0xfe, 0xff, 0xfe, 
	0xff, 0xfe, 0xff, 0xfe, 0xff, 0xfe, 0xff, 0xfe, 
	0xff, 0xfe, 0xff, 0xfe, 0xff, 0xfe, 0xff, 0xfe, 
	0xff, 0xfe, 0xff, 0xfe, 0xff, 0xfe, 0xff, 0xfe, 
	0xff, 0xfe, 0xff, 0xfe, 0x42, 0x11, 0x39, 0xcf, 
	0x7b, 0xdf, 0x94, 0xa5, 0xad, 0x6b, 0xce, 0x73, 
	0xce, 0x73, 0xb5, 0xad, 0x29, 0x4b, 0x7b, 0xdf, 
	0xad, 0x6b, 0x84, 0x21, 0xad, 0x6b, 0xce, 0x73, 
	0xde, 0xf7, 0xe7, 0x39, 0x6b, 0x5b, 0x5a, 0xd7, 
	0x7b, 0xdf, 0x94, 0xa5, 0xb5, 0xad, 0xce, 0x73, 
	0xce, 0x73, 0xb5, 0xad, 0x94, 0xa5, 0x7b, 0xdf, 
	0x5a, 0xd7, 0x6b, 0x5b, 0xe7, 0x39, 0xde, 0xf7, 
	0xce, 0x73, 0xad, 0x6b, 0x84, 0x21, 0xad, 0x6b, 
	0x7b, 0xdf, 0x29, 0x4b, 0xb5, 0xad, 0xce, 0x73, 
	0xce, 0x73, 0xad, 0x6b, 0x94, 0xa5, 0x7b, 0xdf, 
	0x39, 0xcf, 0x42, 0x11, 0xff, 0xfe, 0xff, 0xfe, 
	0xff, 0xfe, 0xff, 0xfe, 0xff, 0xfe, 0xff, 0xfe, 
	0xff, 0xfe, 0xff, 0xfe, 0xff, 0xfe, 0xff, 0xfe, 
	0xff, 0xfe, 0xff, 0xfe, 0xff, 0xfe, 0xff, 0xfe, 
	0xff, 0xfe, 0xff, 0xfe, 0xff, 0xfe, 0xff, 0xfe, 
	0xff, 0xfe, 0xff, 0xfe, 0x5a, 0xd7, 0x29, 0x4b, 
	0x5a, 0xd7, 0x6b, 0x5b, 0x84, 0x21, 0xad, 0x6b, 
	0xb5, 0xad, 0xad, 0x6b, 0x42, 0x11, 0x7b, 0xdf, 
	0x9c, 0xe7, 0x94, 0xa5, 0xad, 0x6b, 0xc6, 0x31, 
	0xce, 0x73, 0xde, 0xf7, 0x6b, 0x5b, 0x6b, 0x5b, 
	0x7b, 0xdf, 0x94, 0xa5, 0xb5, 0xad, 0xce, 0x73, 
	0xce, 0x73, 0xb5, 0xad, 0x94, 0xa5, 0x7b, 0xdf, 
	0x6b, 0x5b, 0x6b, 0x5b, 0xde, 0xf7, 0xce, 0x73, 
	0xc6, 0x31, 0xad, 0x6b, 0x94, 0xa5, 0x9c, 0xe7, 
	0x7b, 0xdf, 0x42, 0x11, 0xad, 0x6b, 0xb5, 0xad, 
	0xad, 0x6b, 0x84, 0x21, 0x6b, 0x5b, 0x5a, 0xd7, 
	0x29, 0x4b, 0x5a, 0xd7, 0xff, 0xfe, 0xff, 0xfe, 
	0xff, 0xfe, 0xff, 0xfe, 0xff, 0xfe, 0xff, 0xfe, 
	0xff, 0xfe, 0xff, 0xfe, 0xff, 0xfe, 0xff, 0xfe, 
	
};

Gfx hyrule_dl_rock_side_rgba16_aligner[] = {gsSPEndDisplayList()};
u8 hyrule_dl_rock_side_rgba16[] = {
	0xd6, 0xb5, 0xd6, 0xb5, 0xce, 0x73, 0xce, 0x73, 
	0xc6, 0x31, 0xc6, 0x31, 0xc6, 0x31, 0xc6, 0x31, 
	0xce, 0x73, 0xd6, 0xb5, 0xd6, 0xb5, 0xe7, 0x39, 
	0xd6, 0xb5, 0xd6, 0xb5, 0xe7, 0x39, 0xe7, 0x39, 
	0xd6, 0xb5, 0xce, 0x73, 0xc6, 0x31, 0xb5, 0xad, 
	0xc6, 0x31, 0xb5, 0xad, 0x94, 0xa5, 0x8c, 0x63, 
	0x8c, 0x63, 0xa5, 0x29, 0xad, 0x6b, 0xc6, 0x31, 
	0xb5, 0xad, 0xce, 0x73, 0xd6, 0xb5, 0xd6, 0xb5, 
	0xe7, 0x39, 0xe7, 0x39, 0xe7, 0x39, 0xe7, 0x39, 
	0xe7, 0x39, 0xe7, 0x39, 0xe7, 0x39, 0xe7, 0x39, 
	0xd6, 0xb5, 0xd6, 0xb5, 0xce, 0x73, 0xce, 0x73, 
	0xb5, 0xad, 0xb5, 0xad, 0xb5, 0xad, 0xad, 0x6b, 
	0x94, 0xa5, 0x94, 0xa5, 0x94, 0xa5, 0xad, 0x6b, 
	0x84, 0x21, 0xad, 0x6b, 0xe7, 0x39, 0xe7, 0x39, 
	0xe7, 0x39, 0xe7, 0x39, 0xe7, 0x39, 0xe7, 0x39, 
	0xe7, 0x39, 0xe7, 0x39, 0xe7, 0x39, 0xe7, 0x39, 
	0xe7, 0x39, 0xe7, 0x39, 0xe7, 0x39, 0xe7, 0x39, 
	0xe7, 0x39, 0xd6, 0xb5, 0xd6, 0xb5, 0xd6, 0xb5, 
	0xe7, 0x39, 0xe7, 0x39, 0xe7, 0x39, 0xe7, 0x39, 
	0xe7, 0x39, 0xd6, 0xb5, 0xe7, 0x39, 0xe7, 0x39, 
	0xe7, 0x39, 0xe7, 0x39, 0xd6, 0xb5, 0xd6, 0xb5, 
	0xd6, 0xb5, 0xce, 0x73, 0xb5, 0xad, 0x8c, 0x63, 
	0xb5, 0xad, 0xce, 0x73, 0xd6, 0xb5, 0xe7, 0x39, 
	0xe7, 0x39, 0xe7, 0x39, 0xe7, 0x39, 0xe7, 0x39, 
	0xe7, 0x39, 0xe7, 0x39, 0xe7, 0x39, 0xe7, 0x39, 
	0xe7, 0x39, 0xe7, 0x39, 0xe7, 0x39, 0xe7, 0x39, 
	0xe7, 0x39, 0xe7, 0x39, 0xd6, 0xb5, 0xd6, 0xb5, 
	0xd6, 0xb5, 0xd6, 0xb5, 0xce, 0x73, 0xce, 0x73, 
	0xc6, 0x31, 0xc6, 0x31, 0xce, 0x73, 0xb5, 0xad, 
	0x73, 0x9d, 0xad, 0x6b, 0xe7, 0x39, 0xe7, 0x39, 
	0xe7, 0x39, 0xe7, 0x39, 0xe7, 0x39, 0xe7, 0x39, 
	0xe7, 0x39, 0xe7, 0x39, 0xe7, 0x39, 0xe7, 0x39, 
	0xd6, 0xb5, 0xe7, 0x39, 0xe7, 0x39, 0xe7, 0x39, 
	0xe7, 0x39, 0xe7, 0x39, 0xe7, 0x39, 0xe7, 0x39, 
	0xe7, 0x39, 0xe7, 0x39, 0xe7, 0x39, 0xe7, 0x39, 
	0xd6, 0xb5, 0xe7, 0x39, 0xe7, 0x39, 0xe7, 0x39, 
	0xe7, 0x39, 0xe7, 0x39, 0xe7, 0x39, 0xe7, 0x39, 
	0xe7, 0x39, 0xe7, 0x39, 0xce, 0x73, 0x94, 0xa5, 
	0xc6, 0x31, 0xd6, 0xb5, 0xe7, 0x39, 0xe7, 0x39, 
	0xe7, 0x39, 0xe7, 0x39, 0xe7, 0x39, 0xe7, 0x39, 
	0xe7, 0x39, 0xe7, 0x39, 0xe7, 0x39, 0xe7, 0x39, 
	0xe7, 0x39, 0xd6, 0xb5, 0xd6, 0xb5, 0xe7, 0x39, 
	0xd6, 0xb5, 0xd6, 0xb5, 0xd6, 0xb5, 0xe7, 0x39, 
	0xe7, 0x39, 0xce, 0x73, 0xce, 0x73, 0xce, 0x73, 
	0xc6, 0x31, 0xce, 0x73, 0xd6, 0xb5, 0xc6, 0x31, 
	0x73, 0x9d, 0xad, 0x6b, 0xd6, 0xb5, 0xe7, 0x39, 
	0xe7, 0x39, 0xd6, 0xb5, 0xd6, 0xb5, 0xe7, 0x39, 
	0xe7, 0x39, 0xe7, 0x39, 0xe7, 0x39, 0xe7, 0x39, 
	0xe7, 0x39, 0xe7, 0x39, 0xe7, 0x39, 0xe7, 0x39, 
	0xe7, 0x39, 0xe7, 0x39, 0xe7, 0x39, 0xe7, 0x39, 
	0xe7, 0x39, 0xe7, 0x39, 0xe7, 0x39, 0xe7, 0x39, 
	0xd6, 0xb5, 0xd6, 0xb5, 0xe7, 0x39, 0xd6, 0xb5, 
	0xd6, 0xb5, 0xe7, 0x39, 0xd6, 0xb5, 0xd6, 0xb5, 
	0xc6, 0x31, 0xd6, 0xb5, 0xce, 0x73, 0xad, 0x6b, 
	0xd6, 0xb5, 0xe7, 0x39, 0xe7, 0x39, 0xd6, 0xb5, 
	0xc6, 0x31, 0xc6, 0x31, 0xd6, 0xb5, 0xd6, 0xb5, 
	0xd6, 0xb5, 0xd6, 0xb5, 0xe7, 0x39, 0xe7, 0x39, 
	0xe7, 0x39, 0xd6, 0xb5, 0xd6, 0xb5, 0xe7, 0x39, 
	0xd6, 0xb5, 0xd6, 0xb5, 0xd6, 0xb5, 0xe7, 0x39, 
	0xd6, 0xb5, 0xce, 0x73, 0xc6, 0x31, 0xd6, 0xb5, 
	0xc6, 0x31, 0xce, 0x73, 0xd6, 0xb5, 0xc6, 0x31, 
	0x84, 0x21, 0xad, 0x6b, 0xce, 0x73, 0xd6, 0xb5, 
	0xd6, 0xb5, 0xd6, 0xb5, 0xd6, 0xb5, 0xd6, 0xb5, 
	0xe7, 0x39, 0xe7, 0x39, 0xe7, 0x39, 0xe7, 0x39, 
	0xe7, 0x39, 0xe7, 0x39, 0xe7, 0x39, 0xe7, 0x39, 
	0xd6, 0xb5, 0xce, 0x73, 0xc6, 0x31, 0xce, 0x73, 
	0xd6, 0xb5, 0xe7, 0x39, 0xd6, 0xb5, 0xc6, 0x31, 
	0xb5, 0xad, 0xb5, 0xad, 0xc6, 0x31, 0xd6, 0xb5, 
	0xd6, 0xb5, 0xd6, 0xb5, 0xce, 0x73, 0xc6, 0x31, 
	0xce, 0x73, 0xd6, 0xb5, 0xd6, 0xb5, 0xad, 0x6b, 
	0xd6, 0xb5, 0xe7, 0x39, 0xd6, 0xb5, 0xd6, 0xb5, 
	0xad, 0x6b, 0xa5, 0x29, 0xb5, 0xad, 0xb5, 0xad, 
	0xad, 0x6b, 0xc6, 0x31, 0xd6, 0xb5, 0xd6, 0xb5, 
	0xce, 0x73, 0xd6, 0xb5, 0xe7, 0x39, 0xe7, 0x39, 
	0xce, 0x73, 0xce, 0x73, 0xd6, 0xb5, 0xce, 0x73, 
	0xc6, 0x31, 0xce, 0x73, 0xb5, 0xad, 0xc6, 0x31, 
	0xb5, 0xad, 0xc6, 0x31, 0xd6, 0xb5, 0xce, 0x73, 
	0x94, 0xa5, 0xa5, 0x29, 0xc6, 0x31, 0xce, 0x73, 
	0xce, 0x73, 0xc6, 0x31, 0xc6, 0x31, 0xce, 0x73, 
	0xc6, 0x31, 0xc6, 0x31, 0xd6, 0xb5, 0xd6, 0xb5, 
	0xe7, 0x39, 0xe7, 0x39, 0xe7, 0x39, 0xe7, 0x39, 
	0xce, 0x73, 0xc6, 0x31, 0xc6, 0x31, 0xc6, 0x31, 
	0xce, 0x73, 0xe7, 0x39, 0xe7, 0x39, 0xd6, 0xb5, 
	0xe7, 0x39, 0xe7, 0x39, 0xe7, 0x39, 0xd6, 0xb5, 
	0xd6, 0xb5, 0xd6, 0xb5, 0xc6, 0x31, 0xce, 0x73, 
	0xe7, 0x39, 0xe7, 0x39, 0xe7, 0x39, 0xad, 0x6b, 
	0xc6, 0x31, 0xe7, 0x39, 0xe7, 0x39, 0xd6, 0xb5, 
	0xb5, 0xad, 0xb5, 0xad, 0xc6, 0x31, 0xc6, 0x31, 
	0xc6, 0x31, 0xc6, 0x31, 0xc6, 0x31, 0xc6, 0x31, 
	0xce, 0x73, 0xce, 0x73, 0xc6, 0x31, 0xad, 0x6b, 
	0xc6, 0x31, 0xb5, 0xad, 0xc6, 0x31, 0xb5, 0xad, 
	0xc6, 0x31, 0xce, 0x73, 0xb5, 0xad, 0xad, 0x6b, 
	0xad, 0x6b, 0xb5, 0xad, 0xce, 0x73, 0xce, 0x73, 
	0xa5, 0x29, 0xb5, 0xad, 0xc6, 0x31, 0xce, 0x73, 
	0xce, 0x73, 0xce, 0x73, 0xce, 0x73, 0xce, 0x73, 
	0xd6, 0xb5, 0xce, 0x73, 0xe7, 0x39, 0xd6, 0xb5, 
	0xe7, 0x39, 0xe7, 0x39, 0xe7, 0x39, 0xe7, 0x39, 
	0xe7, 0x39, 0xce, 0x73, 0xce, 0x73, 0xc6, 0x31, 
	0xc6, 0x31, 0xc6, 0x31, 0xd6, 0xb5, 0xe7, 0x39, 
	0xe7, 0x39, 0xe7, 0x39, 0xe7, 0x39, 0xe7, 0x39, 
	0xe7, 0x39, 0xe7, 0x39, 0xd6, 0xb5, 0xd6, 0xb5, 
	0xe7, 0x39, 0xe7, 0x39, 0xce, 0x73, 0xad, 0x6b, 
	0xd6, 0xb5, 0xe7, 0x39, 0xe7, 0x39, 0xe7, 0x39, 
	0xe7, 0x39, 0xd6, 0xb5, 0xe7, 0x39, 0xd6, 0xb5, 
	0xc6, 0x31, 0xb5, 0xad, 0xad, 0x6b, 0xb5, 0xad, 
	0xc6, 0x31, 0xce, 0x73, 0xce, 0x73, 0xad, 0x6b, 
	0xc6, 0x31, 0xc6, 0x31, 0xce, 0x73, 0xce, 0x73, 
	0xce, 0x73, 0xc6, 0x31, 0xad, 0x6b, 0xa5, 0x29, 
	0xa5, 0x29, 0xad, 0x6b, 0xc6, 0x31, 0xc6, 0x31, 
	0xa5, 0x29, 0xb5, 0xad, 0xc6, 0x31, 0xce, 0x73, 
	0xce, 0x73, 0xd6, 0xb5, 0xd6, 0xb5, 0xe7, 0x39, 
	0xe7, 0x39, 0xe7, 0x39, 0xe7, 0x39, 0xe7, 0x39, 
	0xe7, 0x39, 0xe7, 0x39, 0xe7, 0x39, 0xe7, 0x39, 
	0xd6, 0xb5, 0xce, 0x73, 0xce, 0x73, 0xb5, 0xad, 
	0xad, 0x6b, 0xb5, 0xad, 0xc6, 0x31, 0xce, 0x73, 
	0xce, 0x73, 0xc6, 0x31, 0xc6, 0x31, 0xb5, 0xad, 
	0xce, 0x73, 0xd6, 0xb5, 0xce, 0x73, 0xce, 0x73, 
	0xe7, 0x39, 0xd6, 0xb5, 0xb5, 0xad, 0xa5, 0x29, 
	0xd6, 0xb5, 0xe7, 0x39, 0xe7, 0x39, 0xe7, 0x39, 
	0xe7, 0x39, 0xe7, 0x39, 0xe7, 0x39, 0xe7, 0x39, 
	0xd6, 0xb5, 0xce, 0x73, 0xd6, 0xb5, 0xce, 0x73, 
	0xb5, 0xad, 0xb5, 0xad, 0xc6, 0x31, 0xc6, 0x31, 
	0xd6, 0xb5, 0xd6, 0xb5, 0xce, 0x73, 0xb5, 0xad, 
	0xb5, 0xad, 0xad, 0x6b, 0xa5, 0x29, 0xad, 0x6b, 
	0xb5, 0xad, 0xc6, 0x31, 0xc6, 0x31, 0xad, 0x6b, 
	0x94, 0xa5, 0xb5, 0xad, 0xc6, 0x31, 0xce, 0x73, 
	0xc6, 0x31, 0xad, 0x6b, 0xc6, 0x31, 0xce, 0x73, 
	0xce, 0x73, 0xce, 0x73, 0xd6, 0xb5, 0xd6, 0xb5, 
	0xd6, 0xb5, 0xd6, 0xb5, 0xd6, 0xb5, 0xce, 0x73, 
	0xce, 0x73, 0xc6, 0x31, 0xb5, 0xad, 0xad, 0x6b, 
	0xad, 0x6b, 0xad, 0x6b, 0xa5, 0x29, 0x94, 0xa5, 
	0x94, 0xa5, 0x94, 0xa5, 0x94, 0xa5, 0x94, 0xa5, 
	0xb5, 0xad, 0xc6, 0x31, 0xce, 0x73, 0xd6, 0xb5, 
	0xd6, 0xb5, 0xce, 0x73, 0xb5, 0xad, 0x94, 0xa5, 
	0xce, 0x73, 0xd6, 0xb5, 0xd6, 0xb5, 0xd6, 0xb5, 
	0xe7, 0x39, 0xe7, 0x39, 0xe7, 0x39, 0xe7, 0x39, 
	0xe7, 0x39, 0xd6, 0xb5, 0xd6, 0xb5, 0xce, 0x73, 
	0xc6, 0x31, 0xc6, 0x31, 0xce, 0x73, 0xce, 0x73, 
	0xd6, 0xb5, 0xd6, 0xb5, 0xd6, 0xb5, 0xce, 0x73, 
	0xb5, 0xad, 0xb5, 0xad, 0xad, 0x6b, 0xc6, 0x31, 
	0xd6, 0xb5, 0xd6, 0xb5, 0xc6, 0x31, 0xb5, 0xad, 
	0x94, 0xa5, 0xc6, 0x31, 0xce, 0x73, 0xd6, 0xb5, 
	0xb5, 0xad, 0xa5, 0x29, 0xa5, 0x29, 0xc6, 0x31, 
	0xc6, 0x31, 0xd6, 0xb5, 0xce, 0x73, 0xce, 0x73, 
	0xc6, 0x31, 0xc6, 0x31, 0xce, 0x73, 0xce, 0x73, 
	0xce, 0x73, 0xc6, 0x31, 0xad, 0x6b, 0xa5, 0x29, 
	0xad, 0x6b, 0xad, 0x6b, 0xad, 0x6b, 0x94, 0xa5, 
	0x94, 0xa5, 0x8c, 0x63, 0x8c, 0x63, 0x94, 0xa5, 
	0xad, 0x6b, 0xb5, 0xad, 0xb5, 0xad, 0xc6, 0x31, 
	0xce, 0x73, 0xb5, 0xad, 0xad, 0x6b, 0x8c, 0x63, 
	0xb5, 0xad, 0xc6, 0x31, 0xc6, 0x31, 0xc6, 0x31, 
	0xc6, 0x31, 0xc6, 0x31, 0xd6, 0xb5, 0xe7, 0x39, 
	0xce, 0x73, 0xc6, 0x31, 0xd6, 0xb5, 0xd6, 0xb5, 
	0xd6, 0xb5, 0xd6, 0xb5, 0xd6, 0xb5, 0xd6, 0xb5, 
	0xd6, 0xb5, 0xd6, 0xb5, 0xce, 0x73, 0xd6, 0xb5, 
	0xd6, 0xb5, 0xd6, 0xb5, 0xce, 0x73, 0xce, 0x73, 
	0xce, 0x73, 0xce, 0x73, 0xc6, 0x31, 0xb5, 0xad, 
	0xa5, 0x29, 0xc6, 0x31, 0xd6, 0xb5, 0xd6, 0xb5, 
	0xc6, 0x31, 0xad, 0x6b, 0xb5, 0xad, 0xc6, 0x31, 
	0xc6, 0x31, 0xc6, 0x31, 0xb5, 0xad, 0xb5, 0xad, 
	0xad, 0x6b, 0xb5, 0xad, 0xc6, 0x31, 0xc6, 0x31, 
	0xb5, 0xad, 0xa5, 0x29, 0x94, 0xa5, 0x94, 0xa5, 
	0xa5, 0x29, 0xb5, 0xad, 0xb5, 0xad, 0xad, 0x6b, 
	0xa5, 0x29, 0x94, 0xa5, 0x94, 0xa5, 0xa5, 0x29, 
	0xb5, 0xad, 0xc6, 0x31, 0xc6, 0x31, 0xb5, 0xad, 
	0xc6, 0x31, 0xa5, 0x29, 0x94, 0xa5, 0x73, 0x9d, 
	0x94, 0xa5, 0xa5, 0x29, 0xad, 0x6b, 0xad, 0x6b, 
	0xad, 0x6b, 0xad, 0x6b, 0xad, 0x6b, 0xad, 0x6b, 
	0xb5, 0xad, 0xb5, 0xad, 0xc6, 0x31, 0xce, 0x73, 
	0xce, 0x73, 0xce, 0x73, 0xd6, 0xb5, 0xce, 0x73, 
	0xce, 0x73, 0xce, 0x73, 0xce, 0x73, 0xce, 0x73, 
	0xd6, 0xb5, 0xce, 0x73, 0xc6, 0x31, 0xc6, 0x31, 
	0xc6, 0x31, 0xb5, 0xad, 0xce, 0x73, 0xc6, 0x31, 
	0x94, 0xa5, 0xb5, 0xad, 0xce, 0x73, 0xc6, 0x31, 
	0xb5, 0xad, 0xad, 0x6b, 0xad, 0x6b, 0xad, 0x6b, 
	0xad, 0x6b, 0xb5, 0xad, 0xb5, 0xad, 0xa5, 0x29, 
	0xb5, 0xad, 0xc6, 0x31, 0xc6, 0x31, 0xb5, 0xad, 
	0xa5, 0x29, 0x8c, 0x63, 0x8c, 0x63, 0x84, 0x21, 
	0x8c, 0x63, 0xa5, 0x29, 0xad, 0x6b, 0xad, 0x6b, 
	0xb5, 0xad, 0xc6, 0x31, 0xc6, 0x31, 0xc6, 0x31, 
	0xc6, 0x31, 0xc6, 0x31, 0xb5, 0xad, 0xa5, 0x29, 
	0xad, 0x6b, 0x94, 0xa5, 0x8c, 0x63, 0x84, 0x21, 
	0x94, 0xa5, 0xad, 0x6b, 0xb5, 0xad, 0xb5, 0xad, 
	0xad, 0x6b, 0xb5, 0xad, 0xb5, 0xad, 0xa5, 0x29, 
	0xa5, 0x29, 0xad, 0x6b, 0xad, 0x6b, 0xad, 0x6b, 
	0xb5, 0xad, 0xc6, 0x31, 0xc6, 0x31, 0xce, 0x73, 
	0xd6, 0xb5, 0xd6, 0xb5, 0xc6, 0x31, 0xc6, 0x31, 
	0xc6, 0x31, 0xc6, 0x31, 0xad, 0x6b, 0xb5, 0xad, 
	0xad, 0x6b, 0xad, 0x6b, 0xce, 0x73, 0xc6, 0x31, 
	0x94, 0xa5, 0xb5, 0xad, 0xc6, 0x31, 0xb5, 0xad, 
	0xad, 0x6b, 0x94, 0xa5, 0xa5, 0x29, 0xa5, 0x29, 
	0x84, 0x21, 0x94, 0xa5, 0x94, 0xa5, 0xad, 0x6b, 
	0xa5, 0x29, 0xc6, 0x31, 0xc6, 0x31, 0xb5, 0xad, 
	0x94, 0xa5, 0x8c, 0x63, 0x8c, 0x63, 0x84, 0x21, 
	0x8c, 0x63, 0xad, 0x6b, 0xc6, 0x31, 0xce, 0x73, 
	0xd6, 0xb5, 0xe7, 0x39, 0xe7, 0x39, 0xce, 0x73, 
	0xc6, 0x31, 0xc6, 0x31, 0xb5, 0xad, 0xa5, 0x29, 
	0xad, 0x6b, 0x94, 0xa5, 0x8c, 0x63, 0x84, 0x21, 
	0x8c, 0x63, 0xa5, 0x29, 0xa5, 0x29, 0xa5, 0x29, 
	0xa5, 0x29, 0xa5, 0x29, 0xad, 0x6b, 0xa5, 0x29, 
	0x94, 0xa5, 0xad, 0x6b, 0xb5, 0xad, 0xad, 0x6b, 
	0xa5, 0x29, 0x94, 0xa5, 0xa5, 0x29, 0xa5, 0x29, 
	0xa5, 0x29, 0xa5, 0x29, 0x94, 0xa5, 0xa5, 0x29, 
	0x94, 0xa5, 0x94, 0xa5, 0x94, 0xa5, 0xa5, 0x29, 
	0x94, 0xa5, 0x94, 0xa5, 0xa5, 0x29, 0x94, 0xa5, 
	0x84, 0x21, 0xad, 0x6b, 0xb5, 0xad, 0xb5, 0xad, 
	0xc6, 0x31, 0xad, 0x6b, 0x94, 0xa5, 0xa5, 0x29, 
	0x94, 0xa5, 0x8c, 0x63, 0x94, 0xa5, 0x94, 0xa5, 
	0xa5, 0x29, 0xb5, 0xad, 0xb5, 0xad, 0xad, 0x6b, 
	0xad, 0x6b, 0xa5, 0x29, 0xa5, 0x29, 0x94, 0xa5, 
	0xa5, 0x29, 0xb5, 0xad, 0xc6, 0x31, 0xc6, 0x31, 
	0xc6, 0x31, 0xc6, 0x31, 0xb5, 0xad, 0xad, 0x6b, 
	0xb5, 0xad, 0xc6, 0x31, 0xb5, 0xad, 0xa5, 0x29, 
	0x94, 0xa5, 0x84, 0x21, 0x84, 0x21, 0x6b, 0x5b, 
	0x73, 0x9d, 0x73, 0x9d, 0x73, 0x9d, 0x73, 0x9d, 
	0x73, 0x9d, 0x84, 0x21, 0x8c, 0x63, 0x94, 0xa5, 
	0xa5, 0x29, 0xad, 0x6b, 0xb5, 0xad, 0xad, 0x6b, 
	0xa5, 0x29, 0x94, 0xa5, 0x94, 0xa5, 0x8c, 0x63, 
	0x8c, 0x63, 0x8c, 0x63, 0x94, 0xa5, 0x94, 0xa5, 
	0x8c, 0x63, 0x94, 0xa5, 0x94, 0xa5, 0x94, 0xa5, 
	0x94, 0xa5, 0x94, 0xa5, 0x94, 0xa5, 0x84, 0x21, 
	0x63, 0x19, 0x94, 0xa5, 0xa5, 0x29, 0xa5, 0x29, 
	0xad, 0x6b, 0xa5, 0x29, 0x94, 0xa5, 0x94, 0xa5, 
	0x94, 0xa5, 0x8c, 0x63, 0x94, 0xa5, 0x8c, 0x63, 
	0x84, 0x21, 0x94, 0xa5, 0x94, 0xa5, 0x94, 0xa5, 
	0x94, 0xa5, 0x94, 0xa5, 0x94, 0xa5, 0x94, 0xa5, 
	0x94, 0xa5, 0xa5, 0x29, 0x94, 0xa5, 0x84, 0x21, 
	0x84, 0x21, 0x84, 0x21, 0x84, 0x21, 0x84, 0x21, 
	0x84, 0x21, 0x94, 0xa5, 0x94, 0xa5, 0x73, 0x9d, 
	0x73, 0x9d, 0x73, 0x9d, 0x73, 0x9d, 0x6b, 0x5b, 
	0x73, 0x9d, 0x73, 0x9d, 0x73, 0x9d, 0x84, 0x21, 
	0x84, 0x21, 0x84, 0x21, 0x84, 0x21, 0x8c, 0x63, 
	0x8c, 0x63, 0x8c, 0x63, 0x8c, 0x63, 0x84, 0x21, 
	0x84, 0x21, 0x84, 0x21, 0x73, 0x9d, 0x8c, 0x63, 
	0x94, 0xa5, 0x94, 0xa5, 0x8c, 0x63, 0x94, 0xa5, 
	0x94, 0xa5, 0x94, 0xa5, 0x94, 0xa5, 0x94, 0xa5, 
	0x94, 0xa5, 0x94, 0xa5, 0xa5, 0x29, 0x84, 0x21, 
	0x52, 0x95, 0x6b, 0x5b, 0x94, 0xa5, 0x8c, 0x63, 
	0x84, 0x21, 0x8c, 0x63, 0x94, 0xa5, 0x84, 0x21, 
	0x73, 0x9d, 0x8c, 0x63, 0xa5, 0x29, 0x94, 0xa5, 
	0x94, 0xa5, 0x94, 0xa5, 0x84, 0x21, 0x84, 0x21, 
	0x8c, 0x63, 0x84, 0x21, 0x84, 0x21, 0x73, 0x9d, 
	0x73, 0x9d, 0x84, 0x21, 0x84, 0x21, 0x73, 0x9d, 
	0x6b, 0x5b, 0x6b, 0x5b, 0x6b, 0x5b, 0x6b, 0x5b, 
	0x73, 0x9d, 0x73, 0x9d, 0x73, 0x9d, 0x6b, 0x5b, 
	0x6b, 0x5b, 0x52, 0x95, 0x73, 0x9d, 0x6b, 0x5b, 
	0x73, 0x9d, 0x8c, 0x63, 0x84, 0x21, 0x8c, 0x63, 
	0x8c, 0x63, 0x84, 0x21, 0x73, 0x9d, 0x73, 0x9d, 
	0x6b, 0x5b, 0x73, 0x9d, 0x73, 0x9d, 0x73, 0x9d, 
	0x73, 0x9d, 0x73, 0x9d, 0x6b, 0x5b, 0x6b, 0x5b, 
	0x6b, 0x5b, 0x73, 0x9d, 0x73, 0x9d, 0x8c, 0x63, 
	0xa5, 0x29, 0x94, 0xa5, 0x94, 0xa5, 0x94, 0xa5, 
	0x8c, 0x63, 0x84, 0x21, 0x84, 0x21, 0x73, 0x9d, 
	0x52, 0x95, 0x6b, 0x5b, 0x8c, 0x63, 0x84, 0x21, 
	0x84, 0x21, 0x84, 0x21, 0x84, 0x21, 0x84, 0x21, 
	0x6b, 0x5b, 0x73, 0x9d, 0x84, 0x21, 0x84, 0x21, 
	0x8c, 0x63, 0x84, 0x21, 0x73, 0x9d, 0x73, 0x9d, 
	0x6b, 0x5b, 0x6b, 0x5b, 0x6b, 0x5b, 0x63, 0x19, 
	0x63, 0x19, 0x73, 0x9d, 0x73, 0x9d, 0x6b, 0x5b, 
	0x6b, 0x5b, 0x6b, 0x5b, 0x63, 0x19, 0x63, 0x19, 
	0x6b, 0x5b, 0x73, 0x9d, 0x73, 0x9d, 0x73, 0x9d, 
	0x73, 0x9d, 0x6b, 0x5b, 0x73, 0x9d, 0x52, 0x95, 
	0x52, 0x95, 0x52, 0x95, 0x52, 0x95, 0x63, 0x19, 
	0x63, 0x19, 0x6b, 0x5b, 0x6b, 0x5b, 0x63, 0x19, 
	0x63, 0x19, 0x63, 0x19, 0x63, 0x19, 0x63, 0x19, 
	0x63, 0x19, 0x63, 0x19, 0x63, 0x19, 0x6b, 0x5b, 
	0x84, 0x21, 0x84, 0x21, 0x84, 0x21, 0x84, 0x21, 
	0x84, 0x21, 0x73, 0x9d, 0x84, 0x21, 0x8c, 0x63, 
	0x94, 0xa5, 0x84, 0x21, 0x73, 0x9d, 0x63, 0x19, 
	0x52, 0x95, 0x6b, 0x5b, 0x73, 0x9d, 0x73, 0x9d, 
	0x73, 0x9d, 0x73, 0x9d, 0x73, 0x9d, 0x73, 0x9d, 
	0x63, 0x19, 0x52, 0x95, 0x6b, 0x5b, 0x84, 0x21, 
	0x6b, 0x5b, 0x73, 0x9d, 0x6b, 0x5b, 0x84, 0x21, 
	0x73, 0x9d, 0x73, 0x9d, 0x73, 0x9d, 0x6b, 0x5b, 
	0x63, 0x19, 0x73, 0x9d, 0x73, 0x9d, 0x73, 0x9d, 
	0x6b, 0x5b, 0x52, 0x95, 0x52, 0x95, 0x52, 0x95, 
	0x52, 0x95, 0x52, 0x95, 0x6b, 0x5b, 0x52, 0x95, 
	0x52, 0x95, 0x52, 0x95, 0x63, 0x19, 0x63, 0x19, 
	0x63, 0x19, 0x63, 0x19, 0x63, 0x19, 0x52, 0x95, 
	0x52, 0x95, 0x6b, 0x5b, 0x6b, 0x5b, 0x6b, 0x5b, 
	0x6b, 0x5b, 0x6b, 0x5b, 0x73, 0x9d, 0x73, 0x9d, 
	0x6b, 0x5b, 0x6b, 0x5b, 0x63, 0x19, 0x63, 0x19, 
	0x63, 0x19, 0x6b, 0x5b, 0x73, 0x9d, 0x84, 0x21, 
	0x84, 0x21, 0x8c, 0x63, 0x8c, 0x63, 0xa5, 0x29, 
	0xad, 0x6b, 0xb5, 0xad, 0xb5, 0xad, 0xc6, 0x31, 
	0xb5, 0xad, 0xb5, 0xad, 0xb5, 0xad, 0xb5, 0xad, 
	0xb5, 0xad, 0xb5, 0xad, 0xb5, 0xad, 0xad, 0x6b, 
	0xa5, 0x29, 0x94, 0xa5, 0x94, 0xa5, 0x94, 0xa5, 
	0xe7, 0x39, 0xe7, 0x39, 0xe7, 0x39, 0xe7, 0x39, 
	0xe7, 0x39, 0xd6, 0xb5, 0xce, 0x73, 0xb5, 0xad, 
	0x84, 0x21, 0x73, 0x9d, 0xad, 0x6b, 0xc6, 0x31, 
	0xc6, 0x31, 0xc6, 0x31, 0xc6, 0x31, 0xc6, 0x31, 
	0xc6, 0x31, 0xc6, 0x31, 0xc6, 0x31, 0xc6, 0x31, 
	0xe7, 0x39, 0xe7, 0x39, 0xce, 0x73, 0xce, 0x73, 
	0xce, 0x73, 0xce, 0x73, 0xce, 0x73, 0xce, 0x73, 
	0xc6, 0x31, 0xc6, 0x31, 0xc6, 0x31, 0xc6, 0x31, 
	0xc6, 0x31, 0xc6, 0x31, 0xce, 0x73, 0xce, 0x73, 
	0xc6, 0x31, 0xad, 0x6b, 0xa5, 0x29, 0x94, 0xa5, 
	0x63, 0x19, 0x6b, 0x5b, 0xa5, 0x29, 0xe7, 0x39, 
	0xe7, 0x39, 0xe7, 0x39, 0xe7, 0x39, 0xe7, 0x39, 
	0xe7, 0x39, 0xe7, 0x39, 0xe7, 0x39, 0xe7, 0x39, 
	0xe7, 0x39, 0xe7, 0x39, 0xe7, 0x39, 0xe7, 0x39, 
	0xe7, 0x39, 0xe7, 0x39, 0xe7, 0x39, 0xe7, 0x39, 
	0xe7, 0x39, 0xe7, 0x39, 0xe7, 0x39, 0xe7, 0x39, 
	0xe7, 0x39, 0xe7, 0x39, 0xe7, 0x39, 0xe7, 0x39, 
	0xe7, 0x39, 0xe7, 0x39, 0xe7, 0x39, 0xd6, 0xb5, 
	0xad, 0x6b, 0x94, 0xa5, 0xce, 0x73, 0xd6, 0xb5, 
	0xd6, 0xb5, 0xd6, 0xb5, 0xd6, 0xb5, 0xd6, 0xb5, 
	0xd6, 0xb5, 0xd6, 0xb5, 0xd6, 0xb5, 0xd6, 0xb5, 
	0xd6, 0xb5, 0xe7, 0x39, 0xe7, 0x39, 0xe7, 0x39, 
	0xe7, 0x39, 0xe7, 0x39, 0xe7, 0x39, 0xe7, 0x39, 
	0xe7, 0x39, 0xd6, 0xb5, 0xd6, 0xb5, 0xd6, 0xb5, 
	0xd6, 0xb5, 0xd6, 0xb5, 0xd6, 0xb5, 0xd6, 0xb5, 
	0xd6, 0xb5, 0xce, 0x73, 0xd6, 0xb5, 0xce, 0x73, 
	0xb5, 0xad, 0x8c, 0x63, 0xce, 0x73, 0xe7, 0x39, 
	0xe7, 0x39, 0xe7, 0x39, 0xe7, 0x39, 0xe7, 0x39, 
	0xd6, 0xb5, 0xe7, 0x39, 0xe7, 0x39, 0xe7, 0x39, 
	0xe7, 0x39, 0xe7, 0x39, 0xe7, 0x39, 0xe7, 0x39, 
	0xe7, 0x39, 0xe7, 0x39, 0xe7, 0x39, 0xe7, 0x39, 
	0xe7, 0x39, 0xe7, 0x39, 0xe7, 0x39, 0xe7, 0x39, 
	0xe7, 0x39, 0xe7, 0x39, 0xe7, 0x39, 0xe7, 0x39, 
	0xe7, 0x39, 0xe7, 0x39, 0xe7, 0x39, 0xe7, 0x39, 
	0xc6, 0x31, 0xad, 0x6b, 0xd6, 0xb5, 0xe7, 0x39, 
	0xe7, 0x39, 0xd6, 0xb5, 0xd6, 0xb5, 0xe7, 0x39, 
	0xe7, 0x39, 0xe7, 0x39, 0xd6, 0xb5, 0xd6, 0xb5, 
	0xce, 0x73, 0xd6, 0xb5, 0xe7, 0x39, 0xe7, 0x39, 
	0xe7, 0x39, 0xe7, 0x39, 0xe7, 0x39, 0xe7, 0x39, 
	0xd6, 0xb5, 0xd6, 0xb5, 0xe7, 0x39, 0xd6, 0xb5, 
	0xd6, 0xb5, 0xd6, 0xb5, 0xd6, 0xb5, 0xd6, 0xb5, 
	0xd6, 0xb5, 0xd6, 0xb5, 0xd6, 0xb5, 0xd6, 0xb5, 
	0xc6, 0x31, 0xc6, 0x31, 0xe7, 0x39, 0xe7, 0x39, 
	0xe7, 0x39, 0xe7, 0x39, 0xe7, 0x39, 0xce, 0x73, 
	0xce, 0x73, 0xe7, 0x39, 0xe7, 0x39, 0xe7, 0x39, 
	0xe7, 0x39, 0xd6, 0xb5, 0xd6, 0xb5, 0xd6, 0xb5, 
	0xe7, 0x39, 0xe7, 0x39, 0xe7, 0x39, 0xd6, 0xb5, 
	0xe7, 0x39, 0xe7, 0x39, 0xe7, 0x39, 0xe7, 0x39, 
	0xe7, 0x39, 0xe7, 0x39, 0xe7, 0x39, 0xe7, 0x39, 
	0xe7, 0x39, 0xe7, 0x39, 0xe7, 0x39, 0xe7, 0x39, 
	0xc6, 0x31, 0xad, 0x6b, 0xd6, 0xb5, 0xe7, 0x39, 
	0xe7, 0x39, 0xd6, 0xb5, 0xce, 0x73, 0xe7, 0x39, 
	0xe7, 0x39, 0xe7, 0x39, 0xe7, 0x39, 0xe7, 0x39, 
	0xd6, 0xb5, 0xd6, 0xb5, 0xd6, 0xb5, 0xd6, 0xb5, 
	0xd6, 0xb5, 0xe7, 0x39, 0xe7, 0x39, 0xe7, 0x39, 
	0xd6, 0xb5, 0xd6, 0xb5, 0xd6, 0xb5, 0xd6, 0xb5, 
	0xd6, 0xb5, 0xd6, 0xb5, 0xd6, 0xb5, 0xce, 0x73, 
	0xc6, 0x31, 0xce, 0x73, 0xce, 0x73, 0xd6, 0xb5, 
	0xc6, 0x31, 0xc6, 0x31, 0xe7, 0x39, 0xe7, 0x39, 
	0xe7, 0x39, 0xe7, 0x39, 0xe7, 0x39, 0xce, 0x73, 
	0xce, 0x73, 0xe7, 0x39, 0xe7, 0x39, 0xe7, 0x39, 
	0xe7, 0x39, 0xe7, 0x39, 0xe7, 0x39, 0xd6, 0xb5, 
	0xe7, 0x39, 0xe7, 0x39, 0xe7, 0x39, 0xd6, 0xb5, 
	0xd6, 0xb5, 0xe7, 0x39, 0xe7, 0x39, 0xe7, 0x39, 
	0xe7, 0x39, 0xe7, 0x39, 0xe7, 0x39, 0xe7, 0x39, 
	0xe7, 0x39, 0xe7, 0x39, 0xe7, 0x39, 0xd6, 0xb5, 
	0xad, 0x6b, 0xa5, 0x29, 0xd6, 0xb5, 0xe7, 0x39, 
	0xe7, 0x39, 0xe7, 0x39, 0xce, 0x73, 0xad, 0x6b, 
	0x94, 0xa5, 0x94, 0xa5, 0xce, 0x73, 0xd6, 0xb5, 
	0xe7, 0x39, 0xce, 0x73, 0xd6, 0xb5, 0xe7, 0x39, 
	0xc6, 0x31, 0xd6, 0xb5, 0xe7, 0x39, 0xd6, 0xb5, 
	0xce, 0x73, 0xd6, 0xb5, 0xe7, 0x39, 0xe7, 0x39, 
	0xe7, 0x39, 0xd6, 0xb5, 0xd6, 0xb5, 0xce, 0x73, 
	0xd6, 0xb5, 0xe7, 0x39, 0xd6, 0xb5, 0xd6, 0xb5, 
	0xb5, 0xad, 0x94, 0xa5, 0xce, 0x73, 0xe7, 0x39, 
	0xe7, 0x39, 0xe7, 0x39, 0xe7, 0x39, 0xe7, 0x39, 
	0xe7, 0x39, 0xe7, 0x39, 0xe7, 0x39, 0xe7, 0x39, 
	0xe7, 0x39, 0xe7, 0x39, 0xe7, 0x39, 0xe7, 0x39, 
	0xd6, 0xb5, 0xd6, 0xb5, 0xd6, 0xb5, 0xce, 0x73, 
	0xce, 0x73, 0xd6, 0xb5, 0xe7, 0x39, 0xe7, 0x39, 
	0xe7, 0x39, 0xe7, 0x39, 0xe7, 0x39, 0xe7, 0x39, 
	0xe7, 0x39, 0xe7, 0x39, 0xe7, 0x39, 0xce, 0x73, 
	0x8c, 0x63, 0x94, 0xa5, 0xd6, 0xb5, 0xe7, 0x39, 
	0xd6, 0xb5, 0xce, 0x73, 0xd6, 0xb5, 0xd6, 0xb5, 
	0xc6, 0x31, 0xce, 0x73, 0xd6, 0xb5, 0xe7, 0x39, 
	0xd6, 0xb5, 0xce, 0x73, 0xd6, 0xb5, 0xe7, 0x39, 
	0xe7, 0x39, 0xce, 0x73, 0xce, 0x73, 0xce, 0x73, 
	0xce, 0x73, 0xce, 0x73, 0xb5, 0xad, 0xb5, 0xad, 
	0xe7, 0x39, 0xe7, 0x39, 0xe7, 0x39, 0xe7, 0x39, 
	0xe7, 0x39, 0xe7, 0x39, 0xce, 0x73, 0xb5, 0xad, 
	0xa5, 0x29, 0x94, 0xa5, 0xce, 0x73, 0xe7, 0x39, 
	0xe7, 0x39, 0xe7, 0x39, 0xe7, 0x39, 0xe7, 0x39, 
	0xe7, 0x39, 0xe7, 0x39, 0xe7, 0x39, 0xe7, 0x39, 
	0xe7, 0x39, 0xe7, 0x39, 0xe7, 0x39, 0xe7, 0x39, 
	0xd6, 0xb5, 0xd6, 0xb5, 0xd6, 0xb5, 0xce, 0x73, 
	0xd6, 0xb5, 0xe7, 0x39, 0xe7, 0x39, 0xe7, 0x39, 
	0xe7, 0x39, 0xe7, 0x39, 0xe7, 0x39, 0xe7, 0x39, 
	0xe7, 0x39, 0xe7, 0x39, 0xe7, 0x39, 0xd6, 0xb5, 
	0xa5, 0x29, 0xa5, 0x29, 0xd6, 0xb5, 0xe7, 0x39, 
	0xe7, 0x39, 0xce, 0x73, 0xc6, 0x31, 0xd6, 0xb5, 
	0xe7, 0x39, 0xe7, 0x39, 0xe7, 0x39, 0xd6, 0xb5, 
	0xd6, 0xb5, 0xe7, 0x39, 0xe7, 0x39, 0xe7, 0x39, 
	0xe7, 0x39, 0xe7, 0x39, 0xd6, 0xb5, 0xce, 0x73, 
	0xc6, 0x31, 0xce, 0x73, 0xce, 0x73, 0xd6, 0xb5, 
	0xe7, 0x39, 0xe7, 0x39, 0xe7, 0x39, 0xe7, 0x39, 
	0xe7, 0x39, 0xe7, 0x39, 0xe7, 0x39, 0xe7, 0x39, 
	0xce, 0x73, 0xa5, 0x29, 0xd6, 0xb5, 0xd6, 0xb5, 
	0xe7, 0x39, 0xce, 0x73, 0xc6, 0x31, 0xc6, 0x31, 
	0xce, 0x73, 0xd6, 0xb5, 0xce, 0x73, 0xce, 0x73, 
	0xe7, 0x39, 0xe7, 0x39, 0xe7, 0x39, 0xce, 0x73, 
	0xc6, 0x31, 0xc6, 0x31, 0xc6, 0x31, 0xce, 0x73, 
	0xe7, 0x39, 0xe7, 0x39, 0xe7, 0x39, 0xe7, 0x39, 
	0xad, 0x6b, 0xc6, 0x31, 0xc6, 0x31, 0xd6, 0xb5, 
	0xe7, 0x39, 0xd6, 0xb5, 0xe7, 0x39, 0xc6, 0x31, 
	0xad, 0x6b, 0x94, 0xa5, 0xc6, 0x31, 0xe7, 0x39, 
	0xe7, 0x39, 0xe7, 0x39, 0xd6, 0xb5, 0xd6, 0xb5, 
	0xd6, 0xb5, 0xd6, 0xb5, 0xd6, 0xb5, 0xd6, 0xb5, 
	0xd6, 0xb5, 0xe7, 0x39, 0xe7, 0x39, 0xe7, 0x39, 
	0xd6, 0xb5, 0xd6, 0xb5, 0xd6, 0xb5, 0xd6, 0xb5, 
	0xd6, 0xb5, 0xd6, 0xb5, 0xce, 0x73, 0xce, 0x73, 
	0xe7, 0x39, 0xe7, 0x39, 0xe7, 0x39, 0xe7, 0x39, 
	0xe7, 0x39, 0xe7, 0x39, 0xe7, 0x39, 0xe7, 0x39, 
	0xce, 0x73, 0xad, 0x6b, 0xe7, 0x39, 0xd6, 0xb5, 
	0xce, 0x73, 0xc6, 0x31, 0xc6, 0x31, 0xc6, 0x31, 
	0xce, 0x73, 0xd6, 0xb5, 0xce, 0x73, 0xc6, 0x31, 
	0xc6, 0x31, 0xc6, 0x31, 0xb5, 0xad, 0xb5, 0xad, 
	0xad, 0x6b, 0xad, 0x6b, 0xb5, 0xad, 0xb5, 0xad, 
	0xb5, 0xad, 0xce, 0x73, 0xc6, 0x31, 0xad, 0x6b, 
	0xb5, 0xad, 0xb5, 0xad, 0xb5, 0xad, 0xc6, 0x31, 
	0xc6, 0x31, 0xc6, 0x31, 0xce, 0x73, 0xb5, 0xad, 
	0x94, 0xa5, 0x84, 0x21, 0xb5, 0xad, 0xd6, 0xb5, 
	0xe7, 0x39, 0xe7, 0x39, 0xe7, 0x39, 0xe7, 0x39, 
	0xe7, 0x39, 0xe7, 0x39, 0xd6, 0xb5, 0xd6, 0xb5, 
	0xe7, 0x39, 0xe7, 0x39, 0xe7, 0x39, 0xe7, 0x39, 
	0xd6, 0xb5, 0xd6, 0xb5, 0xd6, 0xb5, 0xd6, 0xb5, 
	0xd6, 0xb5, 0xd6, 0xb5, 0xd6, 0xb5, 0xd6, 0xb5, 
	0xe7, 0x39, 0xe7, 0x39, 0xe7, 0x39, 0xe7, 0x39, 
	0xe7, 0x39, 0xe7, 0x39, 0xe7, 0x39, 0xe7, 0x39, 
	0xd6, 0xb5, 0xad, 0x6b, 0xd6, 0xb5, 0xd6, 0xb5, 
	0xd6, 0xb5, 0xd6, 0xb5, 0xd6, 0xb5, 0xd6, 0xb5, 
	0xce, 0x73, 0xc6, 0x31, 0xc6, 0x31, 0xb5, 0xad, 
	0xad, 0x6b, 0xa5, 0x29, 0x94, 0xa5, 0x94, 0xa5, 
	0xa5, 0x29, 0xa5, 0x29, 0xa5, 0x29, 0xa5, 0x29, 
	0xad, 0x6b, 0xce, 0x73, 0xce, 0x73, 0xb5, 0xad, 
	0xc6, 0x31, 0xb5, 0xad, 0xb5, 0xad, 0xc6, 0x31, 
	0xb5, 0xad, 0xc6, 0x31, 0xd6, 0xb5, 0xc6, 0x31, 
	0x94, 0xa5, 0x73, 0x9d, 0xa5, 0x29, 0xc6, 0x31, 
	0xce, 0x73, 0xc6, 0x31, 0xc6, 0x31, 0xce, 0x73, 
	0xd6, 0xb5, 0xc6, 0x31, 0xb5, 0xad, 0xce, 0x73, 
	0xb5, 0xad, 0xb5, 0xad, 0xd6, 0xb5, 0xc6, 0x31, 
	0xc6, 0x31, 0xc6, 0x31, 0xc6, 0x31, 0xc6, 0x31, 
	0xc6, 0x31, 0xc6, 0x31, 0xc6, 0x31, 0xb5, 0xad, 
	0xb5, 0xad, 0xb5, 0xad, 0xb5, 0xad, 0xc6, 0x31, 
	0xce, 0x73, 0xd6, 0xb5, 0xce, 0x73, 0xce, 0x73, 
	0xb5, 0xad, 0x94, 0xa5, 0xce, 0x73, 0xd6, 0xb5, 
	0xce, 0x73, 0xd6, 0xb5, 0xd6, 0xb5, 0xc6, 0x31, 
	0xb5, 0xad, 0xb5, 0xad, 0xc6, 0x31, 0xce, 0x73, 
	0xce, 0x73, 0xc6, 0x31, 0xad, 0x6b, 0xa5, 0x29, 
	0xa5, 0x29, 0xa5, 0x29, 0xa5, 0x29, 0xa5, 0x29, 
	0xa5, 0x29, 0xc6, 0x31, 0xc6, 0x31, 0xb5, 0xad, 
	0xa5, 0x29, 0xad, 0x6b, 0xb5, 0xad, 0xc6, 0x31, 
	0xc6, 0x31, 0xc6, 0x31, 0xce, 0x73, 0xad, 0x6b, 
	0x8c, 0x63, 0x6b, 0x5b, 0x84, 0x21, 0x94, 0xa5, 
	0xad, 0x6b, 0xad, 0x6b, 0xad, 0x6b, 0xad, 0x6b, 
	0xb5, 0xad, 0xad, 0x6b, 0xb5, 0xad, 0xb5, 0xad, 
	0xb5, 0xad, 0xb5, 0xad, 0xb5, 0xad, 0xb5, 0xad, 
	0xb5, 0xad, 0xb5, 0xad, 0xc6, 0x31, 0xc6, 0x31, 
	0xb5, 0xad, 0x94, 0xa5, 0x94, 0xa5, 0x84, 0x21, 
	0x84, 0x21, 0x8c, 0x63, 0xa5, 0x29, 0xb5, 0xad, 
	0xb5, 0xad, 0xb5, 0xad, 0xc6, 0x31, 0xb5, 0xad, 
	0x84, 0x21, 0x73, 0x9d, 0xb5, 0xad, 0xb5, 0xad, 
	0xb5, 0xad, 0xce, 0x73, 0xce, 0x73, 0xc6, 0x31, 
	0xb5, 0xad, 0xb5, 0xad, 0xc6, 0x31, 0xce, 0x73, 
	0xd6, 0xb5, 0xce, 0x73, 0xc6, 0x31, 0xb5, 0xad, 
	0xb5, 0xad, 0xb5, 0xad, 0xb5, 0xad, 0xad, 0x6b, 
	0xa5, 0x29, 0xad, 0x6b, 0xad, 0x6b, 0xad, 0x6b, 
	0x94, 0xa5, 0x94, 0xa5, 0xa5, 0x29, 0xc6, 0x31, 
	0xc6, 0x31, 0xb5, 0xad, 0xad, 0x6b, 0x84, 0x21, 
	0x73, 0x9d, 0x63, 0x19, 0x84, 0x21, 0x8c, 0x63, 
	0x94, 0xa5, 0x8c, 0x63, 0x8c, 0x63, 0x8c, 0x63, 
	0x94, 0xa5, 0xa5, 0x29, 0xb5, 0xad, 0xb5, 0xad, 
	0xb5, 0xad, 0xad, 0x6b, 0xb5, 0xad, 0x94, 0xa5, 
	0x94, 0xa5, 0xa5, 0x29, 0xad, 0x6b, 0xad, 0x6b, 
	0xa5, 0x29, 0xa5, 0x29, 0x94, 0xa5, 0x8c, 0x63, 
	0x84, 0x21, 0x73, 0x9d, 0x84, 0x21, 0xad, 0x6b, 
	0xad, 0x6b, 0xad, 0x6b, 0xb5, 0xad, 0xb5, 0xad, 
	0x94, 0xa5, 0x8c, 0x63, 0xc6, 0x31, 0xb5, 0xad, 
	0xb5, 0xad, 0xc6, 0x31, 0xc6, 0x31, 0xb5, 0xad, 
	0xad, 0x6b, 0xad, 0x6b, 0xb5, 0xad, 0xc6, 0x31, 
	0xc6, 0x31, 0xc6, 0x31, 0xc6, 0x31, 0xc6, 0x31, 
	0xc6, 0x31, 0xc6, 0x31, 0xc6, 0x31, 0xad, 0x6b, 
	0xa5, 0x29, 0xa5, 0x29, 0xad, 0x6b, 0xad, 0x6b, 
	0xa5, 0x29, 0xa5, 0x29, 0xad, 0x6b, 0xc6, 0x31, 
	0xc6, 0x31, 0xad, 0x6b, 0x94, 0xa5, 0x73, 0x9d, 
	0x6b, 0x5b, 0x52, 0x95, 0x73, 0x9d, 0x73, 0x9d, 
	0x84, 0x21, 0x84, 0x21, 0x84, 0x21, 0x84, 0x21, 
	0x84, 0x21, 0x8c, 0x63, 0x94, 0xa5, 0x8c, 0x63, 
	0x8c, 0x63, 0x94, 0xa5, 0x94, 0xa5, 0x94, 0xa5, 
	0x94, 0xa5, 0xa5, 0x29, 0xad, 0x6b, 0xa5, 0x29, 
	0xa5, 0x29, 0xad, 0x6b, 0xad, 0x6b, 0x94, 0xa5, 
	0x8c, 0x63, 0x84, 0x21, 0x84, 0x21, 0x8c, 0x63, 
	0x94, 0xa5, 0x94, 0xa5, 0x94, 0xa5, 0x8c, 0x63, 
	0x8c, 0x63, 0x84, 0x21, 0xc6, 0x31, 0xc6, 0x31, 
	0xa5, 0x29, 0xb5, 0xad, 0xc6, 0x31, 0xc6, 0x31, 
	0xc6, 0x31, 0xb5, 0xad, 0xb5, 0xad, 0xb5, 0xad, 
	0xc6, 0x31, 0xc6, 0x31, 0xb5, 0xad, 0xb5, 0xad, 
	0x94, 0xa5, 0x94, 0xa5, 0x94, 0xa5, 0xa5, 0x29, 
	0x94, 0xa5, 0xa5, 0x29, 0x94, 0xa5, 0x94, 0xa5, 
	0x6b, 0x5b, 0x73, 0x9d, 0x8c, 0x63, 0x94, 0xa5, 
	0x84, 0x21, 0x84, 0x21, 0x73, 0x9d, 0x52, 0x95, 
	0x52, 0x95, 0x52, 0x95, 0x63, 0x19, 0x6b, 0x5b, 
	0x84, 0x21, 0x84, 0x21, 0x8c, 0x63, 0x8c, 0x63, 
	0x8c, 0x63, 0x94, 0xa5, 0x8c, 0x63, 0x6b, 0x5b, 
	0x73, 0x9d, 0x6b, 0x5b, 0x6b, 0x5b, 0x6b, 0x5b, 
	0x8c, 0x63, 0x8c, 0x63, 0x84, 0x21, 0x84, 0x21, 
	0x84, 0x21, 0x8c, 0x63, 0x8c, 0x63, 0x73, 0x9d, 
	0x73, 0x9d, 0x73, 0x9d, 0x84, 0x21, 0x94, 0xa5, 
	0x8c, 0x63, 0x84, 0x21, 0x73, 0x9d, 0x6b, 0x5b, 
	0x63, 0x19, 0x6b, 0x5b, 0x73, 0x9d, 0x84, 0x21, 
	0x73, 0x9d, 0x94, 0xa5, 0xa5, 0x29, 0xb5, 0xad, 
	0xad, 0x6b, 0xa5, 0x29, 0xa5, 0x29, 0xa5, 0x29, 
	0xad, 0x6b, 0xa5, 0x29, 0x94, 0xa5, 0x8c, 0x63, 
	0x84, 0x21, 0x73, 0x9d, 0x84, 0x21, 0x8c, 0x63, 
	0x84, 0x21, 0x8c, 0x63, 0x8c, 0x63, 0x73, 0x9d, 
	0x52, 0x95, 0x63, 0x19, 0x6b, 0x5b, 0x84, 0x21, 
	0x73, 0x9d, 0x73, 0x9d, 0x73, 0x9d, 0x6b, 0x5b, 
	0x63, 0x19, 0x63, 0x19, 0x63, 0x19, 0x6b, 0x5b, 
	0x73, 0x9d, 0x73, 0x9d, 0x8c, 0x63, 0x8c, 0x63, 
	0x8c, 0x63, 0x8c, 0x63, 0x8c, 0x63, 0x73, 0x9d, 
	0x73, 0x9d, 0x63, 0x19, 0x63, 0x19, 0x63, 0x19, 
	0x6b, 0x5b, 0x6b, 0x5b, 0x6b, 0x5b, 0x6b, 0x5b, 
	0x6b, 0x5b, 0x52, 0x95, 0x52, 0x95, 0x52, 0x95, 
	0x52, 0x95, 0x52, 0x95, 0x63, 0x19, 0x63, 0x19, 
	0x63, 0x19, 0x52, 0x95, 0x52, 0x95, 0x52, 0x95, 
	0x52, 0x95, 0x63, 0x19, 0x52, 0x95, 0x52, 0x95, 
	0x63, 0x19, 0x73, 0x9d, 0x8c, 0x63, 0x94, 0xa5, 
	0x84, 0x21, 0x73, 0x9d, 0x73, 0x9d, 0x73, 0x9d, 
	0x84, 0x21, 0x84, 0x21, 0x73, 0x9d, 0x6b, 0x5b, 
	0x6b, 0x5b, 0x73, 0x9d, 0x63, 0x19, 0x63, 0x19, 
	0x6b, 0x5b, 0x6b, 0x5b, 0x73, 0x9d, 0x73, 0x9d, 
	0x84, 0x21, 0x84, 0x21, 0x94, 0xa5, 0xa5, 0x29, 
	0xa5, 0x29, 0x8c, 0x63, 0x84, 0x21, 0x94, 0xa5, 
	0xb5, 0xad, 0xad, 0x6b, 0x73, 0x9d, 0x63, 0x19, 
	0x6b, 0x5b, 0x6b, 0x5b, 0x73, 0x9d, 0x73, 0x9d, 
	0x73, 0x9d, 0x73, 0x9d, 0x73, 0x9d, 0x73, 0x9d, 
	0x73, 0x9d, 0x6b, 0x5b, 0x6b, 0x5b, 0x63, 0x19, 
	0x6b, 0x5b, 0x52, 0x95, 0x63, 0x19, 0x63, 0x19, 
	0x63, 0x19, 0x63, 0x19, 0x52, 0x95, 0x52, 0x95, 
	0x63, 0x19, 0x63, 0x19, 0x63, 0x19, 0x52, 0x95, 
	0x63, 0x19, 0x63, 0x19, 0x52, 0x95, 0x63, 0x19, 
	0x73, 0x9d, 0x73, 0x9d, 0x73, 0x9d, 0x6b, 0x5b, 
	0x52, 0x95, 0x63, 0x19, 0x6b, 0x5b, 0x84, 0x21, 
	0x73, 0x9d, 0x73, 0x9d, 0x6b, 0x5b, 0x6b, 0x5b, 
	0x73, 0x9d, 0x73, 0x9d, 0x6b, 0x5b, 0x63, 0x19, 
	0x52, 0x95, 0x52, 0x95, 0x6b, 0x5b, 0x6b, 0x5b, 
	0x73, 0x9d, 0x84, 0x21, 0x84, 0x21, 0x84, 0x21, 
	0xd6, 0xb5, 0xd6, 0xb5, 0xe7, 0x39, 0xd6, 0xb5, 
	0xd6, 0xb5, 0xd6, 0xb5, 0xce, 0x73, 0xd6, 0xb5, 
	0xe7, 0x39, 0xe7, 0x39, 0xce, 0x73, 0xc6, 0x31, 
	0xce, 0x73, 0xce, 0x73, 0xce, 0x73, 0xce, 0x73, 
	0xb5, 0xad, 0xa5, 0x29, 0x94, 0xa5, 0x94, 0xa5, 
	0xa5, 0x29, 0xa5, 0x29, 0x8c, 0x63, 0x84, 0x21, 
	0x8c, 0x63, 0x94, 0xa5, 0x94, 0xa5, 0xa5, 0x29, 
	0xa5, 0x29, 0x84, 0x21, 0x73, 0x9d, 0x73, 0x9d, 
	0x73, 0x9d, 0x73, 0x9d, 0x84, 0x21, 0x94, 0xa5, 
	0x8c, 0x63, 0x8c, 0x63, 0xa5, 0x29, 0xad, 0x6b, 
	0xad, 0x6b, 0xa5, 0x29, 0xa5, 0x29, 0xa5, 0x29, 
	0x94, 0xa5, 0x94, 0xa5, 0xa5, 0x29, 0x94, 0xa5, 
	0x8c, 0x63, 0xad, 0x6b, 0xb5, 0xad, 0xb5, 0xad, 
	0xb5, 0xad, 0xc6, 0x31, 0xc6, 0x31, 0xad, 0x6b, 
	0x84, 0x21, 0x84, 0x21, 0xb5, 0xad, 0xd6, 0xb5, 
	0xd6, 0xb5, 0xe7, 0x39, 0xd6, 0xb5, 0xd6, 0xb5, 
	0xe7, 0x39, 0xe7, 0x39, 0xe7, 0x39, 0xe7, 0x39, 
	0xe7, 0x39, 0xe7, 0x39, 0xe7, 0x39, 0xe7, 0x39, 
	0xe7, 0x39, 0xe7, 0x39, 0xe7, 0x39, 0xe7, 0x39, 
	0xe7, 0x39, 0xe7, 0x39, 0xe7, 0x39, 0xe7, 0x39, 
	0xe7, 0x39, 0xe7, 0x39, 0xce, 0x73, 0xce, 0x73, 
	0xc6, 0x31, 0xb5, 0xad, 0xad, 0x6b, 0x94, 0xa5, 
	0x84, 0x21, 0xa5, 0x29, 0xb5, 0xad, 0xc6, 0x31, 
	0xd6, 0xb5, 0xd6, 0xb5, 0xd6, 0xb5, 0xd6, 0xb5, 
	0xd6, 0xb5, 0xd6, 0xb5, 0xd6, 0xb5, 0xce, 0x73, 
	0xb5, 0xad, 0xad, 0x6b, 0xb5, 0xad, 0xc6, 0x31, 
	0xc6, 0x31, 0xce, 0x73, 0xce, 0x73, 0xce, 0x73, 
	0xe7, 0x39, 0xe7, 0x39, 0xe7, 0x39, 0xe7, 0x39, 
	0xce, 0x73, 0xd6, 0xb5, 0xd6, 0xb5, 0xd6, 0xb5, 
	0xe7, 0x39, 0xd6, 0xb5, 0xd6, 0xb5, 0xc6, 0x31, 
	0x94, 0xa5, 0x8c, 0x63, 0xc6, 0x31, 0xe7, 0x39, 
	0xe7, 0x39, 0xe7, 0x39, 0xe7, 0x39, 0xe7, 0x39, 
	0xe7, 0x39, 0xe7, 0x39, 0xe7, 0x39, 0xe7, 0x39, 
	0xe7, 0x39, 0xe7, 0x39, 0xe7, 0x39, 0xe7, 0x39, 
	0xe7, 0x39, 0xe7, 0x39, 0xe7, 0x39, 0xe7, 0x39, 
	0xe7, 0x39, 0xe7, 0x39, 0xe7, 0x39, 0xe7, 0x39, 
	0xe7, 0x39, 0xe7, 0x39, 0xe7, 0x39, 0xe7, 0x39, 
	0xe7, 0x39, 0xd6, 0xb5, 0xc6, 0x31, 0xa5, 0x29, 
	0x84, 0x21, 0xa5, 0x29, 0xce, 0x73, 0xe7, 0x39, 
	0xe7, 0x39, 0xe7, 0x39, 0xe7, 0x39, 0xe7, 0x39, 
	0xe7, 0x39, 0xd6, 0xb5, 0xce, 0x73, 0xd6, 0xb5, 
	0xce, 0x73, 0xc6, 0x31, 0xc6, 0x31, 0xc6, 0x31, 
	0xc6, 0x31, 0xc6, 0x31, 0xd6, 0xb5, 0xd6, 0xb5, 
	0xe7, 0x39, 0xe7, 0x39, 0xe7, 0x39, 0xe7, 0x39, 
	0xe7, 0x39, 0xe7, 0x39, 0xd6, 0xb5, 0xd6, 0xb5, 
	0xd6, 0xb5, 0xd6, 0xb5, 0xce, 0x73, 0xb5, 0xad, 
	0x94, 0xa5, 0xa5, 0x29, 0xd6, 0xb5, 0xe7, 0x39, 
	0xe7, 0x39, 0xe7, 0x39, 0xe7, 0x39, 0xe7, 0x39, 
	0xd6, 0xb5, 0xd6, 0xb5, 0xd6, 0xb5, 0xd6, 0xb5, 
	0xd6, 0xb5, 0xe7, 0x39, 0xe7, 0x39, 0xe7, 0x39, 
	0xe7, 0x39, 0xe7, 0x39, 0xd6, 0xb5, 0xd6, 0xb5, 
	0xd6, 0xb5, 0xd6, 0xb5, 0xe7, 0x39, 0xe7, 0x39, 
	0xe7, 0x39, 0xe7, 0x39, 0xe7, 0x39, 0xd6, 0xb5, 
	0xe7, 0x39, 0xe7, 0x39, 0xe7, 0x39, 0xc6, 0x31, 
	0xad, 0x6b, 0xb5, 0xad, 0xd6, 0xb5, 0xe7, 0x39, 
	0xe7, 0x39, 0xe7, 0x39, 0xe7, 0x39, 0xe7, 0x39, 
	0xd6, 0xb5, 0xd6, 0xb5, 0xc6, 0x31, 0xc6, 0x31, 
	0xc6, 0x31, 0xc6, 0x31, 0xce, 0x73, 0xd6, 0xb5, 
	0xce, 0x73, 0xd6, 0xb5, 0xce, 0x73, 0xe7, 0x39, 
	0xe7, 0x39, 0xd6, 0xb5, 0xd6, 0xb5, 0xd6, 0xb5, 
	0xc6, 0x31, 0xd6, 0xb5, 0xd6, 0xb5, 0xce, 0x73, 
	0xd6, 0xb5, 0xd6, 0xb5, 0xce, 0x73, 0xc6, 0x31, 
	0x94, 0xa5, 0xa5, 0x29, 0xe7, 0x39, 0xe7, 0x39, 
	0xe7, 0x39, 0xe7, 0x39, 0xe7, 0x39, 0xe7, 0x39, 
	0xd6, 0xb5, 0xce, 0x73, 0xce, 0x73, 0xce, 0x73, 
	0xd6, 0xb5, 0xe7, 0x39, 0xe7, 0x39, 0xe7, 0x39, 
	0xd6, 0xb5, 0xd6, 0xb5, 0xd6, 0xb5, 0xd6, 0xb5, 
	0xd6, 0xb5, 0xd6, 0xb5, 0xe7, 0x39, 0xe7, 0x39, 
	0xe7, 0x39, 0xe7, 0x39, 0xd6, 0xb5, 0xce, 0x73, 
	0xd6, 0xb5, 0xe7, 0x39, 0xd6, 0xb5, 0xb5, 0xad, 
	0xa5, 0x29, 0xb5, 0xad, 0xce, 0x73, 0xd6, 0xb5, 
	0xd6, 0xb5, 0xe7, 0x39, 0xe7, 0x39, 0xe7, 0x39, 
	0xd6, 0xb5, 0xd6, 0xb5, 0xce, 0x73, 0xb5, 0xad, 
	0xb5, 0xad, 0xc6, 0x31, 0xc6, 0x31, 0xc6, 0x31, 
	0xc6, 0x31, 0xb5, 0xad, 0xc6, 0x31, 0xc6, 0x31, 
	0xce, 0x73, 0xd6, 0xb5, 0xce, 0x73, 0xd6, 0xb5, 
	0xc6, 0x31, 0xd6, 0xb5, 0xd6, 0xb5, 0xd6, 0xb5, 
	0xd6, 0xb5, 0xd6, 0xb5, 0xce, 0x73, 0xc6, 0x31, 
	0x94, 0xa5, 0xa5, 0x29, 0xe7, 0x39, 0xe7, 0x39, 
	0xe7, 0x39, 0xe7, 0x39, 0xe7, 0x39, 0xe7, 0x39, 
	0xe7, 0x39, 0xe7, 0x39, 0xe7, 0x39, 0xe7, 0x39, 
	0xe7, 0x39, 0xe7, 0x39, 0xe7, 0x39, 0xe7, 0x39, 
	0xe7, 0x39, 0xe7, 0x39, 0xe7, 0x39, 0xe7, 0x39, 
	0xe7, 0x39, 0xe7, 0x39, 0xe7, 0x39, 0xe7, 0x39, 
	0xe7, 0x39, 0xe7, 0x39, 0xe7, 0x39, 0xe7, 0x39, 
	0xe7, 0x39, 0xe7, 0x39, 0xd6, 0xb5, 0xc6, 0x31, 
	0xb5, 0xad, 0xc6, 0x31, 0xce, 0x73, 0xce, 0x73, 
	0xce, 0x73, 0xd6, 0xb5, 0xe7, 0x39, 0xe7, 0x39, 
	0xe7, 0x39, 0xd6, 0xb5, 0xce, 0x73, 0xce, 0x73, 
	0xc6, 0x31, 0xc6, 0x31, 0xce, 0x73, 0xb5, 0xad, 
	0xb5, 0xad, 0xc6, 0x31, 0xc6, 0x31, 0xce, 0x73, 
	0xce, 0x73, 0xce, 0x73, 0xd6, 0xb5, 0xd6, 0xb5, 
	0xce, 0x73, 0xce, 0x73, 0xce, 0x73, 0xd6, 0xb5, 
	0xd6, 0xb5, 0xd6, 0xb5, 0xc6, 0x31, 0xad, 0x6b, 
	0xa5, 0x29, 0xad, 0x6b, 0xd6, 0xb5, 0xd6, 0xb5, 
	0xce, 0x73, 0xc6, 0x31, 0xce, 0x73, 0xd6, 0xb5, 
	0xd6, 0xb5, 0xd6, 0xb5, 0xe7, 0x39, 0xe7, 0x39, 
	0xe7, 0x39, 0xe7, 0x39, 0xe7, 0x39, 0xe7, 0x39, 
	0xe7, 0x39, 0xe7, 0x39, 0xe7, 0x39, 0xe7, 0x39, 
	0xe7, 0x39, 0xe7, 0x39, 0xe7, 0x39, 0xe7, 0x39, 
	0xe7, 0x39, 0xe7, 0x39, 0xe7, 0x39, 0xe7, 0x39, 
	0xe7, 0x39, 0xe7, 0x39, 0xce, 0x73, 0xb5, 0xad, 
	0xa5, 0x29, 0xad, 0x6b, 0xce, 0x73, 0xce, 0x73, 
	0xd6, 0xb5, 0xd6, 0xb5, 0xd6, 0xb5, 0xd6, 0xb5, 
	0xd6, 0xb5, 0xe7, 0x39, 0xe7, 0x39, 0xd6, 0xb5, 
	0xc6, 0x31, 0xc6, 0x31, 0xce, 0x73, 0xce, 0x73, 
	0xc6, 0x31, 0xad, 0x6b, 0xad, 0x6b, 0xe7, 0x39, 
	0xb5, 0xad, 0xce, 0x73, 0xd6, 0xb5, 0xd6, 0xb5, 
	0xce, 0x73, 0xc6, 0x31, 0xc6, 0x31, 0xce, 0x73, 
	0xd6, 0xb5, 0xce, 0x73, 0xb5, 0xad, 0xa5, 0x29, 
	0x84, 0x21, 0x8c, 0x63, 0xad, 0x6b, 0xad, 0x6b, 
	0xa5, 0x29, 0xa5, 0x29, 0xa5, 0x29, 0xb5, 0xad, 
	0xb5, 0xad, 0xc6, 0x31, 0xc6, 0x31, 0xe7, 0x39, 
	0xe7, 0x39, 0xe7, 0x39, 0xe7, 0x39, 0xe7, 0x39, 
	0xe7, 0x39, 0xd6, 0xb5, 0xce, 0x73, 0xce, 0x73, 
	0xce, 0x73, 0xc6, 0x31, 0xc6, 0x31, 0xce, 0x73, 
	0xe7, 0x39, 0xe7, 0x39, 0xe7, 0x39, 0xe7, 0x39, 
	0xe7, 0x39, 0xd6, 0xb5, 0xb5, 0xad, 0x94, 0xa5, 
	0x84, 0x21, 0x94, 0xa5, 0xad, 0x6b, 0xb5, 0xad, 
	0xb5, 0xad, 0xc6, 0x31, 0xc6, 0x31, 0xce, 0x73, 
	0xd6, 0xb5, 0xd6, 0xb5, 0xce, 0x73, 0xb5, 0xad, 
	0xa5, 0x29, 0xa5, 0x29, 0x94, 0xa5, 0x94, 0xa5, 
	0x94, 0xa5, 0x94, 0xa5, 0x94, 0xa5, 0x94, 0xa5, 
	0x94, 0xa5, 0x94, 0xa5, 0xa5, 0x29, 0xad, 0x6b, 
	0x94, 0xa5, 0x8c, 0x63, 0xad, 0x6b, 0xb5, 0xad, 
	0xad, 0x6b, 0xad, 0x6b, 0x94, 0xa5, 0x8c, 0x63, 
	0x73, 0x9d, 0x84, 0x21, 0xa5, 0x29, 0xad, 0x6b, 
	0xa5, 0x29, 0x94, 0xa5, 0x94, 0xa5, 0xa5, 0x29, 
	0x94, 0xa5, 0xa5, 0x29, 0xb5, 0xad, 0xad, 0x6b, 
	0xad, 0x6b, 0xb5, 0xad, 0xc6, 0x31, 0xce, 0x73, 
	0xb5, 0xad, 0x94, 0xa5, 0xa5, 0x29, 0xad, 0x6b, 
	0xad, 0x6b, 0xad, 0x6b, 0xad, 0x6b, 0xb5, 0xad, 
	0xc6, 0x31, 0xce, 0x73, 0xc6, 0x31, 0xc6, 0x31, 
	0xc6, 0x31, 0xb5, 0xad, 0xa5, 0x29, 0xad, 0x6b, 
	0x94, 0xa5, 0xad, 0x6b, 0xb5, 0xad, 0xad, 0x6b, 
	0xad, 0x6b, 0xb5, 0xad, 0xc6, 0x31, 0xce, 0x73, 
	0xc6, 0x31, 0xc6, 0x31, 0xc6, 0x31, 0xb5, 0xad, 
	0xb5, 0xad, 0x94, 0xa5, 0x94, 0xa5, 0x94, 0xa5, 
	0x94, 0xa5, 0x94, 0xa5, 0x94, 0xa5, 0x94, 0xa5, 
	0xa5, 0x29, 0xad, 0x6b, 0xb5, 0xad, 0x94, 0xa5, 
	0x94, 0xa5, 0x94, 0xa5, 0x94, 0xa5, 0x94, 0xa5, 
	0xad, 0x6b, 0xa5, 0x29, 0x8c, 0x63, 0x73, 0x9d, 
	0x63, 0x19, 0x73, 0x9d, 0xb5, 0xad, 0xc6, 0x31, 
	0x94, 0xa5, 0x8c, 0x63, 0x94, 0xa5, 0x8c, 0x63, 
	0xa5, 0x29, 0x94, 0xa5, 0xa5, 0x29, 0x94, 0xa5, 
	0x94, 0xa5, 0xa5, 0x29, 0xb5, 0xad, 0xc6, 0x31, 
	0xc6, 0x31, 0xb5, 0xad, 0xa5, 0x29, 0x94, 0xa5, 
	0x94, 0xa5, 0xa5, 0x29, 0xad, 0x6b, 0xb5, 0xad, 
	0x94, 0xa5, 0x8c, 0x63, 0x8c, 0x63, 0x8c, 0x63, 
	0x94, 0xa5, 0xa5, 0x29, 0x94, 0xa5, 0xad, 0x6b, 
	0xa5, 0x29, 0xc6, 0x31, 0xa5, 0x29, 0x94, 0xa5, 
	0x94, 0xa5, 0x94, 0xa5, 0xa5, 0x29, 0xc6, 0x31, 
	0xc6, 0x31, 0xc6, 0x31, 0xc6, 0x31, 0xc6, 0x31, 
	0xb5, 0xad, 0xa5, 0x29, 0xa5, 0x29, 0x8c, 0x63, 
	0xb5, 0xad, 0xb5, 0xad, 0xa5, 0x29, 0xa5, 0x29, 
	0x94, 0xa5, 0x94, 0xa5, 0x94, 0xa5, 0x94, 0xa5, 
	0x8c, 0x63, 0x94, 0xa5, 0x94, 0xa5, 0xa5, 0x29, 
	0xa5, 0x29, 0xa5, 0x29, 0x84, 0x21, 0x73, 0x9d, 
	0x73, 0x9d, 0x84, 0x21, 0xb5, 0xad, 0xce, 0x73, 
	0xad, 0x6b, 0xad, 0x6b, 0xc6, 0x31, 0x94, 0xa5, 
	0x94, 0xa5, 0x8c, 0x63, 0x94, 0xa5, 0x94, 0xa5, 
	0x94, 0xa5, 0x94, 0xa5, 0xa5, 0x29, 0xad, 0x6b, 
	0xb5, 0xad, 0xc6, 0x31, 0xb5, 0xad, 0xa5, 0x29, 
	0x94, 0xa5, 0x8c, 0x63, 0x84, 0x21, 0x8c, 0x63, 
	0x84, 0x21, 0x8c, 0x63, 0x94, 0xa5, 0x94, 0xa5, 
	0x8c, 0x63, 0x94, 0xa5, 0x94, 0xa5, 0xa5, 0x29, 
	0xa5, 0x29, 0xc6, 0x31, 0x94, 0xa5, 0x94, 0xa5, 
	0x94, 0xa5, 0xa5, 0x29, 0xa5, 0x29, 0x94, 0xa5, 
	0x94, 0xa5, 0x94, 0xa5, 0x94, 0xa5, 0x94, 0xa5, 
	0x94, 0xa5, 0x94, 0xa5, 0xa5, 0x29, 0xa5, 0x29, 
	0xa5, 0x29, 0xa5, 0x29, 0xa5, 0x29, 0xa5, 0x29, 
	0x94, 0xa5, 0x94, 0xa5, 0x94, 0xa5, 0xa5, 0x29, 
	0x94, 0xa5, 0x94, 0xa5, 0x94, 0xa5, 0x94, 0xa5, 
	0x94, 0xa5, 0x94, 0xa5, 0x94, 0xa5, 0x8c, 0x63, 
	0x84, 0x21, 0x84, 0x21, 0xc6, 0x31, 0xce, 0x73, 
	0xb5, 0xad, 0xad, 0x6b, 0xb5, 0xad, 0xa5, 0x29, 
	0xa5, 0x29, 0xa5, 0x29, 0xa5, 0x29, 0x84, 0x21, 
	0x84, 0x21, 0x94, 0xa5, 0x94, 0xa5, 0xa5, 0x29, 
	0x94, 0xa5, 0xa5, 0x29, 0xb5, 0xad, 0xb5, 0xad, 
	0xad, 0x6b, 0x94, 0xa5, 0x84, 0x21, 0x84, 0x21, 
	0x8c, 0x63, 0x94, 0xa5, 0x94, 0xa5, 0xa5, 0x29, 
	0xa5, 0x29, 0xad, 0x6b, 0x94, 0xa5, 0xa5, 0x29, 
	0x8c, 0x63, 0xa5, 0x29, 0x94, 0xa5, 0x94, 0xa5, 
	0xa5, 0x29, 0x94, 0xa5, 0x94, 0xa5, 0x8c, 0x63, 
	0x8c, 0x63, 0x94, 0xa5, 0x94, 0xa5, 0x8c, 0x63, 
	0x8c, 0x63, 0x73, 0x9d, 0x73, 0x9d, 0x73, 0x9d, 
	0x6b, 0x5b, 0x6b, 0x5b, 0x84, 0x21, 0x84, 0x21, 
	0x94, 0xa5, 0x8c, 0x63, 0x8c, 0x63, 0x84, 0x21, 
	0x84, 0x21, 0x84, 0x21, 0x84, 0x21, 0x8c, 0x63, 
	0x84, 0x21, 0x84, 0x21, 0x73, 0x9d, 0x6b, 0x5b, 
	0x63, 0x19, 0x6b, 0x5b, 0xb5, 0xad, 0xce, 0x73, 
	0xc6, 0x31, 0xb5, 0xad, 0xad, 0x6b, 0xa5, 0x29, 
	0xa5, 0x29, 0xad, 0x6b, 0xad, 0x6b, 0xad, 0x6b, 
	0xad, 0x6b, 0xad, 0x6b, 0xb5, 0xad, 0xa5, 0x29, 
	0x94, 0xa5, 0x94, 0xa5, 0xa5, 0x29, 0xb5, 0xad, 
	0xad, 0x6b, 0xa5, 0x29, 0xa5, 0x29, 0xad, 0x6b, 
	0xad, 0x6b, 0xa5, 0x29, 0x8c, 0x63, 0x8c, 0x63, 
	0x94, 0xa5, 0xad, 0x6b, 0xa5, 0x29, 0x94, 0xa5, 
	0x6b, 0x5b, 0x8c, 0x63, 0x8c, 0x63, 0x94, 0xa5, 
	0x94, 0xa5, 0x8c, 0x63, 0x84, 0x21, 0x84, 0x21, 
	0x8c, 0x63, 0x84, 0x21, 0x73, 0x9d, 0x6b, 0x5b, 
	0x6b, 0x5b, 0x6b, 0x5b, 0x6b, 0x5b, 0x63, 0x19, 
	0x6b, 0x5b, 0x6b, 0x5b, 0x73, 0x9d, 0x84, 0x21, 
	0x84, 0x21, 0x84, 0x21, 0x84, 0x21, 0x73, 0x9d, 
	0x73, 0x9d, 0x6b, 0x5b, 0x6b, 0x5b, 0x73, 0x9d, 
	0x73, 0x9d, 0x6b, 0x5b, 0x63, 0x19, 0x63, 0x19, 
	0x52, 0x95, 0x63, 0x19, 0x6b, 0x5b, 0x94, 0xa5, 
	0xb5, 0xad, 0xad, 0x6b, 0xad, 0x6b, 0xad, 0x6b, 
	0xa5, 0x29, 0xad, 0x6b, 0xa5, 0x29, 0xad, 0x6b, 
	0xa5, 0x29, 0xa5, 0x29, 0xa5, 0x29, 0xa5, 0x29, 
	0x94, 0xa5, 0x8c, 0x63, 0x84, 0x21, 0x8c, 0x63, 
	0x94, 0xa5, 0x94, 0xa5, 0xa5, 0x29, 0xb5, 0xad, 
	0xb5, 0xad, 0xa5, 0x29, 0x8c, 0x63, 0x8c, 0x63, 
	0x94, 0xa5, 0x8c, 0x63, 0x84, 0x21, 0x6b, 0x5b, 
	0x63, 0x19, 0x63, 0x19, 0x73, 0x9d, 0x84, 0x21, 
	0x84, 0x21, 0x73, 0x9d, 0x84, 0x21, 0x84, 0x21, 
	0x73, 0x9d, 0x73, 0x9d, 0x63, 0x19, 0x63, 0x19, 
	0x6b, 0x5b, 0x6b, 0x5b, 0x52, 0x95, 0x52, 0x95, 
	0x63, 0x19, 0x63, 0x19, 0x63, 0x19, 0x52, 0x95, 
	0x52, 0x95, 0x52, 0x95, 0x6b, 0x5b, 0x6b, 0x5b, 
	0x6b, 0x5b, 0x63, 0x19, 0x63, 0x19, 0x63, 0x19, 
	0x63, 0x19, 0x63, 0x19, 0x52, 0x95, 0x52, 0x95, 
	0x52, 0x95, 0x52, 0x95, 0x63, 0x19, 0x73, 0x9d, 
	0x94, 0xa5, 0xb5, 0xad, 0xb5, 0xad, 0xa5, 0x29, 
	0x84, 0x21, 0x84, 0x21, 0x8c, 0x63, 0x84, 0x21, 
	0x6b, 0x5b, 0x73, 0x9d, 0x84, 0x21, 0x84, 0x21, 
	0x84, 0x21, 0x73, 0x9d, 0x6b, 0x5b, 0x6b, 0x5b, 
	0x73, 0x9d, 0x84, 0x21, 0x84, 0x21, 0x94, 0xa5, 
	0x94, 0xa5, 0x84, 0x21, 0x8c, 0x63, 0x84, 0x21, 
	0x84, 0x21, 0x73, 0x9d, 0x52, 0x95, 0x52, 0x95, 
	0x6b, 0x5b, 0x52, 0x95, 0x52, 0x95, 0x6b, 0x5b, 
	0x6b, 0x5b, 0x73, 0x9d, 0x73, 0x9d, 0x84, 0x21, 
	0x84, 0x21, 0x6b, 0x5b, 0x63, 0x19, 0x63, 0x19, 
	0x6b, 0x5b, 0x6b, 0x5b, 0x6b, 0x5b, 0x6b, 0x5b, 
	0x63, 0x19, 0x63, 0x19, 0x63, 0x19, 0x63, 0x19, 
	0x63, 0x19, 0x63, 0x19, 0x6b, 0x5b, 0x63, 0x19, 
	0x52, 0x95, 0x52, 0x95, 0x52, 0x95, 0x63, 0x19, 
	0x6b, 0x5b, 0x6b, 0x5b, 0x63, 0x19, 0x63, 0x19, 
	0x52, 0x95, 0x63, 0x19, 0x52, 0x95, 0x63, 0x19, 
	0x73, 0x9d, 0x84, 0x21, 0x84, 0x21, 0x84, 0x21, 
	0x8c, 0x63, 0x73, 0x9d, 0x6b, 0x5b, 0x6b, 0x5b, 
	0x6b, 0x5b, 0x73, 0x9d, 0x73, 0x9d, 0x73, 0x9d, 
	0x6b, 0x5b, 0x52, 0x95, 0x52, 0x95, 0x63, 0x19, 
	0x6b, 0x5b, 0x6b, 0x5b, 0x6b, 0x5b, 0x6b, 0x5b, 
	0x6b, 0x5b, 0x6b, 0x5b, 0x73, 0x9d, 0x84, 0x21, 
	0x84, 0x21, 0x84, 0x21, 0x63, 0x19, 0x73, 0x9d, 
	0x73, 0x9d, 0x63, 0x19, 0x6b, 0x5b, 0x73, 0x9d, 
	0x73, 0x9d, 0x73, 0x9d, 0x73, 0x9d, 0x73, 0x9d, 
	0x84, 0x21, 0x73, 0x9d, 0x73, 0x9d, 0x6b, 0x5b, 
	0x6b, 0x5b, 0x6b, 0x5b, 0x63, 0x19, 0x73, 0x9d, 
	0x84, 0x21, 0x84, 0x21, 0x84, 0x21, 0x8c, 0x63, 
	0x94, 0xa5, 0xa5, 0x29, 0xa5, 0x29, 0x8c, 0x63, 
	0x73, 0x9d, 0x73, 0x9d, 0x73, 0x9d, 0x84, 0x21, 
	0x84, 0x21, 0x84, 0x21, 0x8c, 0x63, 0x94, 0xa5, 
	0x94, 0xa5, 0x8c, 0x63, 0x73, 0x9d, 0x84, 0x21, 
	0x94, 0xa5, 0x94, 0xa5, 0x84, 0x21, 0x73, 0x9d, 
	0xd6, 0xb5, 0xd6, 0xb5, 0xc6, 0x31, 0xad, 0x6b, 
	0xad, 0x6b, 0xa5, 0x29, 0xa5, 0x29, 0x94, 0xa5, 
	0x73, 0x9d, 0x63, 0x19, 0x63, 0x19, 0x6b, 0x5b, 
	0x73, 0x9d, 0x73, 0x9d, 0x73, 0x9d, 0x84, 0x21, 
	0x94, 0xa5, 0x94, 0xa5, 0x94, 0xa5, 0x8c, 0x63, 
	0x84, 0x21, 0x8c, 0x63, 0x8c, 0x63, 0x94, 0xa5, 
	0x94, 0xa5, 0x94, 0xa5, 0xa5, 0x29, 0x94, 0xa5, 
	0x94, 0xa5, 0x8c, 0x63, 0x84, 0x21, 0x84, 0x21, 
	0x94, 0xa5, 0x94, 0xa5, 0x94, 0xa5, 0x8c, 0x63, 
	0x84, 0x21, 0x84, 0x21, 0x84, 0x21, 0x84, 0x21, 
	0x8c, 0x63, 0x8c, 0x63, 0x73, 0x9d, 0x94, 0xa5, 
	0xb5, 0xad, 0xce, 0x73, 0xd6, 0xb5, 0xd6, 0xb5, 
	0xe7, 0x39, 0xe7, 0x39, 0xd6, 0xb5, 0xce, 0x73, 
	0xc6, 0x31, 0xc6, 0x31, 0xd6, 0xb5, 0xe7, 0x39, 
	0xd6, 0xb5, 0xd6, 0xb5, 0xd6, 0xb5, 0xd6, 0xb5, 
	0xce, 0x73, 0xce, 0x73, 0xd6, 0xb5, 0xd6, 0xb5, 
	0xe7, 0x39, 0xe7, 0x39, 0xd6, 0xb5, 0xd6, 0xb5, 
	0xce, 0x73, 0xc6, 0x31, 0xb5, 0xad, 0xa5, 0x29, 
	0x94, 0xa5, 0x8c, 0x63, 0x8c, 0x63, 0x94, 0xa5, 
	0xb5, 0xad, 0xc6, 0x31, 0xce, 0x73, 0xce, 0x73, 
	0xce, 0x73, 0xce, 0x73, 0xc6, 0x31, 0xc6, 0x31, 
	0xb5, 0xad, 0xc6, 0x31, 0xce, 0x73, 0xce, 0x73, 
	0xce, 0x73, 0xb5, 0xad, 0xb5, 0xad, 0xb5, 0xad, 
	0xc6, 0x31, 0xc6, 0x31, 0xc6, 0x31, 0xc6, 0x31, 
	0xce, 0x73, 0xd6, 0xb5, 0xce, 0x73, 0xb5, 0xad, 
	0xad, 0x6b, 0xb5, 0xad, 0xc6, 0x31, 0xc6, 0x31, 
	0xc6, 0x31, 0xb5, 0xad, 0xad, 0x6b, 0xc6, 0x31, 
	0xe7, 0x39, 0xe7, 0x39, 0xe7, 0x39, 0xe7, 0x39, 
	0xe7, 0x39, 0xe7, 0x39, 0xe7, 0x39, 0xe7, 0x39, 
	0xe7, 0x39, 0xe7, 0x39, 0xe7, 0x39, 0xe7, 0x39, 
	0xe7, 0x39, 0xe7, 0x39, 0xe7, 0x39, 0xe7, 0x39, 
	0xe7, 0x39, 0xe7, 0x39, 0xe7, 0x39, 0xe7, 0x39, 
	0xe7, 0x39, 0xd6, 0xb5, 0xce, 0x73, 0xd6, 0xb5, 
	0xce, 0x73, 0xc6, 0x31, 0xb5, 0xad, 0xad, 0x6b, 
	0x94, 0xa5, 0x84, 0x21, 0x73, 0x9d, 0x94, 0xa5, 
	0xc6, 0x31, 0xd6, 0xb5, 0xe7, 0x39, 0xe7, 0x39, 
	0xe7, 0x39, 0xe7, 0x39, 0xe7, 0x39, 0xe7, 0x39, 
	0xe7, 0x39, 0xe7, 0x39, 0xe7, 0x39, 0xe7, 0x39, 
	0xe7, 0x39, 0xce, 0x73, 0xce, 0x73, 0xce, 0x73, 
	0xd6, 0xb5, 0xe7, 0x39, 0xe7, 0x39, 0xe7, 0x39, 
	0xe7, 0x39, 0xe7, 0x39, 0xe7, 0x39, 0xc6, 0x31, 
	0xc6, 0x31, 0xd6, 0xb5, 0xe7, 0x39, 0xe7, 0x39, 
	0xd6, 0xb5, 0xb5, 0xad, 0xce, 0x73, 0xe7, 0x39, 
	0xe7, 0x39, 0xe7, 0x39, 0xe7, 0x39, 0xe7, 0x39, 
	0xe7, 0x39, 0xe7, 0x39, 0xe7, 0x39, 0xe7, 0x39, 
	0xe7, 0x39, 0xe7, 0x39, 0xe7, 0x39, 0xe7, 0x39, 
	0xe7, 0x39, 0xe7, 0x39, 0xe7, 0x39, 0xe7, 0x39, 
	0xe7, 0x39, 0xe7, 0x39, 0xe7, 0x39, 0xe7, 0x39, 
	0xe7, 0x39, 0xe7, 0x39, 0xe7, 0x39, 0xe7, 0x39, 
	0xe7, 0x39, 0xe7, 0x39, 0xe7, 0x39, 0xd6, 0xb5, 
	0xad, 0x6b, 0x84, 0x21, 0x94, 0xa5, 0xc6, 0x31, 
	0xce, 0x73, 0xd6, 0xb5, 0xe7, 0x39, 0xd6, 0xb5, 
	0xe7, 0x39, 0xe7, 0x39, 0xd6, 0xb5, 0xd6, 0xb5, 
	0xe7, 0x39, 0xd6, 0xb5, 0xd6, 0xb5, 0xd6, 0xb5, 
	0xd6, 0xb5, 0xe7, 0x39, 0xe7, 0x39, 0xe7, 0x39, 
	0xd6, 0xb5, 0xd6, 0xb5, 0xd6, 0xb5, 0xd6, 0xb5, 
	0xe7, 0x39, 0xe7, 0x39, 0xe7, 0x39, 0xe7, 0x39, 
	0xd6, 0xb5, 0xd6, 0xb5, 0xd6, 0xb5, 0xd6, 0xb5, 
	0xce, 0x73, 0xad, 0x6b, 0xc6, 0x31, 0xe7, 0x39, 
	0xe7, 0x39, 0xe7, 0x39, 0xe7, 0x39, 0xe7, 0x39, 
	0xe7, 0x39, 0xe7, 0x39, 0xe7, 0x39, 0xd6, 0xb5, 
	0xd6, 0xb5, 0xd6, 0xb5, 0xd6, 0xb5, 0xd6, 0xb5, 
	0xe7, 0x39, 0xe7, 0x39, 0xe7, 0x39, 0xd6, 0xb5, 
	0xce, 0x73, 0xd6, 0xb5, 0xe7, 0x39, 0xe7, 0x39, 
	0xd6, 0xb5, 0xd6, 0xb5, 0xd6, 0xb5, 0xe7, 0x39, 
	0xe7, 0x39, 0xe7, 0x39, 0xe7, 0x39, 0xce, 0x73, 
	0xa5, 0x29, 0x73, 0x9d, 0x8c, 0x63, 0xb5, 0xad, 
	0xb5, 0xad, 0xb5, 0xad, 0xce, 0x73, 0xd6, 0xb5, 
	0xe7, 0x39, 0xe7, 0x39, 0xe7, 0x39, 0xe7, 0x39, 
	0xe7, 0x39, 0xe7, 0x39, 0xce, 0x73, 0xd6, 0xb5, 
	0xe7, 0x39, 0xd6, 0xb5, 0xd6, 0xb5, 0xd6, 0xb5, 
	0xce, 0x73, 0xce, 0x73, 0xce, 0x73, 0xce, 0x73, 
	0xce, 0x73, 0xd6, 0xb5, 0xd6, 0xb5, 0xd6, 0xb5, 
	0xd6, 0xb5, 0xce, 0x73, 0xce, 0x73, 0xce, 0x73, 
	0xce, 0x73, 0xad, 0x6b, 0xb5, 0xad, 0xce, 0x73, 
	0xe7, 0x39, 0xe7, 0x39, 0xe7, 0x39, 0xe7, 0x39, 
	0xe7, 0x39, 0xe7, 0x39, 0xe7, 0x39, 0xd6, 0xb5, 
	0xce, 0x73, 0xc6, 0x31, 0xc6, 0x31, 0xd6, 0xb5, 
	0xe7, 0x39, 0xe7, 0x39, 0xe7, 0x39, 0xd6, 0xb5, 
	0xd6, 0xb5, 0xd6, 0xb5, 0xe7, 0x39, 0xe7, 0x39, 
	0xad, 0x6b, 0x94, 0xa5, 0x94, 0xa5, 0xc6, 0x31, 
	0xc6, 0x31, 0xc6, 0x31, 0xc6, 0x31, 0xb5, 0xad, 
	0x8c, 0x63, 0x63, 0x19, 0x84, 0x21, 0xad, 0x6b, 
	0xb5, 0xad, 0xb5, 0xad, 0xce, 0x73, 0xe7, 0x39, 
	0xe7, 0x39, 0xd6, 0xb5, 0xd6, 0xb5, 0xd6, 0xb5, 
	0xd6, 0xb5, 0xd6, 0xb5, 0xce, 0x73, 0xd6, 0xb5, 
	0xce, 0x73, 0xc6, 0x31, 0xc6, 0x31, 0xc6, 0x31, 
	0xc6, 0x31, 0xc6, 0x31, 0xce, 0x73, 0xd6, 0xb5, 
	0xc6, 0x31, 0xb5, 0xad, 0xc6, 0x31, 0xc6, 0x31, 
	0xd6, 0xb5, 0xe7, 0x39, 0xe7, 0x39, 0xe7, 0x39, 
	0xe7, 0x39, 0xad, 0x6b, 0xc6, 0x31, 0xd6, 0xb5, 
	0xd6, 0xb5, 0xe7, 0x39, 0xe7, 0x39, 0xe7, 0x39, 
	0xd6, 0xb5, 0xd6, 0xb5, 0xe7, 0x39, 0xe7, 0x39, 
	0xe7, 0x39, 0xd6, 0xb5, 0xd6, 0xb5, 0xd6, 0xb5, 
	0xce, 0x73, 0xce, 0x73, 0xd6, 0xb5, 0xc6, 0x31, 
	0xc6, 0x31, 0xad, 0x6b, 0xad, 0x6b, 0xc6, 0x31, 
	0x8c, 0x63, 0x73, 0x9d, 0xa5, 0x29, 0xce, 0x73, 
	0xb5, 0xad, 0xb5, 0xad, 0xc6, 0x31, 0xb5, 0xad, 
	0x8c, 0x63, 0x63, 0x19, 0x84, 0x21, 0xb5, 0xad, 
	0xc6, 0x31, 0xb5, 0xad, 0xc6, 0x31, 0xb5, 0xad, 
	0xc6, 0x31, 0xc6, 0x31, 0xce, 0x73, 0xce, 0x73, 
	0xd6, 0xb5, 0xe7, 0x39, 0xce, 0x73, 0xc6, 0x31, 
	0xc6, 0x31, 0xb5, 0xad, 0xa5, 0x29, 0xa5, 0x29, 
	0xad, 0x6b, 0xad, 0x6b, 0xad, 0x6b, 0xad, 0x6b, 
	0xad, 0x6b, 0xa5, 0x29, 0xa5, 0x29, 0xad, 0x6b, 
	0xce, 0x73, 0xe7, 0x39, 0xe7, 0x39, 0xe7, 0x39, 
	0xe7, 0x39, 0xa5, 0x29, 0xad, 0x6b, 0xce, 0x73, 
	0xb5, 0xad, 0xc6, 0x31, 0xc6, 0x31, 0xc6, 0x31, 
	0xce, 0x73, 0xd6, 0xb5, 0xd6, 0xb5, 0xce, 0x73, 
	0xc6, 0x31, 0xc6, 0x31, 0xc6, 0x31, 0xce, 0x73, 
	0xce, 0x73, 0xce, 0x73, 0xce, 0x73, 0xb5, 0xad, 
	0xad, 0x6b, 0xa5, 0x29, 0xa5, 0x29, 0xad, 0x6b, 
	0x94, 0xa5, 0x73, 0x9d, 0xad, 0x6b, 0xce, 0x73, 
	0xc6, 0x31, 0xb5, 0xad, 0xb5, 0xad, 0xc6, 0x31, 
	0xa5, 0x29, 0x73, 0x9d, 0x8c, 0x63, 0xb5, 0xad, 
	0xb5, 0xad, 0xad, 0x6b, 0xb5, 0xad, 0xb5, 0xad, 
	0xd6, 0xb5, 0xe7, 0x39, 0xe7, 0x39, 0xd6, 0xb5, 
	0xd6, 0xb5, 0xd6, 0xb5, 0xad, 0x6b, 0xb5, 0xad, 
	0xc6, 0x31, 0xb5, 0xad, 0xa5, 0x29, 0xad, 0x6b, 
	0xb5, 0xad, 0xb5, 0xad, 0xb5, 0xad, 0xa5, 0x29, 
	0x8c, 0x63, 0x94, 0xa5, 0xa5, 0x29, 0xad, 0x6b, 
	0xb5, 0xad, 0xb5, 0xad, 0xd6, 0xb5, 0xd6, 0xb5, 
	0xb5, 0xad, 0x94, 0xa5, 0xa5, 0x29, 0xb5, 0xad, 
	0x84, 0x21, 0x8c, 0x63, 0x94, 0xa5, 0xa5, 0x29, 
	0xad, 0x6b, 0xc6, 0x31, 0xd6, 0xb5, 0xd6, 0xb5, 
	0xce, 0x73, 0xc6, 0x31, 0xb5, 0xad, 0xc6, 0x31, 
	0xc6, 0x31, 0xce, 0x73, 0xb5, 0xad, 0x94, 0xa5, 
	0x8c, 0x63, 0x84, 0x21, 0x84, 0x21, 0x84, 0x21, 
	0xad, 0x6b, 0xad, 0x6b, 0xb5, 0xad, 0xc6, 0x31, 
	0xc6, 0x31, 0xb5, 0xad, 0xb5, 0xad, 0xb5, 0xad, 
	0x94, 0xa5, 0x6b, 0x5b, 0x73, 0x9d, 0x8c, 0x63, 
	0x8c, 0x63, 0x94, 0xa5, 0xa5, 0x29, 0xad, 0x6b, 
	0xce, 0x73, 0xe7, 0x39, 0xe7, 0x39, 0xe7, 0x39, 
	0xe7, 0x39, 0xe7, 0x39, 0xa5, 0x29, 0xb5, 0xad, 
	0xb5, 0xad, 0xce, 0x73, 0xb5, 0xad, 0x94, 0xa5, 
	0x94, 0xa5, 0x94, 0xa5, 0xa5, 0x29, 0x94, 0xa5, 
	0x94, 0xa5, 0xa5, 0x29, 0xc6, 0x31, 0xc6, 0x31, 
	0xb5, 0xad, 0xb5, 0xad, 0xc6, 0x31, 0xb5, 0xad, 
	0x94, 0xa5, 0x84, 0x21, 0x8c, 0x63, 0xa5, 0x29, 
	0x73, 0x9d, 0x84, 0x21, 0x84, 0x21, 0x8c, 0x63, 
	0x94, 0xa5, 0xb5, 0xad, 0xc6, 0x31, 0xc6, 0x31, 
	0xb5, 0xad, 0xb5, 0xad, 0xc6, 0x31, 0xce, 0x73, 
	0xc6, 0x31, 0xad, 0x6b, 0xa5, 0x29, 0x94, 0xa5, 
	0xa5, 0x29, 0x94, 0xa5, 0x94, 0xa5, 0x94, 0xa5, 
	0xad, 0x6b, 0xb5, 0xad, 0xa5, 0x29, 0xb5, 0xad, 
	0xb5, 0xad, 0xb5, 0xad, 0xb5, 0xad, 0x94, 0xa5, 
	0x73, 0x9d, 0x63, 0x19, 0x6b, 0x5b, 0x73, 0x9d, 
	0x73, 0x9d, 0x8c, 0x63, 0x94, 0xa5, 0x94, 0xa5, 
	0xb5, 0xad, 0xc6, 0x31, 0xd6, 0xb5, 0xd6, 0xb5, 
	0xe7, 0x39, 0xe7, 0x39, 0xd6, 0xb5, 0xc6, 0x31, 
	0xad, 0x6b, 0xb5, 0xad, 0xb5, 0xad, 0xce, 0x73, 
	0xce, 0x73, 0xb5, 0xad, 0xb5, 0xad, 0xb5, 0xad, 
	0xad, 0x6b, 0xad, 0x6b, 0xc6, 0x31, 0xb5, 0xad, 
	0xa5, 0x29, 0xb5, 0xad, 0xc6, 0x31, 0xa5, 0x29, 
	0x6b, 0x5b, 0x73, 0x9d, 0x84, 0x21, 0xa5, 0x29, 
	0x84, 0x21, 0x8c, 0x63, 0x94, 0xa5, 0x94, 0xa5, 
	0xa5, 0x29, 0xad, 0x6b, 0xad, 0x6b, 0xa5, 0x29, 
	0x94, 0xa5, 0xad, 0x6b, 0xb5, 0xad, 0xb5, 0xad, 
	0xb5, 0xad, 0x94, 0xa5, 0x84, 0x21, 0x8c, 0x63, 
	0x94, 0xa5, 0x94, 0xa5, 0xa5, 0x29, 0xad, 0x6b, 
	0xad, 0x6b, 0xad, 0x6b, 0xad, 0x6b, 0xb5, 0xad, 
	0xb5, 0xad, 0xa5, 0x29, 0x94, 0xa5, 0x8c, 0x63, 
	0x84, 0x21, 0x73, 0x9d, 0x84, 0x21, 0x73, 0x9d, 
	0x73, 0x9d, 0x8c, 0x63, 0x94, 0xa5, 0x84, 0x21, 
	0x94, 0xa5, 0xa5, 0x29, 0xc6, 0x31, 0xb5, 0xad, 
	0xc6, 0x31, 0xc6, 0x31, 0xb5, 0xad, 0xad, 0x6b, 
	0xad, 0x6b, 0xc6, 0x31, 0xc6, 0x31, 0xd6, 0xb5, 
	0xd6, 0xb5, 0xb5, 0xad, 0xad, 0x6b, 0xb5, 0xad, 
	0xc6, 0x31, 0xb5, 0xad, 0xad, 0x6b, 0x94, 0xa5, 
	0x94, 0xa5, 0xad, 0x6b, 0xb5, 0xad, 0x84, 0x21, 
	0x6b, 0x5b, 0x6b, 0x5b, 0x84, 0x21, 0xa5, 0x29, 
	0x94, 0xa5, 0x8c, 0x63, 0xa5, 0x29, 0xb5, 0xad, 
	0xb5, 0xad, 0xb5, 0xad, 0xb5, 0xad, 0xad, 0x6b, 
	0xad, 0x6b, 0xa5, 0x29, 0xa5, 0x29, 0x94, 0xa5, 
	0x8c, 0x63, 0x8c, 0x63, 0x84, 0x21, 0x8c, 0x63, 
	0x8c, 0x63, 0x84, 0x21, 0x8c, 0x63, 0x8c, 0x63, 
	0x94, 0xa5, 0x94, 0xa5, 0x94, 0xa5, 0xad, 0x6b, 
	0xb5, 0xad, 0x94, 0xa5, 0x84, 0x21, 0x8c, 0x63, 
	0x73, 0x9d, 0x63, 0x19, 0x6b, 0x5b, 0x6b, 0x5b, 
	0x84, 0x21, 0xa5, 0x29, 0x94, 0xa5, 0x84, 0x21, 
	0x94, 0xa5, 0x94, 0xa5, 0xb5, 0xad, 0xb5, 0xad, 
	0x94, 0xa5, 0x94, 0xa5, 0xa5, 0x29, 0x8c, 0x63, 
	0x8c, 0x63, 0x94, 0xa5, 0x94, 0xa5, 0x8c, 0x63, 
	0x8c, 0x63, 0x8c, 0x63, 0x8c, 0x63, 0x94, 0xa5, 
	0xa5, 0x29, 0x94, 0xa5, 0x94, 0xa5, 0x8c, 0x63, 
	0x84, 0x21, 0x8c, 0x63, 0x94, 0xa5, 0x84, 0x21, 
	0x6b, 0x5b, 0x73, 0x9d, 0x94, 0xa5, 0xa5, 0x29, 
	0xad, 0x6b, 0xad, 0x6b, 0xa5, 0x29, 0xb5, 0xad, 
	0xb5, 0xad, 0xa5, 0x29, 0xa5, 0x29, 0xa5, 0x29, 
	0x8c, 0x63, 0x94, 0xa5, 0xa5, 0x29, 0xa5, 0x29, 
	0x94, 0xa5, 0xa5, 0x29, 0xa5, 0x29, 0xa5, 0x29, 
	0xa5, 0x29, 0x8c, 0x63, 0x8c, 0x63, 0x8c, 0x63, 
	0x6b, 0x5b, 0x6b, 0x5b, 0x73, 0x9d, 0x84, 0x21, 
	0x84, 0x21, 0x84, 0x21, 0x84, 0x21, 0x94, 0xa5, 
	0x73, 0x9d, 0x63, 0x19, 0x84, 0x21, 0x84, 0x21, 
	0x84, 0x21, 0x84, 0x21, 0x84, 0x21, 0x6b, 0x5b, 
	0x63, 0x19, 0x63, 0x19, 0x73, 0x9d, 0x73, 0x9d, 
	0x73, 0x9d, 0x63, 0x19, 0x84, 0x21, 0x63, 0x19, 
	0x6b, 0x5b, 0x84, 0x21, 0x73, 0x9d, 0x73, 0x9d, 
	0x84, 0x21, 0x84, 0x21, 0x94, 0xa5, 0x94, 0xa5, 
	0x84, 0x21, 0x73, 0x9d, 0x6b, 0x5b, 0x73, 0x9d, 
	0x73, 0x9d, 0x73, 0x9d, 0x73, 0x9d, 0x63, 0x19, 
	0x52, 0x95, 0x52, 0x95, 0x52, 0x95, 0x73, 0x9d, 
	0x94, 0xa5, 0x94, 0xa5, 0x73, 0x9d, 0x63, 0x19, 
	0x63, 0x19, 0x63, 0x19, 0x6b, 0x5b, 0x6b, 0x5b, 
	0x52, 0x95, 0x52, 0x95, 0x73, 0x9d, 0x84, 0x21, 
	0x8c, 0x63, 0x8c, 0x63, 0x84, 0x21, 0x84, 0x21, 
	0x84, 0x21, 0x6b, 0x5b, 0x63, 0x19, 0x52, 0x95, 
	0x52, 0x95, 0x6b, 0x5b, 0x73, 0x9d, 0x94, 0xa5, 
	0x84, 0x21, 0x6b, 0x5b, 0x73, 0x9d, 0x8c, 0x63, 
	0x8c, 0x63, 0x8c, 0x63, 0x8c, 0x63, 0x8c, 0x63, 
	0x84, 0x21, 0x84, 0x21, 0x8c, 0x63, 0x8c, 0x63, 
	0x94, 0xa5, 0x94, 0xa5, 0x8c, 0x63, 0x8c, 0x63, 
	0x8c, 0x63, 0x8c, 0x63, 0x8c, 0x63, 0x73, 0x9d, 
	0x73, 0x9d, 0x84, 0x21, 0x84, 0x21, 0x84, 0x21, 
	0x73, 0x9d, 0x8c, 0x63, 0x8c, 0x63, 0x84, 0x21, 
	0x84, 0x21, 0x6b, 0x5b, 0x73, 0x9d, 0x84, 0x21, 
	0x84, 0x21, 0x73, 0x9d, 0x6b, 0x5b, 0x6b, 0x5b, 
	0x52, 0x95, 0x52, 0x95, 0x52, 0x95, 0x63, 0x19, 
	0x73, 0x9d, 0x73, 0x9d, 0x63, 0x19, 0x52, 0x95, 
	0x52, 0x95, 0x52, 0x95, 0x52, 0x95, 0x52, 0x95, 
	0x52, 0x95, 0x52, 0x95, 0x73, 0x9d, 0x73, 0x9d, 
	0x63, 0x19, 0x6b, 0x5b, 0x84, 0x21, 0x84, 0x21, 
	0x8c, 0x63, 0x73, 0x9d, 0x8c, 0x63, 0x52, 0x95, 
	
};

Gfx hyrule_dl_rock_side_2_rgba16_aligner[] = {gsSPEndDisplayList()};
u8 hyrule_dl_rock_side_2_rgba16[] = {
	0x84, 0x21, 0xad, 0x6b, 0xa5, 0x29, 0x94, 0xa5, 
	0x94, 0xa5, 0xad, 0x6b, 0xb5, 0xad, 0xc6, 0x31, 
	0xb5, 0xad, 0xce, 0x73, 0xce, 0x73, 0xd6, 0xb5, 
	0xe7, 0x39, 0xe7, 0x39, 0xe7, 0x39, 0xe7, 0x39, 
	0xe7, 0x39, 0xe7, 0x39, 0xe7, 0x39, 0xe7, 0x39, 
	0xe7, 0x39, 0xd6, 0xb5, 0xd6, 0xb5, 0xce, 0x73, 
	0xc6, 0x31, 0xc6, 0x31, 0xb5, 0xad, 0xa5, 0x29, 
	0x8c, 0x63, 0x94, 0xa5, 0xa5, 0x29, 0xb5, 0xad, 
	0xc6, 0x31, 0xb5, 0xad, 0xc6, 0x31, 0xce, 0x73, 
	0xe7, 0x39, 0xe7, 0x39, 0xe7, 0x39, 0xe7, 0x39, 
	0xe7, 0x39, 0xe7, 0x39, 0xe7, 0x39, 0xd6, 0xb5, 
	0xce, 0x73, 0xce, 0x73, 0xc6, 0x31, 0xce, 0x73, 
	0xce, 0x73, 0xce, 0x73, 0xd6, 0xb5, 0xd6, 0xb5, 
	0xd6, 0xb5, 0xe7, 0x39, 0xce, 0x73, 0xad, 0x6b, 
	0xa5, 0x29, 0xa5, 0x29, 0xb5, 0xad, 0xb5, 0xad, 
	0xc6, 0x31, 0xc6, 0x31, 0xce, 0x73, 0xe7, 0x39, 
	0xe7, 0x39, 0xce, 0x73, 0xc6, 0x31, 0xc6, 0x31, 
	0xb5, 0xad, 0xb5, 0xad, 0xa5, 0x29, 0xa5, 0x29, 
	0xad, 0x6b, 0xce, 0x73, 0xe7, 0x39, 0xd6, 0xb5, 
	0xd6, 0xb5, 0xd6, 0xb5, 0xce, 0x73, 0xce, 0x73, 
	0xce, 0x73, 0xc6, 0x31, 0xce, 0x73, 0xce, 0x73, 
	0xd6, 0xb5, 0xe7, 0x39, 0xe7, 0x39, 0xe7, 0x39, 
	0xe7, 0x39, 0xe7, 0x39, 0xe7, 0x39, 0xe7, 0x39, 
	0xce, 0x73, 0xc6, 0x31, 0xb5, 0xad, 0xc6, 0x31, 
	0xb5, 0xad, 0xa5, 0x29, 0x94, 0xa5, 0x8c, 0x63, 
	0xa5, 0x29, 0xb5, 0xad, 0xc6, 0x31, 0xc6, 0x31, 
	0xce, 0x73, 0xd6, 0xb5, 0xd6, 0xb5, 0xe7, 0x39, 
	0xe7, 0x39, 0xe7, 0x39, 0xe7, 0x39, 0xe7, 0x39, 
	0xe7, 0x39, 0xe7, 0x39, 0xe7, 0x39, 0xe7, 0x39, 
	0xd6, 0xb5, 0xce, 0x73, 0xce, 0x73, 0xb5, 0xad, 
	0xc6, 0x31, 0xb5, 0xad, 0xad, 0x6b, 0x94, 0xa5, 
	0x94, 0xa5, 0xa5, 0x29, 0xad, 0x6b, 0x84, 0x21, 
	0x84, 0x21, 0xc6, 0x31, 0xd6, 0xb5, 0xce, 0x73, 
	0xc6, 0x31, 0xce, 0x73, 0xce, 0x73, 0xd6, 0xb5, 
	0xe7, 0x39, 0xe7, 0x39, 0xe7, 0x39, 0xe7, 0x39, 
	0xe7, 0x39, 0xe7, 0x39, 0xe7, 0x39, 0xe7, 0x39, 
	0xe7, 0x39, 0xe7, 0x39, 0xe7, 0x39, 0xe7, 0x39, 
	0xe7, 0x39, 0xe7, 0x39, 0xe7, 0x39, 0xe7, 0x39, 
	0xe7, 0x39, 0xe7, 0x39, 0xe7, 0x39, 0xd6, 0xb5, 
	0xb5, 0xad, 0x8c, 0x63, 0xb5, 0xad, 0xce, 0x73, 
	0xd6, 0xb5, 0xd6, 0xb5, 0xe7, 0x39, 0xe7, 0x39, 
	0xe7, 0x39, 0xe7, 0x39, 0xe7, 0x39, 0xe7, 0x39, 
	0xe7, 0x39, 0xe7, 0x39, 0xe7, 0x39, 0xe7, 0x39, 
	0xe7, 0x39, 0xe7, 0x39, 0xd6, 0xb5, 0xd6, 0xb5, 
	0xe7, 0x39, 0xe7, 0x39, 0xe7, 0x39, 0xe7, 0x39, 
	0xe7, 0x39, 0xe7, 0x39, 0xe7, 0x39, 0xad, 0x6b, 
	0xa5, 0x29, 0xb5, 0xad, 0xc6, 0x31, 0xce, 0x73, 
	0xce, 0x73, 0xc6, 0x31, 0xce, 0x73, 0xe7, 0x39, 
	0xe7, 0x39, 0xce, 0x73, 0xc6, 0x31, 0xce, 0x73, 
	0xce, 0x73, 0xc6, 0x31, 0xb5, 0xad, 0xa5, 0x29, 
	0xad, 0x6b, 0xe7, 0x39, 0xe7, 0x39, 0xe7, 0x39, 
	0xe7, 0x39, 0xe7, 0x39, 0xe7, 0x39, 0xe7, 0x39, 
	0xd6, 0xb5, 0xd6, 0xb5, 0xe7, 0x39, 0xe7, 0x39, 
	0xe7, 0x39, 0xe7, 0x39, 0xe7, 0x39, 0xe7, 0x39, 
	0xe7, 0x39, 0xe7, 0x39, 0xe7, 0x39, 0xe7, 0x39, 
	0xe7, 0x39, 0xe7, 0x39, 0xd6, 0xb5, 0xd6, 0xb5, 
	0xce, 0x73, 0xb5, 0xad, 0x8c, 0x63, 0xb5, 0xad, 
	0xd6, 0xb5, 0xe7, 0x39, 0xe7, 0x39, 0xe7, 0x39, 
	0xe7, 0x39, 0xe7, 0x39, 0xe7, 0x39, 0xe7, 0x39, 
	0xe7, 0x39, 0xe7, 0x39, 0xe7, 0x39, 0xe7, 0x39, 
	0xe7, 0x39, 0xe7, 0x39, 0xe7, 0x39, 0xe7, 0x39, 
	0xe7, 0x39, 0xe7, 0x39, 0xe7, 0x39, 0xe7, 0x39, 
	0xd6, 0xb5, 0xce, 0x73, 0xce, 0x73, 0xc6, 0x31, 
	0xce, 0x73, 0xd6, 0xb5, 0xc6, 0x31, 0x84, 0x21, 
	0x84, 0x21, 0xc6, 0x31, 0xd6, 0xb5, 0xd6, 0xb5, 
	0xce, 0x73, 0xce, 0x73, 0xce, 0x73, 0xd6, 0xb5, 
	0xe7, 0x39, 0xe7, 0x39, 0xe7, 0x39, 0xe7, 0x39, 
	0xe7, 0x39, 0xe7, 0x39, 0xd6, 0xb5, 0xd6, 0xb5, 
	0xe7, 0x39, 0xe7, 0x39, 0xe7, 0x39, 0xe7, 0x39, 
	0xe7, 0x39, 0xe7, 0x39, 0xe7, 0x39, 0xe7, 0x39, 
	0xe7, 0x39, 0xe7, 0x39, 0xe7, 0x39, 0xd6, 0xb5, 
	0xce, 0x73, 0x94, 0xa5, 0xce, 0x73, 0xe7, 0x39, 
	0xe7, 0x39, 0xe7, 0x39, 0xe7, 0x39, 0xe7, 0x39, 
	0xe7, 0x39, 0xe7, 0x39, 0xe7, 0x39, 0xe7, 0x39, 
	0xe7, 0x39, 0xe7, 0x39, 0xe7, 0x39, 0xe7, 0x39, 
	0xe7, 0x39, 0xe7, 0x39, 0xe7, 0x39, 0xe7, 0x39, 
	0xe7, 0x39, 0xe7, 0x39, 0xe7, 0x39, 0xe7, 0x39, 
	0xe7, 0x39, 0xe7, 0x39, 0xd6, 0xb5, 0x94, 0xa5, 
	0x84, 0x21, 0xad, 0x6b, 0xc6, 0x31, 0xce, 0x73, 
	0xce, 0x73, 0xce, 0x73, 0xd6, 0xb5, 0xe7, 0x39, 
	0xe7, 0x39, 0xd6, 0xb5, 0xce, 0x73, 0xce, 0x73, 
	0xce, 0x73, 0xc6, 0x31, 0xad, 0x6b, 0x84, 0x21, 
	0x94, 0xa5, 0xd6, 0xb5, 0xe7, 0x39, 0xe7, 0x39, 
	0xe7, 0x39, 0xe7, 0x39, 0xe7, 0x39, 0xe7, 0x39, 
	0xe7, 0x39, 0xe7, 0x39, 0xe7, 0x39, 0xe7, 0x39, 
	0xe7, 0x39, 0xe7, 0x39, 0xe7, 0x39, 0xe7, 0x39, 
	0xe7, 0x39, 0xe7, 0x39, 0xe7, 0x39, 0xe7, 0x39, 
	0xe7, 0x39, 0xe7, 0x39, 0xe7, 0x39, 0xe7, 0x39, 
	0xe7, 0x39, 0xce, 0x73, 0x94, 0xa5, 0xce, 0x73, 
	0xd6, 0xb5, 0xe7, 0x39, 0xe7, 0x39, 0xe7, 0x39, 
	0xe7, 0x39, 0xe7, 0x39, 0xe7, 0x39, 0xe7, 0x39, 
	0xe7, 0x39, 0xe7, 0x39, 0xe7, 0x39, 0xe7, 0x39, 
	0xd6, 0xb5, 0xd6, 0xb5, 0xe7, 0x39, 0xe7, 0x39, 
	0xe7, 0x39, 0xe7, 0x39, 0xe7, 0x39, 0xe7, 0x39, 
	0xd6, 0xb5, 0xce, 0x73, 0xce, 0x73, 0xce, 0x73, 
	0xd6, 0xb5, 0xd6, 0xb5, 0xc6, 0x31, 0x84, 0x21, 
	0x8c, 0x63, 0xce, 0x73, 0xd6, 0xb5, 0xce, 0x73, 
	0xce, 0x73, 0xd6, 0xb5, 0xce, 0x73, 0xce, 0x73, 
	0xe7, 0x39, 0xe7, 0x39, 0xe7, 0x39, 0xd6, 0xb5, 
	0xe7, 0x39, 0xe7, 0x39, 0xe7, 0x39, 0xe7, 0x39, 
	0xe7, 0x39, 0xe7, 0x39, 0xe7, 0x39, 0xe7, 0x39, 
	0xd6, 0xb5, 0xd6, 0xb5, 0xd6, 0xb5, 0xce, 0x73, 
	0xce, 0x73, 0xe7, 0x39, 0xe7, 0x39, 0xe7, 0x39, 
	0xe7, 0x39, 0xad, 0x6b, 0xce, 0x73, 0xd6, 0xb5, 
	0xce, 0x73, 0xd6, 0xb5, 0xe7, 0x39, 0xe7, 0x39, 
	0xe7, 0x39, 0xd6, 0xb5, 0xe7, 0x39, 0xe7, 0x39, 
	0xe7, 0x39, 0xe7, 0x39, 0xe7, 0x39, 0xe7, 0x39, 
	0xe7, 0x39, 0xe7, 0x39, 0xe7, 0x39, 0xe7, 0x39, 
	0xe7, 0x39, 0xe7, 0x39, 0xe7, 0x39, 0xe7, 0x39, 
	0xe7, 0x39, 0xe7, 0x39, 0xd6, 0xb5, 0x8c, 0x63, 
	0x84, 0x21, 0xad, 0x6b, 0xc6, 0x31, 0xc6, 0x31, 
	0xce, 0x73, 0xce, 0x73, 0xd6, 0xb5, 0xd6, 0xb5, 
	0xd6, 0xb5, 0xd6, 0xb5, 0xce, 0x73, 0xce, 0x73, 
	0xc6, 0x31, 0xc6, 0x31, 0xad, 0x6b, 0x84, 0x21, 
	0x8c, 0x63, 0xd6, 0xb5, 0xe7, 0x39, 0xe7, 0x39, 
	0xe7, 0x39, 0xe7, 0x39, 0xe7, 0x39, 0xe7, 0x39, 
	0xe7, 0x39, 0xe7, 0x39, 0xe7, 0x39, 0xe7, 0x39, 
	0xe7, 0x39, 0xe7, 0x39, 0xe7, 0x39, 0xe7, 0x39, 
	0xe7, 0x39, 0xe7, 0x39, 0xd6, 0xb5, 0xe7, 0x39, 
	0xe7, 0x39, 0xe7, 0x39, 0xd6, 0xb5, 0xce, 0x73, 
	0xd6, 0xb5, 0xce, 0x73, 0xad, 0x6b, 0xe7, 0x39, 
	0xe7, 0x39, 0xe7, 0x39, 0xe7, 0x39, 0xce, 0x73, 
	0xce, 0x73, 0xd6, 0xb5, 0xd6, 0xb5, 0xd6, 0xb5, 
	0xe7, 0x39, 0xe7, 0x39, 0xe7, 0x39, 0xe7, 0x39, 
	0xe7, 0x39, 0xe7, 0x39, 0xe7, 0x39, 0xe7, 0x39, 
	0xd6, 0xb5, 0xe7, 0x39, 0xe7, 0x39, 0xe7, 0x39, 
	0xce, 0x73, 0xce, 0x73, 0xd6, 0xb5, 0xce, 0x73, 
	0xce, 0x73, 0xd6, 0xb5, 0xce, 0x73, 0x8c, 0x63, 
	0x94, 0xa5, 0xce, 0x73, 0xd6, 0xb5, 0xc6, 0x31, 
	0xb5, 0xad, 0xc6, 0x31, 0xc6, 0x31, 0xce, 0x73, 
	0xce, 0x73, 0xce, 0x73, 0xd6, 0xb5, 0xd6, 0xb5, 
	0xd6, 0xb5, 0xe7, 0x39, 0xe7, 0x39, 0xe7, 0x39, 
	0xd6, 0xb5, 0xd6, 0xb5, 0xd6, 0xb5, 0xc6, 0x31, 
	0xb5, 0xad, 0xb5, 0xad, 0xb5, 0xad, 0xad, 0x6b, 
	0xad, 0x6b, 0xd6, 0xb5, 0xe7, 0x39, 0xe7, 0x39, 
	0xd6, 0xb5, 0xb5, 0xad, 0xd6, 0xb5, 0xe7, 0x39, 
	0xd6, 0xb5, 0xce, 0x73, 0xd6, 0xb5, 0xd6, 0xb5, 
	0xe7, 0x39, 0xd6, 0xb5, 0xce, 0x73, 0xb5, 0xad, 
	0xb5, 0xad, 0xc6, 0x31, 0xe7, 0x39, 0xe7, 0x39, 
	0xe7, 0x39, 0xce, 0x73, 0xce, 0x73, 0xce, 0x73, 
	0xd6, 0xb5, 0xe7, 0x39, 0xe7, 0x39, 0xe7, 0x39, 
	0xe7, 0x39, 0xe7, 0x39, 0xce, 0x73, 0x84, 0x21, 
	0x8c, 0x63, 0xad, 0x6b, 0xc6, 0x31, 0xad, 0x6b, 
	0xb5, 0xad, 0xc6, 0x31, 0xd6, 0xb5, 0xd6, 0xb5, 
	0xd6, 0xb5, 0xd6, 0xb5, 0xc6, 0x31, 0xb5, 0xad, 
	0xad, 0x6b, 0xc6, 0x31, 0xad, 0x6b, 0x8c, 0x63, 
	0x84, 0x21, 0xce, 0x73, 0xe7, 0x39, 0xe7, 0x39, 
	0xe7, 0x39, 0xe7, 0x39, 0xe7, 0x39, 0xd6, 0xb5, 
	0xce, 0x73, 0xce, 0x73, 0xce, 0x73, 0xe7, 0x39, 
	0xe7, 0x39, 0xe7, 0x39, 0xc6, 0x31, 0xb5, 0xad, 
	0xb5, 0xad, 0xce, 0x73, 0xd6, 0xb5, 0xe7, 0x39, 
	0xd6, 0xb5, 0xd6, 0xb5, 0xce, 0x73, 0xd6, 0xb5, 
	0xe7, 0x39, 0xd6, 0xb5, 0xb5, 0xad, 0xd6, 0xb5, 
	0xe7, 0x39, 0xe7, 0x39, 0xd6, 0xb5, 0xad, 0x6b, 
	0xad, 0x6b, 0xb5, 0xad, 0xb5, 0xad, 0xb5, 0xad, 
	0xc6, 0x31, 0xd6, 0xb5, 0xd6, 0xb5, 0xd6, 0xb5, 
	0xe7, 0x39, 0xe7, 0x39, 0xe7, 0x39, 0xd6, 0xb5, 
	0xd6, 0xb5, 0xd6, 0xb5, 0xce, 0x73, 0xce, 0x73, 
	0xce, 0x73, 0xc6, 0x31, 0xc6, 0x31, 0xb5, 0xad, 
	0xc6, 0x31, 0xd6, 0xb5, 0xce, 0x73, 0x94, 0xa5, 
	0xa5, 0x29, 0xce, 0x73, 0xce, 0x73, 0xb5, 0xad, 
	0xad, 0x6b, 0xb5, 0xad, 0xb5, 0xad, 0xce, 0x73, 
	0xc6, 0x31, 0xc6, 0x31, 0xc6, 0x31, 0xc6, 0x31, 
	0xc6, 0x31, 0xad, 0x6b, 0xc6, 0x31, 0xd6, 0xb5, 
	0xce, 0x73, 0xce, 0x73, 0xc6, 0x31, 0xc6, 0x31, 
	0xce, 0x73, 0xce, 0x73, 0xc6, 0x31, 0xb5, 0xad, 
	0xb5, 0xad, 0xd6, 0xb5, 0xe7, 0x39, 0xe7, 0x39, 
	0xc6, 0x31, 0xb5, 0xad, 0xe7, 0x39, 0xe7, 0x39, 
	0xe7, 0x39, 0xce, 0x73, 0xce, 0x73, 0xd6, 0xb5, 
	0xe7, 0x39, 0xe7, 0x39, 0xe7, 0x39, 0xe7, 0x39, 
	0xe7, 0x39, 0xd6, 0xb5, 0xe7, 0x39, 0xe7, 0x39, 
	0xce, 0x73, 0xc6, 0x31, 0xc6, 0x31, 0xc6, 0x31, 
	0xce, 0x73, 0xe7, 0x39, 0xe7, 0x39, 0xe7, 0x39, 
	0xe7, 0x39, 0xe7, 0x39, 0xc6, 0x31, 0x8c, 0x63, 
	0x8c, 0x63, 0xad, 0x6b, 0xb5, 0xad, 0xad, 0x6b, 
	0xad, 0x6b, 0xc6, 0x31, 0xd6, 0xb5, 0xd6, 0xb5, 
	0xd6, 0xb5, 0xd6, 0xb5, 0xc6, 0x31, 0xad, 0x6b, 
	0xad, 0x6b, 0xb5, 0xad, 0xad, 0x6b, 0x8c, 0x63, 
	0x8c, 0x63, 0xc6, 0x31, 0xe7, 0x39, 0xe7, 0x39, 
	0xe7, 0x39, 0xe7, 0x39, 0xe7, 0x39, 0xce, 0x73, 
	0xc6, 0x31, 0xc6, 0x31, 0xc6, 0x31, 0xce, 0x73, 
	0xe7, 0x39, 0xe7, 0x39, 0xd6, 0xb5, 0xe7, 0x39, 
	0xe7, 0x39, 0xe7, 0x39, 0xe7, 0x39, 0xe7, 0x39, 
	0xd6, 0xb5, 0xce, 0x73, 0xce, 0x73, 0xe7, 0x39, 
	0xe7, 0x39, 0xe7, 0x39, 0xb5, 0xad, 0xc6, 0x31, 
	0xe7, 0x39, 0xe7, 0x39, 0xd6, 0xb5, 0xb5, 0xad, 
	0xb5, 0xad, 0xc6, 0x31, 0xce, 0x73, 0xce, 0x73, 
	0xc6, 0x31, 0xc6, 0x31, 0xce, 0x73, 0xce, 0x73, 
	0xd6, 0xb5, 0xc6, 0x31, 0xad, 0x6b, 0xc6, 0x31, 
	0xc6, 0x31, 0xc6, 0x31, 0xc6, 0x31, 0xc6, 0x31, 
	0xce, 0x73, 0xb5, 0xad, 0xb5, 0xad, 0xad, 0x6b, 
	0xb5, 0xad, 0xce, 0x73, 0xce, 0x73, 0xa5, 0x29, 
	0xa5, 0x29, 0xc6, 0x31, 0xce, 0x73, 0xb5, 0xad, 
	0xad, 0x6b, 0xad, 0x6b, 0xad, 0x6b, 0xce, 0x73, 
	0xce, 0x73, 0xce, 0x73, 0xce, 0x73, 0xc6, 0x31, 
	0xc6, 0x31, 0xb5, 0xad, 0xce, 0x73, 0xce, 0x73, 
	0xc6, 0x31, 0xb5, 0xad, 0xb5, 0xad, 0xb5, 0xad, 
	0xce, 0x73, 0xd6, 0xb5, 0xe7, 0x39, 0xe7, 0x39, 
	0xe7, 0x39, 0xe7, 0x39, 0xe7, 0x39, 0xe7, 0x39, 
	0xd6, 0xb5, 0xad, 0x6b, 0xce, 0x73, 0xe7, 0x39, 
	0xe7, 0x39, 0xe7, 0x39, 0xd6, 0xb5, 0xe7, 0x39, 
	0xe7, 0x39, 0xe7, 0x39, 0xe7, 0x39, 0xe7, 0x39, 
	0xe7, 0x39, 0xe7, 0x39, 0xe7, 0x39, 0xce, 0x73, 
	0xc6, 0x31, 0xc6, 0x31, 0xce, 0x73, 0xd6, 0xb5, 
	0xe7, 0x39, 0xe7, 0x39, 0xe7, 0x39, 0xe7, 0x39, 
	0xe7, 0x39, 0xe7, 0x39, 0xc6, 0x31, 0x84, 0x21, 
	0x84, 0x21, 0xad, 0x6b, 0xb5, 0xad, 0xa5, 0x29, 
	0xa5, 0x29, 0xb5, 0xad, 0xce, 0x73, 0xce, 0x73, 
	0xce, 0x73, 0xce, 0x73, 0xb5, 0xad, 0xa5, 0x29, 
	0xa5, 0x29, 0xb5, 0xad, 0xad, 0x6b, 0x84, 0x21, 
	0x84, 0x21, 0xc6, 0x31, 0xe7, 0x39, 0xe7, 0x39, 
	0xe7, 0x39, 0xe7, 0x39, 0xe7, 0x39, 0xe7, 0x39, 
	0xd6, 0xb5, 0xce, 0x73, 0xc6, 0x31, 0xc6, 0x31, 
	0xce, 0x73, 0xe7, 0x39, 0xe7, 0x39, 0xe7, 0x39, 
	0xe7, 0x39, 0xe7, 0x39, 0xe7, 0x39, 0xe7, 0x39, 
	0xe7, 0x39, 0xd6, 0xb5, 0xe7, 0x39, 0xe7, 0x39, 
	0xe7, 0x39, 0xce, 0x73, 0xad, 0x6b, 0xd6, 0xb5, 
	0xe7, 0x39, 0xe7, 0x39, 0xe7, 0x39, 0xe7, 0x39, 
	0xe7, 0x39, 0xe7, 0x39, 0xd6, 0xb5, 0xce, 0x73, 
	0xb5, 0xad, 0xb5, 0xad, 0xb5, 0xad, 0xc6, 0x31, 
	0xce, 0x73, 0xce, 0x73, 0xb5, 0xad, 0xc6, 0x31, 
	0xc6, 0x31, 0xce, 0x73, 0xce, 0x73, 0xce, 0x73, 
	0xce, 0x73, 0xad, 0x6b, 0xad, 0x6b, 0xad, 0x6b, 
	0xb5, 0xad, 0xce, 0x73, 0xc6, 0x31, 0xa5, 0x29, 
	0xa5, 0x29, 0xb5, 0xad, 0xc6, 0x31, 0xc6, 0x31, 
	0xc6, 0x31, 0xb5, 0xad, 0xa5, 0x29, 0xb5, 0xad, 
	0xb5, 0xad, 0xc6, 0x31, 0xd6, 0xb5, 0xd6, 0xb5, 
	0xd6, 0xb5, 0xc6, 0x31, 0xce, 0x73, 0xc6, 0x31, 
	0xb5, 0xad, 0xce, 0x73, 0xd6, 0xb5, 0xd6, 0xb5, 
	0xd6, 0xb5, 0xe7, 0x39, 0xe7, 0x39, 0xe7, 0x39, 
	0xe7, 0x39, 0xe7, 0x39, 0xe7, 0x39, 0xe7, 0x39, 
	0xd6, 0xb5, 0xa5, 0x29, 0xc6, 0x31, 0xd6, 0xb5, 
	0xe7, 0x39, 0xd6, 0xb5, 0xce, 0x73, 0xd6, 0xb5, 
	0xce, 0x73, 0xc6, 0x31, 0xc6, 0x31, 0xce, 0x73, 
	0xce, 0x73, 0xce, 0x73, 0xce, 0x73, 0xc6, 0x31, 
	0xb5, 0xad, 0xb5, 0xad, 0xce, 0x73, 0xd6, 0xb5, 
	0xd6, 0xb5, 0xe7, 0x39, 0xe7, 0x39, 0xe7, 0x39, 
	0xe7, 0x39, 0xd6, 0xb5, 0xad, 0x6b, 0x73, 0x9d, 
	0x73, 0x9d, 0xad, 0x6b, 0xb5, 0xad, 0xa5, 0x29, 
	0xa5, 0x29, 0xb5, 0xad, 0xce, 0x73, 0xd6, 0xb5, 
	0xd6, 0xb5, 0xce, 0x73, 0xb5, 0xad, 0xa5, 0x29, 
	0xa5, 0x29, 0xb5, 0xad, 0xad, 0x6b, 0x73, 0x9d, 
	0x73, 0x9d, 0xad, 0x6b, 0xd6, 0xb5, 0xe7, 0x39, 
	0xe7, 0x39, 0xe7, 0x39, 0xe7, 0x39, 0xd6, 0xb5, 
	0xd6, 0xb5, 0xce, 0x73, 0xb5, 0xad, 0xb5, 0xad, 
	0xc6, 0x31, 0xce, 0x73, 0xce, 0x73, 0xce, 0x73, 
	0xce, 0x73, 0xc6, 0x31, 0xc6, 0x31, 0xce, 0x73, 
	0xd6, 0xb5, 0xce, 0x73, 0xd6, 0xb5, 0xe7, 0x39, 
	0xd6, 0xb5, 0xc6, 0x31, 0xa5, 0x29, 0xd6, 0xb5, 
	0xe7, 0x39, 0xe7, 0x39, 0xe7, 0x39, 0xe7, 0x39, 
	0xe7, 0x39, 0xe7, 0x39, 0xe7, 0x39, 0xd6, 0xb5, 
	0xd6, 0xb5, 0xd6, 0xb5, 0xce, 0x73, 0xb5, 0xad, 
	0xc6, 0x31, 0xce, 0x73, 0xc6, 0x31, 0xd6, 0xb5, 
	0xd6, 0xb5, 0xd6, 0xb5, 0xc6, 0x31, 0xb5, 0xad, 
	0xb5, 0xad, 0xa5, 0x29, 0xb5, 0xad, 0xc6, 0x31, 
	0xc6, 0x31, 0xc6, 0x31, 0xb5, 0xad, 0xa5, 0x29, 
	0x94, 0xa5, 0xb5, 0xad, 0xce, 0x73, 0xe7, 0x39, 
	0xe7, 0x39, 0xce, 0x73, 0xb5, 0xad, 0xb5, 0xad, 
	0xb5, 0xad, 0xce, 0x73, 0xe7, 0x39, 0xe7, 0x39, 
	0xe7, 0x39, 0xd6, 0xb5, 0xd6, 0xb5, 0xce, 0x73, 
	0xc6, 0x31, 0xce, 0x73, 0xd6, 0xb5, 0xd6, 0xb5, 
	0xe7, 0x39, 0xe7, 0x39, 0xe7, 0x39, 0xe7, 0x39, 
	0xe7, 0x39, 0xe7, 0x39, 0xd6, 0xb5, 0xd6, 0xb5, 
	0xce, 0x73, 0x94, 0xa5, 0xb5, 0xad, 0xce, 0x73, 
	0xe7, 0x39, 0xd6, 0xb5, 0xce, 0x73, 0xc6, 0x31, 
	0xb5, 0xad, 0xa5, 0x29, 0x94, 0xa5, 0x94, 0xa5, 
	0x94, 0xa5, 0x94, 0xa5, 0xad, 0x6b, 0xb5, 0xad, 
	0xb5, 0xad, 0xb5, 0xad, 0xc6, 0x31, 0xce, 0x73, 
	0xd6, 0xb5, 0xd6, 0xb5, 0xd6, 0xb5, 0xd6, 0xb5, 
	0xd6, 0xb5, 0xce, 0x73, 0xa5, 0x29, 0x6b, 0x5b, 
	0x73, 0x9d, 0xad, 0x6b, 0xb5, 0xad, 0xad, 0x6b, 
	0xad, 0x6b, 0xc6, 0x31, 0xce, 0x73, 0xd6, 0xb5, 
	0xd6, 0xb5, 0xce, 0x73, 0xc6, 0x31, 0xad, 0x6b, 
	0xad, 0x6b, 0xb5, 0xad, 0xad, 0x6b, 0x73, 0x9d, 
	0x6b, 0x5b, 0xa5, 0x29, 0xce, 0x73, 0xd6, 0xb5, 
	0xd6, 0xb5, 0xd6, 0xb5, 0xd6, 0xb5, 0xd6, 0xb5, 
	0xce, 0x73, 0xc6, 0x31, 0xb5, 0xad, 0xb5, 0xad, 
	0xb5, 0xad, 0xad, 0x6b, 0x94, 0xa5, 0x94, 0xa5, 
	0x94, 0xa5, 0x94, 0xa5, 0xa5, 0x29, 0xb5, 0xad, 
	0xc6, 0x31, 0xce, 0x73, 0xd6, 0xb5, 0xe7, 0x39, 
	0xce, 0x73, 0xb5, 0xad, 0x94, 0xa5, 0xce, 0x73, 
	0xd6, 0xb5, 0xd6, 0xb5, 0xe7, 0x39, 0xe7, 0x39, 
	0xe7, 0x39, 0xe7, 0x39, 0xe7, 0x39, 0xe7, 0x39, 
	0xd6, 0xb5, 0xd6, 0xb5, 0xce, 0x73, 0xc6, 0x31, 
	0xce, 0x73, 0xd6, 0xb5, 0xd6, 0xb5, 0xe7, 0x39, 
	0xe7, 0x39, 0xe7, 0x39, 0xce, 0x73, 0xb5, 0xad, 
	0xb5, 0xad, 0xb5, 0xad, 0xce, 0x73, 0xe7, 0x39, 
	0xe7, 0x39, 0xce, 0x73, 0xb5, 0xad, 0x94, 0xa5, 
	0xad, 0x6b, 0xc6, 0x31, 0xc6, 0x31, 0xce, 0x73, 
	0xce, 0x73, 0xce, 0x73, 0xd6, 0xb5, 0xd6, 0xb5, 
	0xd6, 0xb5, 0xe7, 0x39, 0xd6, 0xb5, 0xd6, 0xb5, 
	0xd6, 0xb5, 0xe7, 0x39, 0xe7, 0x39, 0xd6, 0xb5, 
	0xd6, 0xb5, 0xd6, 0xb5, 0xd6, 0xb5, 0xce, 0x73, 
	0xce, 0x73, 0xe7, 0x39, 0xe7, 0x39, 0xce, 0x73, 
	0xc6, 0x31, 0xce, 0x73, 0xce, 0x73, 0xc6, 0x31, 
	0xc6, 0x31, 0x8c, 0x63, 0xad, 0x6b, 0xc6, 0x31, 
	0xd6, 0xb5, 0xce, 0x73, 0xc6, 0x31, 0xb5, 0xad, 
	0xad, 0x6b, 0x94, 0xa5, 0x8c, 0x63, 0x94, 0xa5, 
	0x94, 0xa5, 0xa5, 0x29, 0xad, 0x6b, 0xb5, 0xad, 
	0xad, 0x6b, 0xad, 0x6b, 0xb5, 0xad, 0xce, 0x73, 
	0xce, 0x73, 0xce, 0x73, 0xce, 0x73, 0xc6, 0x31, 
	0xce, 0x73, 0xc6, 0x31, 0xa5, 0x29, 0x84, 0x21, 
	0x84, 0x21, 0xa5, 0x29, 0xc6, 0x31, 0xc6, 0x31, 
	0xb5, 0xad, 0xce, 0x73, 0xd6, 0xb5, 0xd6, 0xb5, 
	0xd6, 0xb5, 0xd6, 0xb5, 0xce, 0x73, 0xb5, 0xad, 
	0xc6, 0x31, 0xc6, 0x31, 0xa5, 0x29, 0x84, 0x21, 
	0x84, 0x21, 0xa5, 0x29, 0xc6, 0x31, 0xce, 0x73, 
	0xc6, 0x31, 0xce, 0x73, 0xce, 0x73, 0xce, 0x73, 
	0xce, 0x73, 0xb5, 0xad, 0xad, 0x6b, 0xad, 0x6b, 
	0xb5, 0xad, 0xad, 0x6b, 0xa5, 0x29, 0x94, 0xa5, 
	0x94, 0xa5, 0x8c, 0x63, 0x94, 0xa5, 0xad, 0x6b, 
	0xb5, 0xad, 0xc6, 0x31, 0xce, 0x73, 0xd6, 0xb5, 
	0xc6, 0x31, 0xad, 0x6b, 0x8c, 0x63, 0xc6, 0x31, 
	0xc6, 0x31, 0xce, 0x73, 0xce, 0x73, 0xc6, 0x31, 
	0xce, 0x73, 0xe7, 0x39, 0xe7, 0x39, 0xce, 0x73, 
	0xce, 0x73, 0xd6, 0xb5, 0xd6, 0xb5, 0xd6, 0xb5, 
	0xd6, 0xb5, 0xe7, 0x39, 0xe7, 0x39, 0xd6, 0xb5, 
	0xd6, 0xb5, 0xd6, 0xb5, 0xe7, 0x39, 0xd6, 0xb5, 
	0xd6, 0xb5, 0xd6, 0xb5, 0xce, 0x73, 0xce, 0x73, 
	0xce, 0x73, 0xc6, 0x31, 0xc6, 0x31, 0xad, 0x6b, 
	0xa5, 0x29, 0xc6, 0x31, 0xce, 0x73, 0xc6, 0x31, 
	0xc6, 0x31, 0xc6, 0x31, 0xc6, 0x31, 0xce, 0x73, 
	0xd6, 0xb5, 0xd6, 0xb5, 0xd6, 0xb5, 0xd6, 0xb5, 
	0xce, 0x73, 0xce, 0x73, 0xd6, 0xb5, 0xd6, 0xb5, 
	0xce, 0x73, 0xce, 0x73, 0xc6, 0x31, 0xc6, 0x31, 
	0xb5, 0xad, 0xb5, 0xad, 0xb5, 0xad, 0xb5, 0xad, 
	0xb5, 0xad, 0xb5, 0xad, 0xad, 0x6b, 0xad, 0x6b, 
	0xa5, 0x29, 0x84, 0x21, 0x94, 0xa5, 0xad, 0x6b, 
	0xc6, 0x31, 0xc6, 0x31, 0xc6, 0x31, 0xc6, 0x31, 
	0xb5, 0xad, 0xa5, 0x29, 0x94, 0xa5, 0xa5, 0x29, 
	0xa5, 0x29, 0xad, 0x6b, 0xb5, 0xad, 0xb5, 0xad, 
	0xa5, 0x29, 0x94, 0xa5, 0xa5, 0x29, 0xad, 0x6b, 
	0xb5, 0xad, 0xc6, 0x31, 0xc6, 0x31, 0xb5, 0xad, 
	0xb5, 0xad, 0xc6, 0x31, 0xa5, 0x29, 0x84, 0x21, 
	0x73, 0x9d, 0x8c, 0x63, 0xb5, 0xad, 0xce, 0x73, 
	0xc6, 0x31, 0xd6, 0xb5, 0xe7, 0x39, 0xe7, 0x39, 
	0xe7, 0x39, 0xe7, 0x39, 0xd6, 0xb5, 0xc6, 0x31, 
	0xce, 0x73, 0xb5, 0xad, 0x8c, 0x63, 0x73, 0x9d, 
	0x84, 0x21, 0xa5, 0x29, 0xc6, 0x31, 0xb5, 0xad, 
	0xb5, 0xad, 0xc6, 0x31, 0xc6, 0x31, 0xb5, 0xad, 
	0xad, 0x6b, 0xa5, 0x29, 0x94, 0xa5, 0xa5, 0x29, 
	0xb5, 0xad, 0xb5, 0xad, 0xad, 0x6b, 0xa5, 0x29, 
	0xa5, 0x29, 0x94, 0xa5, 0xa5, 0x29, 0xb5, 0xad, 
	0xc6, 0x31, 0xc6, 0x31, 0xc6, 0x31, 0xc6, 0x31, 
	0xad, 0x6b, 0x94, 0xa5, 0x84, 0x21, 0xa5, 0x29, 
	0xad, 0x6b, 0xad, 0x6b, 0xb5, 0xad, 0xb5, 0xad, 
	0xb5, 0xad, 0xb5, 0xad, 0xb5, 0xad, 0xb5, 0xad, 
	0xc6, 0x31, 0xc6, 0x31, 0xce, 0x73, 0xce, 0x73, 
	0xd6, 0xb5, 0xd6, 0xb5, 0xce, 0x73, 0xce, 0x73, 
	0xd6, 0xb5, 0xd6, 0xb5, 0xd6, 0xb5, 0xd6, 0xb5, 
	0xce, 0x73, 0xc6, 0x31, 0xc6, 0x31, 0xc6, 0x31, 
	0xc6, 0x31, 0xce, 0x73, 0xc6, 0x31, 0xa5, 0x29, 
	0x94, 0xa5, 0xce, 0x73, 0xce, 0x73, 0xb5, 0xad, 
	0xb5, 0xad, 0xb5, 0xad, 0xb5, 0xad, 0xc6, 0x31, 
	0xc6, 0x31, 0xce, 0x73, 0xc6, 0x31, 0xd6, 0xb5, 
	0xe7, 0x39, 0xce, 0x73, 0xce, 0x73, 0xc6, 0x31, 
	0xc6, 0x31, 0xb5, 0xad, 0xb5, 0xad, 0xb5, 0xad, 
	0xad, 0x6b, 0xad, 0x6b, 0xb5, 0xad, 0xb5, 0xad, 
	0xb5, 0xad, 0xb5, 0xad, 0xb5, 0xad, 0xad, 0x6b, 
	0x94, 0xa5, 0x84, 0x21, 0x94, 0xa5, 0x94, 0xa5, 
	0xad, 0x6b, 0xad, 0x6b, 0xc6, 0x31, 0xc6, 0x31, 
	0xc6, 0x31, 0xc6, 0x31, 0xce, 0x73, 0xc6, 0x31, 
	0xb5, 0xad, 0xad, 0x6b, 0xad, 0x6b, 0xa5, 0x29, 
	0x8c, 0x63, 0x8c, 0x63, 0x8c, 0x63, 0x94, 0xa5, 
	0xa5, 0x29, 0xc6, 0x31, 0xc6, 0x31, 0xc6, 0x31, 
	0xb5, 0xad, 0xb5, 0xad, 0x8c, 0x63, 0x73, 0x9d, 
	0x73, 0x9d, 0x84, 0x21, 0xb5, 0xad, 0xd6, 0xb5, 
	0xc6, 0x31, 0xd6, 0xb5, 0xd6, 0xb5, 0xd6, 0xb5, 
	0xd6, 0xb5, 0xd6, 0xb5, 0xd6, 0xb5, 0xc6, 0x31, 
	0xd6, 0xb5, 0xb5, 0xad, 0x84, 0x21, 0x73, 0x9d, 
	0x73, 0x9d, 0x8c, 0x63, 0xb5, 0xad, 0xb5, 0xad, 
	0xc6, 0x31, 0xc6, 0x31, 0xc6, 0x31, 0xa5, 0x29, 
	0x94, 0xa5, 0x8c, 0x63, 0x8c, 0x63, 0x8c, 0x63, 
	0xa5, 0x29, 0xad, 0x6b, 0xad, 0x6b, 0xb5, 0xad, 
	0xc6, 0x31, 0xce, 0x73, 0xc6, 0x31, 0xc6, 0x31, 
	0xc6, 0x31, 0xc6, 0x31, 0xad, 0x6b, 0xad, 0x6b, 
	0x94, 0xa5, 0x94, 0xa5, 0x84, 0x21, 0x94, 0xa5, 
	0xad, 0x6b, 0xb5, 0xad, 0xb5, 0xad, 0xb5, 0xad, 
	0xb5, 0xad, 0xb5, 0xad, 0xad, 0x6b, 0xad, 0x6b, 
	0xb5, 0xad, 0xb5, 0xad, 0xb5, 0xad, 0xc6, 0x31, 
	0xc6, 0x31, 0xce, 0x73, 0xce, 0x73, 0xe7, 0x39, 
	0xd6, 0xb5, 0xc6, 0x31, 0xce, 0x73, 0xc6, 0x31, 
	0xc6, 0x31, 0xb5, 0xad, 0xb5, 0xad, 0xb5, 0xad, 
	0xb5, 0xad, 0xce, 0x73, 0xce, 0x73, 0x94, 0xa5, 
	0x8c, 0x63, 0xa5, 0x29, 0xad, 0x6b, 0xa5, 0x29, 
	0xa5, 0x29, 0xa5, 0x29, 0xa5, 0x29, 0xa5, 0x29, 
	0xa5, 0x29, 0xa5, 0x29, 0xa5, 0x29, 0xad, 0x6b, 
	0xad, 0x6b, 0xad, 0x6b, 0xad, 0x6b, 0xa5, 0x29, 
	0xa5, 0x29, 0xad, 0x6b, 0xb5, 0xad, 0xad, 0x6b, 
	0xa5, 0x29, 0xa5, 0x29, 0xad, 0x6b, 0xad, 0x6b, 
	0xa5, 0x29, 0xa5, 0x29, 0xad, 0x6b, 0xa5, 0x29, 
	0x94, 0xa5, 0x84, 0x21, 0x94, 0xa5, 0xa5, 0x29, 
	0xad, 0x6b, 0xa5, 0x29, 0xc6, 0x31, 0xc6, 0x31, 
	0xc6, 0x31, 0xce, 0x73, 0xe7, 0x39, 0xe7, 0x39, 
	0xd6, 0xb5, 0xce, 0x73, 0xc6, 0x31, 0xad, 0x6b, 
	0x94, 0xa5, 0x8c, 0x63, 0x8c, 0x63, 0x8c, 0x63, 
	0xa5, 0x29, 0xb5, 0xad, 0xc6, 0x31, 0xc6, 0x31, 
	0xa5, 0x29, 0xb5, 0xad, 0x73, 0x9d, 0x63, 0x19, 
	0x6b, 0x5b, 0x84, 0x21, 0xb5, 0xad, 0xd6, 0xb5, 
	0xce, 0x73, 0xce, 0x73, 0xce, 0x73, 0xce, 0x73, 
	0xce, 0x73, 0xce, 0x73, 0xce, 0x73, 0xce, 0x73, 
	0xd6, 0xb5, 0xb5, 0xad, 0x84, 0x21, 0x6b, 0x5b, 
	0x63, 0x19, 0x73, 0x9d, 0xb5, 0xad, 0xa5, 0x29, 
	0xc6, 0x31, 0xc6, 0x31, 0xb5, 0xad, 0xa5, 0x29, 
	0x8c, 0x63, 0x8c, 0x63, 0x8c, 0x63, 0x94, 0xa5, 
	0xad, 0x6b, 0xc6, 0x31, 0xce, 0x73, 0xd6, 0xb5, 
	0xe7, 0x39, 0xe7, 0x39, 0xce, 0x73, 0xc6, 0x31, 
	0xc6, 0x31, 0xc6, 0x31, 0xa5, 0x29, 0xad, 0x6b, 
	0xa5, 0x29, 0x94, 0xa5, 0x84, 0x21, 0x94, 0xa5, 
	0xa5, 0x29, 0xad, 0x6b, 0xa5, 0x29, 0xa5, 0x29, 
	0xad, 0x6b, 0xad, 0x6b, 0xa5, 0x29, 0xa5, 0x29, 
	0xad, 0x6b, 0xb5, 0xad, 0xad, 0x6b, 0xa5, 0x29, 
	0xa5, 0x29, 0xad, 0x6b, 0xad, 0x6b, 0xad, 0x6b, 
	0xad, 0x6b, 0xa5, 0x29, 0xa5, 0x29, 0xa5, 0x29, 
	0xa5, 0x29, 0xa5, 0x29, 0xa5, 0x29, 0xa5, 0x29, 
	0xa5, 0x29, 0xad, 0x6b, 0xa5, 0x29, 0x8c, 0x63, 
	0x6b, 0x5b, 0x84, 0x21, 0xa5, 0x29, 0x94, 0xa5, 
	0x94, 0xa5, 0xa5, 0x29, 0x94, 0xa5, 0x94, 0xa5, 
	0x94, 0xa5, 0x94, 0xa5, 0x94, 0xa5, 0x94, 0xa5, 
	0x8c, 0x63, 0x94, 0xa5, 0x94, 0xa5, 0xa5, 0x29, 
	0xa5, 0x29, 0xad, 0x6b, 0xb5, 0xad, 0xb5, 0xad, 
	0xa5, 0x29, 0xa5, 0x29, 0x8c, 0x63, 0x84, 0x21, 
	0x84, 0x21, 0x84, 0x21, 0x84, 0x21, 0x73, 0x9d, 
	0x73, 0x9d, 0x73, 0x9d, 0x84, 0x21, 0x84, 0x21, 
	0x94, 0xa5, 0xa5, 0x29, 0xb5, 0xad, 0xc6, 0x31, 
	0xb5, 0xad, 0xb5, 0xad, 0xb5, 0xad, 0xc6, 0x31, 
	0xc6, 0x31, 0xc6, 0x31, 0xce, 0x73, 0xc6, 0x31, 
	0xad, 0x6b, 0xa5, 0x29, 0xa5, 0x29, 0xad, 0x6b, 
	0xad, 0x6b, 0xb5, 0xad, 0xb5, 0xad, 0xb5, 0xad, 
	0xa5, 0x29, 0x94, 0xa5, 0x52, 0x95, 0x6b, 0x5b, 
	0x6b, 0x5b, 0x8c, 0x63, 0xb5, 0xad, 0xe7, 0x39, 
	0xd6, 0xb5, 0xd6, 0xb5, 0xd6, 0xb5, 0xd6, 0xb5, 
	0xd6, 0xb5, 0xd6, 0xb5, 0xd6, 0xb5, 0xd6, 0xb5, 
	0xe7, 0x39, 0xb5, 0xad, 0x8c, 0x63, 0x6b, 0x5b, 
	0x6b, 0x5b, 0x52, 0x95, 0x94, 0xa5, 0xa5, 0x29, 
	0xb5, 0xad, 0xb5, 0xad, 0xb5, 0xad, 0xad, 0x6b, 
	0xad, 0x6b, 0xa5, 0x29, 0xa5, 0x29, 0xad, 0x6b, 
	0xc6, 0x31, 0xce, 0x73, 0xc6, 0x31, 0xc6, 0x31, 
	0xc6, 0x31, 0xb5, 0xad, 0xb5, 0xad, 0xb5, 0xad, 
	0xc6, 0x31, 0xb5, 0xad, 0xa5, 0x29, 0x94, 0xa5, 
	0x84, 0x21, 0x84, 0x21, 0x73, 0x9d, 0x73, 0x9d, 
	0x73, 0x9d, 0x84, 0x21, 0x84, 0x21, 0x84, 0x21, 
	0x84, 0x21, 0x8c, 0x63, 0xa5, 0x29, 0xa5, 0x29, 
	0xb5, 0xad, 0xb5, 0xad, 0xad, 0x6b, 0xa5, 0x29, 
	0xa5, 0x29, 0x94, 0xa5, 0x94, 0xa5, 0x8c, 0x63, 
	0x94, 0xa5, 0x94, 0xa5, 0x94, 0xa5, 0x94, 0xa5, 
	0x94, 0xa5, 0x94, 0xa5, 0xa5, 0x29, 0x94, 0xa5, 
	0x94, 0xa5, 0xa5, 0x29, 0x84, 0x21, 0x6b, 0x5b, 
	0x52, 0x95, 0x8c, 0x63, 0xa5, 0x29, 0x94, 0xa5, 
	0x94, 0xa5, 0xa5, 0x29, 0x94, 0xa5, 0x94, 0xa5, 
	0xa5, 0x29, 0x94, 0xa5, 0x94, 0xa5, 0x94, 0xa5, 
	0x94, 0xa5, 0x8c, 0x63, 0x84, 0x21, 0x84, 0x21, 
	0x8c, 0x63, 0x8c, 0x63, 0x8c, 0x63, 0x94, 0xa5, 
	0x94, 0xa5, 0x8c, 0x63, 0x8c, 0x63, 0x84, 0x21, 
	0x84, 0x21, 0x84, 0x21, 0x84, 0x21, 0x84, 0x21, 
	0x73, 0x9d, 0x6b, 0x5b, 0x84, 0x21, 0x73, 0x9d, 
	0x73, 0x9d, 0x84, 0x21, 0x94, 0xa5, 0x94, 0xa5, 
	0x8c, 0x63, 0x84, 0x21, 0x84, 0x21, 0x84, 0x21, 
	0x84, 0x21, 0x8c, 0x63, 0xa5, 0x29, 0xa5, 0x29, 
	0x94, 0xa5, 0x94, 0xa5, 0x94, 0xa5, 0x94, 0xa5, 
	0x94, 0xa5, 0x94, 0xa5, 0x94, 0xa5, 0xa5, 0x29, 
	0x8c, 0x63, 0x84, 0x21, 0x52, 0x95, 0x6b, 0x5b, 
	0x73, 0x9d, 0xa5, 0x29, 0xce, 0x73, 0xe7, 0x39, 
	0xd6, 0xb5, 0xce, 0x73, 0xd6, 0xb5, 0xce, 0x73, 
	0xce, 0x73, 0xd6, 0xb5, 0xce, 0x73, 0xd6, 0xb5, 
	0xe7, 0x39, 0xce, 0x73, 0xa5, 0x29, 0x73, 0x9d, 
	0x6b, 0x5b, 0x52, 0x95, 0x84, 0x21, 0x8c, 0x63, 
	0xa5, 0x29, 0x94, 0xa5, 0x94, 0xa5, 0x94, 0xa5, 
	0x94, 0xa5, 0x94, 0xa5, 0x94, 0xa5, 0x94, 0xa5, 
	0xa5, 0x29, 0xa5, 0x29, 0x8c, 0x63, 0x84, 0x21, 
	0x84, 0x21, 0x84, 0x21, 0x84, 0x21, 0x8c, 0x63, 
	0x94, 0xa5, 0x94, 0xa5, 0x84, 0x21, 0x73, 0x9d, 
	0x73, 0x9d, 0x84, 0x21, 0x6b, 0x5b, 0x73, 0x9d, 
	0x84, 0x21, 0x84, 0x21, 0x84, 0x21, 0x84, 0x21, 
	0x84, 0x21, 0x8c, 0x63, 0x8c, 0x63, 0x94, 0xa5, 
	0x94, 0xa5, 0x8c, 0x63, 0x8c, 0x63, 0x8c, 0x63, 
	0x84, 0x21, 0x84, 0x21, 0x8c, 0x63, 0x94, 0xa5, 
	0x94, 0xa5, 0x94, 0xa5, 0x94, 0xa5, 0xa5, 0x29, 
	0x94, 0xa5, 0x94, 0xa5, 0xa5, 0x29, 0x94, 0xa5, 
	0x94, 0xa5, 0xa5, 0x29, 0x8c, 0x63, 0x52, 0x95, 
	0x52, 0x95, 0x84, 0x21, 0x8c, 0x63, 0x84, 0x21, 
	0x8c, 0x63, 0xa5, 0x29, 0x94, 0xa5, 0x94, 0xa5, 
	0xa5, 0x29, 0x8c, 0x63, 0x84, 0x21, 0x73, 0x9d, 
	0x6b, 0x5b, 0x6b, 0x5b, 0x6b, 0x5b, 0x73, 0x9d, 
	0x84, 0x21, 0x84, 0x21, 0x73, 0x9d, 0x73, 0x9d, 
	0x73, 0x9d, 0x73, 0x9d, 0x84, 0x21, 0x8c, 0x63, 
	0x8c, 0x63, 0x8c, 0x63, 0x84, 0x21, 0x8c, 0x63, 
	0x73, 0x9d, 0x6b, 0x5b, 0x84, 0x21, 0x63, 0x19, 
	0x6b, 0x5b, 0x73, 0x9d, 0x73, 0x9d, 0x73, 0x9d, 
	0x73, 0x9d, 0x73, 0x9d, 0x73, 0x9d, 0x73, 0x9d, 
	0x73, 0x9d, 0x73, 0x9d, 0x8c, 0x63, 0x8c, 0x63, 
	0x73, 0x9d, 0x73, 0x9d, 0x84, 0x21, 0x8c, 0x63, 
	0x8c, 0x63, 0x84, 0x21, 0x84, 0x21, 0xa5, 0x29, 
	0x94, 0xa5, 0x73, 0x9d, 0x52, 0x95, 0x6b, 0x5b, 
	0x73, 0x9d, 0xa5, 0x29, 0xc6, 0x31, 0xd6, 0xb5, 
	0xce, 0x73, 0xce, 0x73, 0xe7, 0x39, 0xd6, 0xb5, 
	0xd6, 0xb5, 0xe7, 0x39, 0xce, 0x73, 0xce, 0x73, 
	0xd6, 0xb5, 0xc6, 0x31, 0xa5, 0x29, 0x73, 0x9d, 
	0x6b, 0x5b, 0x52, 0x95, 0x73, 0x9d, 0x94, 0xa5, 
	0xa5, 0x29, 0x84, 0x21, 0x84, 0x21, 0x8c, 0x63, 
	0x8c, 0x63, 0x84, 0x21, 0x73, 0x9d, 0x73, 0x9d, 
	0x8c, 0x63, 0x8c, 0x63, 0x73, 0x9d, 0x73, 0x9d, 
	0x73, 0x9d, 0x73, 0x9d, 0x73, 0x9d, 0x73, 0x9d, 
	0x73, 0x9d, 0x73, 0x9d, 0x73, 0x9d, 0x6b, 0x5b, 
	0x63, 0x19, 0x84, 0x21, 0x6b, 0x5b, 0x73, 0x9d, 
	0x8c, 0x63, 0x84, 0x21, 0x8c, 0x63, 0x8c, 0x63, 
	0x8c, 0x63, 0x84, 0x21, 0x73, 0x9d, 0x73, 0x9d, 
	0x73, 0x9d, 0x73, 0x9d, 0x84, 0x21, 0x84, 0x21, 
	0x73, 0x9d, 0x6b, 0x5b, 0x6b, 0x5b, 0x6b, 0x5b, 
	0x73, 0x9d, 0x84, 0x21, 0x8c, 0x63, 0xa5, 0x29, 
	0x94, 0xa5, 0x94, 0xa5, 0xa5, 0x29, 0x8c, 0x63, 
	0x84, 0x21, 0x8c, 0x63, 0x84, 0x21, 0x52, 0x95, 
	0x52, 0x95, 0x6b, 0x5b, 0x73, 0x9d, 0x8c, 0x63, 
	0x94, 0xa5, 0x94, 0xa5, 0x84, 0x21, 0x84, 0x21, 
	0x84, 0x21, 0x8c, 0x63, 0x8c, 0x63, 0x8c, 0x63, 
	0x84, 0x21, 0x73, 0x9d, 0x6b, 0x5b, 0x6b, 0x5b, 
	0x6b, 0x5b, 0x6b, 0x5b, 0x6b, 0x5b, 0x6b, 0x5b, 
	0x6b, 0x5b, 0x6b, 0x5b, 0x6b, 0x5b, 0x6b, 0x5b, 
	0x6b, 0x5b, 0x6b, 0x5b, 0x63, 0x19, 0x52, 0x95, 
	0x52, 0x95, 0x52, 0x95, 0x73, 0x9d, 0x73, 0x9d, 
	0x73, 0x9d, 0x73, 0x9d, 0x84, 0x21, 0x84, 0x21, 
	0x73, 0x9d, 0x6b, 0x5b, 0x6b, 0x5b, 0x6b, 0x5b, 
	0x6b, 0x5b, 0x73, 0x9d, 0x84, 0x21, 0x73, 0x9d, 
	0x6b, 0x5b, 0x6b, 0x5b, 0x73, 0x9d, 0x73, 0x9d, 
	0x73, 0x9d, 0x73, 0x9d, 0x73, 0x9d, 0x8c, 0x63, 
	0x94, 0xa5, 0x52, 0x95, 0x52, 0x95, 0x73, 0x9d, 
	0x73, 0x9d, 0xad, 0x6b, 0xce, 0x73, 0xd6, 0xb5, 
	0xd6, 0xb5, 0xce, 0x73, 0xd6, 0xb5, 0xd6, 0xb5, 
	0xd6, 0xb5, 0xd6, 0xb5, 0xce, 0x73, 0xd6, 0xb5, 
	0xd6, 0xb5, 0xce, 0x73, 0xad, 0x6b, 0x73, 0x9d, 
	0x73, 0x9d, 0x52, 0x95, 0x52, 0x95, 0x94, 0xa5, 
	0x8c, 0x63, 0x73, 0x9d, 0x73, 0x9d, 0x73, 0x9d, 
	0x73, 0x9d, 0x73, 0x9d, 0x6b, 0x5b, 0x6b, 0x5b, 
	0x73, 0x9d, 0x84, 0x21, 0x73, 0x9d, 0x6b, 0x5b, 
	0x6b, 0x5b, 0x6b, 0x5b, 0x6b, 0x5b, 0x73, 0x9d, 
	0x84, 0x21, 0x84, 0x21, 0x73, 0x9d, 0x73, 0x9d, 
	0x73, 0x9d, 0x73, 0x9d, 0x52, 0x95, 0x52, 0x95, 
	0x52, 0x95, 0x63, 0x19, 0x6b, 0x5b, 0x6b, 0x5b, 
	0x6b, 0x5b, 0x6b, 0x5b, 0x6b, 0x5b, 0x6b, 0x5b, 
	0x6b, 0x5b, 0x6b, 0x5b, 0x6b, 0x5b, 0x6b, 0x5b, 
	0x6b, 0x5b, 0x6b, 0x5b, 0x73, 0x9d, 0x84, 0x21, 
	0x8c, 0x63, 0x8c, 0x63, 0x8c, 0x63, 0x84, 0x21, 
	0x84, 0x21, 0x84, 0x21, 0x94, 0xa5, 0x94, 0xa5, 
	0x8c, 0x63, 0x73, 0x9d, 0x6b, 0x5b, 0x52, 0x95, 
	0x94, 0xa5, 0x94, 0xa5, 0xa5, 0x29, 0xa5, 0x29, 
	0xad, 0x6b, 0xb5, 0xad, 0xb5, 0xad, 0xc6, 0x31, 
	0xb5, 0xad, 0xb5, 0xad, 0xc6, 0x31, 0xc6, 0x31, 
	0xc6, 0x31, 0xc6, 0x31, 0xb5, 0xad, 0xb5, 0xad, 
	0xad, 0x6b, 0x94, 0xa5, 0x8c, 0x63, 0x8c, 0x63, 
	0x84, 0x21, 0x84, 0x21, 0x6b, 0x5b, 0x6b, 0x5b, 
	0x63, 0x19, 0x6b, 0x5b, 0x6b, 0x5b, 0x73, 0x9d, 
	0x73, 0x9d, 0x73, 0x9d, 0x73, 0x9d, 0x6b, 0x5b, 
	0x6b, 0x5b, 0x73, 0x9d, 0x6b, 0x5b, 0x52, 0x95, 
	0x52, 0x95, 0x6b, 0x5b, 0x6b, 0x5b, 0x6b, 0x5b, 
	0x6b, 0x5b, 0x63, 0x19, 0x52, 0x95, 0x52, 0x95, 
	0x52, 0x95, 0x6b, 0x5b, 0x52, 0x95, 0x52, 0x95, 
	0x52, 0x95, 0x52, 0x95, 0x52, 0x95, 0x73, 0x9d, 
	0x84, 0x21, 0x84, 0x21, 0x52, 0x95, 0x84, 0x21, 
	0x73, 0x9d, 0xb5, 0xad, 0xd6, 0xb5, 0xd6, 0xb5, 
	0xce, 0x73, 0xd6, 0xb5, 0xd6, 0xb5, 0xd6, 0xb5, 
	0xd6, 0xb5, 0xd6, 0xb5, 0xd6, 0xb5, 0xce, 0x73, 
	0xd6, 0xb5, 0xd6, 0xb5, 0xb5, 0xad, 0x73, 0x9d, 
	0x84, 0x21, 0x52, 0x95, 0x84, 0x21, 0x84, 0x21, 
	0x73, 0x9d, 0x52, 0x95, 0x52, 0x95, 0x52, 0x95, 
	0x52, 0x95, 0x52, 0x95, 0x6b, 0x5b, 0x52, 0x95, 
	0x52, 0x95, 0x52, 0x95, 0x63, 0x19, 0x6b, 0x5b, 
	0x6b, 0x5b, 0x6b, 0x5b, 0x6b, 0x5b, 0x52, 0x95, 
	0x52, 0x95, 0x6b, 0x5b, 0x73, 0x9d, 0x6b, 0x5b, 
	0x6b, 0x5b, 0x73, 0x9d, 0x73, 0x9d, 0x73, 0x9d, 
	0x73, 0x9d, 0x6b, 0x5b, 0x6b, 0x5b, 0x63, 0x19, 
	0x6b, 0x5b, 0x6b, 0x5b, 0x84, 0x21, 0x84, 0x21, 
	0x8c, 0x63, 0x8c, 0x63, 0x94, 0xa5, 0xad, 0x6b, 
	0xb5, 0xad, 0xb5, 0xad, 0xc6, 0x31, 0xc6, 0x31, 
	0xc6, 0x31, 0xc6, 0x31, 0xb5, 0xad, 0xb5, 0xad, 
	0xc6, 0x31, 0xb5, 0xad, 0xb5, 0xad, 0xad, 0x6b, 
	0xa5, 0x29, 0xa5, 0x29, 0x94, 0xa5, 0x94, 0xa5, 
	0xe7, 0x39, 0xe7, 0x39, 0xe7, 0x39, 0xe7, 0x39, 
	0xe7, 0x39, 0xe7, 0x39, 0xe7, 0x39, 0xe7, 0x39, 
	0xe7, 0x39, 0xe7, 0x39, 0xe7, 0x39, 0xe7, 0x39, 
	0xe7, 0x39, 0xe7, 0x39, 0xe7, 0x39, 0xe7, 0x39, 
	0xe7, 0x39, 0xe7, 0x39, 0xe7, 0x39, 0xe7, 0x39, 
	0xe7, 0x39, 0xa5, 0x29, 0x6b, 0x5b, 0x6b, 0x5b, 
	0x94, 0xa5, 0xa5, 0x29, 0xb5, 0xad, 0xc6, 0x31, 
	0xce, 0x73, 0xce, 0x73, 0xc6, 0x31, 0xc6, 0x31, 
	0xc6, 0x31, 0xc6, 0x31, 0xc6, 0x31, 0xc6, 0x31, 
	0xce, 0x73, 0xce, 0x73, 0xd6, 0xb5, 0xd6, 0xb5, 
	0xd6, 0xb5, 0xd6, 0xb5, 0xe7, 0x39, 0xe7, 0x39, 
	0xc6, 0x31, 0xce, 0x73, 0xce, 0x73, 0xce, 0x73, 
	0xce, 0x73, 0xce, 0x73, 0xce, 0x73, 0xc6, 0x31, 
	0xc6, 0x31, 0xad, 0x6b, 0x6b, 0x5b, 0x84, 0x21, 
	0x73, 0x9d, 0xb5, 0xad, 0xce, 0x73, 0xce, 0x73, 
	0xce, 0x73, 0xce, 0x73, 0xce, 0x73, 0xd6, 0xb5, 
	0xd6, 0xb5, 0xce, 0x73, 0xce, 0x73, 0xce, 0x73, 
	0xce, 0x73, 0xce, 0x73, 0xb5, 0xad, 0x73, 0x9d, 
	0x84, 0x21, 0x6b, 0x5b, 0xad, 0x6b, 0xc6, 0x31, 
	0xc6, 0x31, 0xce, 0x73, 0xce, 0x73, 0xce, 0x73, 
	0xce, 0x73, 0xce, 0x73, 0xce, 0x73, 0xc6, 0x31, 
	0xe7, 0x39, 0xe7, 0x39, 0xd6, 0xb5, 0xd6, 0xb5, 
	0xd6, 0xb5, 0xd6, 0xb5, 0xce, 0x73, 0xce, 0x73, 
	0xc6, 0x31, 0xc6, 0x31, 0xc6, 0x31, 0xc6, 0x31, 
	0xc6, 0x31, 0xc6, 0x31, 0xce, 0x73, 0xce, 0x73, 
	0xc6, 0x31, 0xb5, 0xad, 0xa5, 0x29, 0x94, 0xa5, 
	0x6b, 0x5b, 0x6b, 0x5b, 0xa5, 0x29, 0xe7, 0x39, 
	0xe7, 0x39, 0xe7, 0x39, 0xe7, 0x39, 0xe7, 0x39, 
	0xe7, 0x39, 0xe7, 0x39, 0xe7, 0x39, 0xe7, 0x39, 
	0xe7, 0x39, 0xe7, 0x39, 0xe7, 0x39, 0xe7, 0x39, 
	0xe7, 0x39, 0xe7, 0x39, 0xe7, 0x39, 0xe7, 0x39, 
	0xe7, 0x39, 0xe7, 0x39, 0xe7, 0x39, 0xe7, 0x39, 
	0xe7, 0x39, 0xe7, 0x39, 0xe7, 0x39, 0xe7, 0x39, 
	0xe7, 0x39, 0xe7, 0x39, 0xe7, 0x39, 0xe7, 0x39, 
	0xe7, 0x39, 0xe7, 0x39, 0xe7, 0x39, 0xe7, 0x39, 
	0xe7, 0x39, 0xe7, 0x39, 0xe7, 0x39, 0xd6, 0xb5, 
	0xe7, 0x39, 0xe7, 0x39, 0xe7, 0x39, 0xe7, 0x39, 
	0xe7, 0x39, 0xd6, 0xb5, 0x8c, 0x63, 0xb5, 0xad, 
	0xce, 0x73, 0xd6, 0xb5, 0xd6, 0xb5, 0xd6, 0xb5, 
	0xe7, 0x39, 0xe7, 0x39, 0xd6, 0xb5, 0xd6, 0xb5, 
	0xe7, 0x39, 0xe7, 0x39, 0xe7, 0x39, 0xe7, 0x39, 
	0xe7, 0x39, 0xe7, 0x39, 0xe7, 0x39, 0xe7, 0x39, 
	0xe7, 0x39, 0xe7, 0x39, 0xe7, 0x39, 0xe7, 0x39, 
	0xd6, 0xb5, 0xe7, 0x39, 0xe7, 0x39, 0xe7, 0x39, 
	0xd6, 0xb5, 0xd6, 0xb5, 0xd6, 0xb5, 0xe7, 0x39, 
	0xe7, 0x39, 0xce, 0x73, 0x6b, 0x5b, 0x73, 0x9d, 
	0x73, 0x9d, 0xa5, 0x29, 0xb5, 0xad, 0xc6, 0x31, 
	0xc6, 0x31, 0xce, 0x73, 0xd6, 0xb5, 0xe7, 0x39, 
	0xe7, 0x39, 0xd6, 0xb5, 0xce, 0x73, 0xc6, 0x31, 
	0xc6, 0x31, 0xb5, 0xad, 0xa5, 0x29, 0x73, 0x9d, 
	0x73, 0x9d, 0x6b, 0x5b, 0xce, 0x73, 0xe7, 0x39, 
	0xe7, 0x39, 0xd6, 0xb5, 0xd6, 0xb5, 0xd6, 0xb5, 
	0xe7, 0x39, 0xe7, 0x39, 0xe7, 0x39, 0xd6, 0xb5, 
	0xe7, 0x39, 0xe7, 0x39, 0xe7, 0x39, 0xe7, 0x39, 
	0xe7, 0x39, 0xe7, 0x39, 0xe7, 0x39, 0xe7, 0x39, 
	0xe7, 0x39, 0xe7, 0x39, 0xe7, 0x39, 0xe7, 0x39, 
	0xd6, 0xb5, 0xd6, 0xb5, 0xe7, 0x39, 0xe7, 0x39, 
	0xd6, 0xb5, 0xd6, 0xb5, 0xd6, 0xb5, 0xce, 0x73, 
	0xb5, 0xad, 0x8c, 0x63, 0xd6, 0xb5, 0xe7, 0x39, 
	0xe7, 0x39, 0xe7, 0x39, 0xe7, 0x39, 0xe7, 0x39, 
	0xd6, 0xb5, 0xe7, 0x39, 0xe7, 0x39, 0xe7, 0x39, 
	0xe7, 0x39, 0xe7, 0x39, 0xe7, 0x39, 0xe7, 0x39, 
	0xe7, 0x39, 0xe7, 0x39, 0xe7, 0x39, 0xe7, 0x39, 
	0xe7, 0x39, 0xe7, 0x39, 0xe7, 0x39, 0xe7, 0x39, 
	0xe7, 0x39, 0xe7, 0x39, 0xe7, 0x39, 0xe7, 0x39, 
	0xe7, 0x39, 0xe7, 0x39, 0xe7, 0x39, 0xe7, 0x39, 
	0xe7, 0x39, 0xd6, 0xb5, 0xe7, 0x39, 0xe7, 0x39, 
	0xe7, 0x39, 0xe7, 0x39, 0xe7, 0x39, 0xd6, 0xb5, 
	0xd6, 0xb5, 0xe7, 0x39, 0xe7, 0x39, 0xe7, 0x39, 
	0xe7, 0x39, 0xe7, 0x39, 0xc6, 0x31, 0xc6, 0x31, 
	0xd6, 0xb5, 0xd6, 0xb5, 0xd6, 0xb5, 0xe7, 0x39, 
	0xe7, 0x39, 0xe7, 0x39, 0xd6, 0xb5, 0xd6, 0xb5, 
	0xe7, 0x39, 0xe7, 0x39, 0xe7, 0x39, 0xe7, 0x39, 
	0xe7, 0x39, 0xe7, 0x39, 0xe7, 0x39, 0xe7, 0x39, 
	0xe7, 0x39, 0xe7, 0x39, 0xe7, 0x39, 0xd6, 0xb5, 
	0xd6, 0xb5, 0xe7, 0x39, 0xe7, 0x39, 0xe7, 0x39, 
	0xe7, 0x39, 0xd6, 0xb5, 0xd6, 0xb5, 0xe7, 0x39, 
	0xe7, 0x39, 0xe7, 0x39, 0x84, 0x21, 0x73, 0x9d, 
	0x6b, 0x5b, 0x94, 0xa5, 0xad, 0x6b, 0xb5, 0xad, 
	0xb5, 0xad, 0xce, 0x73, 0xd6, 0xb5, 0xe7, 0x39, 
	0xe7, 0x39, 0xd6, 0xb5, 0xce, 0x73, 0xb5, 0xad, 
	0xb5, 0xad, 0xad, 0x6b, 0x94, 0xa5, 0x6b, 0x5b, 
	0x73, 0x9d, 0x84, 0x21, 0xe7, 0x39, 0xe7, 0x39, 
	0xe7, 0x39, 0xd6, 0xb5, 0xd6, 0xb5, 0xe7, 0x39, 
	0xe7, 0x39, 0xe7, 0x39, 0xe7, 0x39, 0xd6, 0xb5, 
	0xd6, 0xb5, 0xe7, 0x39, 0xe7, 0x39, 0xe7, 0x39, 
	0xe7, 0x39, 0xe7, 0x39, 0xe7, 0x39, 0xe7, 0x39, 
	0xe7, 0x39, 0xe7, 0x39, 0xe7, 0x39, 0xe7, 0x39, 
	0xd6, 0xb5, 0xd6, 0xb5, 0xe7, 0x39, 0xe7, 0x39, 
	0xe7, 0x39, 0xd6, 0xb5, 0xd6, 0xb5, 0xd6, 0xb5, 
	0xc6, 0x31, 0xc6, 0x31, 0xe7, 0x39, 0xe7, 0x39, 
	0xe7, 0x39, 0xe7, 0x39, 0xe7, 0x39, 0xd6, 0xb5, 
	0xd6, 0xb5, 0xe7, 0x39, 0xe7, 0x39, 0xe7, 0x39, 
	0xe7, 0x39, 0xe7, 0x39, 0xd6, 0xb5, 0xe7, 0x39, 
	0xe7, 0x39, 0xe7, 0x39, 0xe7, 0x39, 0xe7, 0x39, 
	0xe7, 0x39, 0xe7, 0x39, 0xe7, 0x39, 0xe7, 0x39, 
	0xe7, 0x39, 0xe7, 0x39, 0xe7, 0x39, 0xe7, 0x39, 
	0xe7, 0x39, 0xe7, 0x39, 0xe7, 0x39, 0xe7, 0x39, 
	0xe7, 0x39, 0xe7, 0x39, 0xe7, 0x39, 0xe7, 0x39, 
	0xe7, 0x39, 0xe7, 0x39, 0xe7, 0x39, 0xce, 0x73, 
	0xd6, 0xb5, 0xe7, 0x39, 0xe7, 0x39, 0xe7, 0x39, 
	0xe7, 0x39, 0xe7, 0x39, 0xc6, 0x31, 0xc6, 0x31, 
	0xd6, 0xb5, 0xd6, 0xb5, 0xce, 0x73, 0xc6, 0x31, 
	0xce, 0x73, 0xd6, 0xb5, 0xd6, 0xb5, 0xd6, 0xb5, 
	0xe7, 0x39, 0xe7, 0x39, 0xd6, 0xb5, 0xd6, 0xb5, 
	0xe7, 0x39, 0xe7, 0x39, 0xe7, 0x39, 0xe7, 0x39, 
	0xd6, 0xb5, 0xd6, 0xb5, 0xd6, 0xb5, 0xe7, 0x39, 
	0xe7, 0x39, 0xe7, 0x39, 0xe7, 0x39, 0xe7, 0x39, 
	0xe7, 0x39, 0xd6, 0xb5, 0xd6, 0xb5, 0xe7, 0x39, 
	0xe7, 0x39, 0xe7, 0x39, 0x8c, 0x63, 0x6b, 0x5b, 
	0x52, 0x95, 0x8c, 0x63, 0x8c, 0x63, 0x94, 0xa5, 
	0xa5, 0x29, 0xa5, 0x29, 0xb5, 0xad, 0xc6, 0x31, 
	0xc6, 0x31, 0xb5, 0xad, 0xa5, 0x29, 0xa5, 0x29, 
	0x94, 0xa5, 0x8c, 0x63, 0x8c, 0x63, 0x52, 0x95, 
	0x6b, 0x5b, 0x8c, 0x63, 0xe7, 0x39, 0xe7, 0x39, 
	0xe7, 0x39, 0xd6, 0xb5, 0xd6, 0xb5, 0xe7, 0x39, 
	0xe7, 0x39, 0xe7, 0x39, 0xe7, 0x39, 0xe7, 0x39, 
	0xe7, 0x39, 0xd6, 0xb5, 0xd6, 0xb5, 0xd6, 0xb5, 
	0xe7, 0x39, 0xe7, 0x39, 0xe7, 0x39, 0xe7, 0x39, 
	0xd6, 0xb5, 0xd6, 0xb5, 0xe7, 0x39, 0xe7, 0x39, 
	0xd6, 0xb5, 0xd6, 0xb5, 0xd6, 0xb5, 0xce, 0x73, 
	0xc6, 0x31, 0xce, 0x73, 0xd6, 0xb5, 0xd6, 0xb5, 
	0xc6, 0x31, 0xc6, 0x31, 0xe7, 0x39, 0xe7, 0x39, 
	0xe7, 0x39, 0xe7, 0x39, 0xe7, 0x39, 0xd6, 0xb5, 
	0xce, 0x73, 0xe7, 0x39, 0xe7, 0x39, 0xe7, 0x39, 
	0xe7, 0x39, 0xe7, 0x39, 0xe7, 0x39, 0xe7, 0x39, 
	0xe7, 0x39, 0xe7, 0x39, 0xe7, 0x39, 0xe7, 0x39, 
	0xe7, 0x39, 0xe7, 0x39, 0xe7, 0x39, 0xe7, 0x39, 
	0xe7, 0x39, 0xe7, 0x39, 0xe7, 0x39, 0xd6, 0xb5, 
	0xce, 0x73, 0xd6, 0xb5, 0xd6, 0xb5, 0xe7, 0x39, 
	0xe7, 0x39, 0xe7, 0x39, 0xe7, 0x39, 0xe7, 0x39, 
	0xe7, 0x39, 0xe7, 0x39, 0xe7, 0x39, 0xe7, 0x39, 
	0xe7, 0x39, 0xe7, 0x39, 0xe7, 0x39, 0xe7, 0x39, 
	0xe7, 0x39, 0xce, 0x73, 0x94, 0xa5, 0xc6, 0x31, 
	0xd6, 0xb5, 0xd6, 0xb5, 0xe7, 0x39, 0xd6, 0xb5, 
	0xd6, 0xb5, 0xd6, 0xb5, 0xd6, 0xb5, 0xe7, 0x39, 
	0xe7, 0x39, 0xe7, 0x39, 0xd6, 0xb5, 0xce, 0x73, 
	0xd6, 0xb5, 0xe7, 0x39, 0xe7, 0x39, 0xc6, 0x31, 
	0xe7, 0x39, 0xd6, 0xb5, 0xd6, 0xb5, 0xe7, 0x39, 
	0xe7, 0x39, 0xd6, 0xb5, 0x94, 0xa5, 0x94, 0xa5, 
	0xb5, 0xad, 0xce, 0x73, 0xe7, 0x39, 0xe7, 0x39, 
	0xe7, 0x39, 0xd6, 0xb5, 0x84, 0x21, 0x6b, 0x5b, 
	0x6b, 0x5b, 0x84, 0x21, 0x73, 0x9d, 0x84, 0x21, 
	0x84, 0x21, 0x8c, 0x63, 0x94, 0xa5, 0xa5, 0x29, 
	0xa5, 0x29, 0x94, 0xa5, 0x8c, 0x63, 0x84, 0x21, 
	0x84, 0x21, 0x73, 0x9d, 0x84, 0x21, 0x6b, 0x5b, 
	0x6b, 0x5b, 0x84, 0x21, 0xd6, 0xb5, 0xe7, 0x39, 
	0xe7, 0x39, 0xe7, 0x39, 0xce, 0x73, 0xb5, 0xad, 
	0x94, 0xa5, 0x94, 0xa5, 0xd6, 0xb5, 0xe7, 0x39, 
	0xe7, 0x39, 0xd6, 0xb5, 0xd6, 0xb5, 0xe7, 0x39, 
	0xc6, 0x31, 0xe7, 0x39, 0xe7, 0x39, 0xd6, 0xb5, 
	0xce, 0x73, 0xd6, 0xb5, 0xe7, 0x39, 0xe7, 0x39, 
	0xe7, 0x39, 0xd6, 0xb5, 0xd6, 0xb5, 0xd6, 0xb5, 
	0xd6, 0xb5, 0xe7, 0x39, 0xd6, 0xb5, 0xd6, 0xb5, 
	0xc6, 0x31, 0x94, 0xa5, 0xce, 0x73, 0xe7, 0x39, 
	0xe7, 0x39, 0xe7, 0x39, 0xe7, 0x39, 0xe7, 0x39, 
	0xe7, 0x39, 0xe7, 0x39, 0xe7, 0x39, 0xe7, 0x39, 
	0xe7, 0x39, 0xe7, 0x39, 0xe7, 0x39, 0xe7, 0x39, 
	0xe7, 0x39, 0xd6, 0xb5, 0xd6, 0xb5, 0xce, 0x73, 
	0xd6, 0xb5, 0xe7, 0x39, 0xe7, 0x39, 0xe7, 0x39, 
	0xe7, 0x39, 0xe7, 0x39, 0xe7, 0x39, 0xd6, 0xb5, 
	0xce, 0x73, 0xd6, 0xb5, 0xd6, 0xb5, 0xe7, 0x39, 
	0xe7, 0x39, 0xe7, 0x39, 0xe7, 0x39, 0xe7, 0x39, 
	0xe7, 0x39, 0xe7, 0x39, 0xe7, 0x39, 0xe7, 0x39, 
	0xe7, 0x39, 0xe7, 0x39, 0xe7, 0x39, 0xe7, 0x39, 
	0xe7, 0x39, 0xce, 0x73, 0xa5, 0x29, 0xa5, 0x29, 
	0xb5, 0xad, 0xce, 0x73, 0xe7, 0x39, 0xe7, 0x39, 
	0xe7, 0x39, 0xe7, 0x39, 0xe7, 0x39, 0xe7, 0x39, 
	0xc6, 0x31, 0xb5, 0xad, 0xce, 0x73, 0xce, 0x73, 
	0xce, 0x73, 0xce, 0x73, 0xce, 0x73, 0xe7, 0x39, 
	0xe7, 0x39, 0xe7, 0x39, 0xce, 0x73, 0xe7, 0x39, 
	0xe7, 0x39, 0xd6, 0xb5, 0xce, 0x73, 0xc6, 0x31, 
	0xd6, 0xb5, 0xd6, 0xb5, 0xd6, 0xb5, 0xd6, 0xb5, 
	0xe7, 0x39, 0xe7, 0x39, 0x73, 0x9d, 0x52, 0x95, 
	0x63, 0x19, 0x73, 0x9d, 0x6b, 0x5b, 0x6b, 0x5b, 
	0x6b, 0x5b, 0x6b, 0x5b, 0x73, 0x9d, 0x84, 0x21, 
	0x84, 0x21, 0x73, 0x9d, 0x6b, 0x5b, 0x6b, 0x5b, 
	0x6b, 0x5b, 0x6b, 0x5b, 0x73, 0x9d, 0x63, 0x19, 
	0x52, 0x95, 0x73, 0x9d, 0xe7, 0x39, 0xe7, 0x39, 
	0xd6, 0xb5, 0xd6, 0xb5, 0xd6, 0xb5, 0xd6, 0xb5, 
	0xc6, 0x31, 0xce, 0x73, 0xd6, 0xb5, 0xe7, 0x39, 
	0xe7, 0x39, 0xce, 0x73, 0xe7, 0x39, 0xe7, 0x39, 
	0xe7, 0x39, 0xce, 0x73, 0xce, 0x73, 0xce, 0x73, 
	0xce, 0x73, 0xce, 0x73, 0xb5, 0xad, 0xc6, 0x31, 
	0xe7, 0x39, 0xe7, 0x39, 0xe7, 0x39, 0xe7, 0x39, 
	0xe7, 0x39, 0xe7, 0x39, 0xce, 0x73, 0xb5, 0xad, 
	0xa5, 0x29, 0xa5, 0x29, 0xce, 0x73, 0xe7, 0x39, 
	0xe7, 0x39, 0xe7, 0x39, 0xe7, 0x39, 0xe7, 0x39, 
	0xe7, 0x39, 0xe7, 0x39, 0xe7, 0x39, 0xe7, 0x39, 
	0xe7, 0x39, 0xe7, 0x39, 0xe7, 0x39, 0xe7, 0x39, 
	0xe7, 0x39, 0xd6, 0xb5, 0xd6, 0xb5, 0xce, 0x73, 
	0xd6, 0xb5, 0xe7, 0x39, 0xe7, 0x39, 0xe7, 0x39, 
	0xe7, 0x39, 0xe7, 0x39, 0xe7, 0x39, 0xe7, 0x39, 
	0xce, 0x73, 0xce, 0x73, 0xc6, 0x31, 0xc6, 0x31, 
	0xd6, 0xb5, 0xe7, 0x39, 0xe7, 0x39, 0xe7, 0x39, 
	0xd6, 0xb5, 0xd6, 0xb5, 0xd6, 0xb5, 0xce, 0x73, 
	0xce, 0x73, 0xce, 0x73, 0xce, 0x73, 0xe7, 0x39, 
	0xd6, 0xb5, 0xd6, 0xb5, 0xad, 0x6b, 0xd6, 0xb5, 
	0xe7, 0x39, 0xe7, 0x39, 0xe7, 0x39, 0xe7, 0x39, 
	0xe7, 0x39, 0xe7, 0x39, 0xe7, 0x39, 0xe7, 0x39, 
	0xd6, 0xb5, 0xce, 0x73, 0xce, 0x73, 0xce, 0x73, 
	0xce, 0x73, 0xe7, 0x39, 0xe7, 0x39, 0xe7, 0x39, 
	0xe7, 0x39, 0xe7, 0x39, 0xe7, 0x39, 0xe7, 0x39, 
	0xe7, 0x39, 0xe7, 0x39, 0xe7, 0x39, 0xe7, 0x39, 
	0xd6, 0xb5, 0xce, 0x73, 0xce, 0x73, 0xe7, 0x39, 
	0xe7, 0x39, 0xd6, 0xb5, 0x84, 0x21, 0x52, 0x95, 
	0x6b, 0x5b, 0x84, 0x21, 0x73, 0x9d, 0x73, 0x9d, 
	0x73, 0x9d, 0x84, 0x21, 0x8c, 0x63, 0x94, 0xa5, 
	0x94, 0xa5, 0x8c, 0x63, 0x84, 0x21, 0x73, 0x9d, 
	0x73, 0x9d, 0x73, 0x9d, 0x84, 0x21, 0x6b, 0x5b, 
	0x52, 0x95, 0x84, 0x21, 0xd6, 0xb5, 0xe7, 0x39, 
	0xe7, 0x39, 0xce, 0x73, 0xce, 0x73, 0xd6, 0xb5, 
	0xe7, 0x39, 0xe7, 0x39, 0xe7, 0x39, 0xe7, 0x39, 
	0xe7, 0x39, 0xe7, 0x39, 0xe7, 0x39, 0xe7, 0x39, 
	0xe7, 0x39, 0xe7, 0x39, 0xe7, 0x39, 0xce, 0x73, 
	0xce, 0x73, 0xce, 0x73, 0xce, 0x73, 0xd6, 0xb5, 
	0xe7, 0x39, 0xe7, 0x39, 0xe7, 0x39, 0xe7, 0x39, 
	0xe7, 0x39, 0xe7, 0x39, 0xe7, 0x39, 0xe7, 0x39, 
	0xd6, 0xb5, 0xad, 0x6b, 0xd6, 0xb5, 0xd6, 0xb5, 
	0xe7, 0x39, 0xce, 0x73, 0xce, 0x73, 0xce, 0x73, 
	0xce, 0x73, 0xd6, 0xb5, 0xd6, 0xb5, 0xd6, 0xb5, 
	0xe7, 0x39, 0xe7, 0x39, 0xe7, 0x39, 0xd6, 0xb5, 
	0xc6, 0x31, 0xc6, 0x31, 0xce, 0x73, 0xce, 0x73, 
	0xe7, 0x39, 0xe7, 0x39, 0xe7, 0x39, 0xe7, 0x39, 
	0xb5, 0xad, 0xce, 0x73, 0xd6, 0xb5, 0xb5, 0xad, 
	0xb5, 0xad, 0xb5, 0xad, 0xb5, 0xad, 0xb5, 0xad, 
	0xb5, 0xad, 0xb5, 0xad, 0xc6, 0x31, 0xc6, 0x31, 
	0xce, 0x73, 0xd6, 0xb5, 0xd6, 0xb5, 0xce, 0x73, 
	0xce, 0x73, 0xc6, 0x31, 0xc6, 0x31, 0xce, 0x73, 
	0xe7, 0x39, 0xe7, 0x39, 0xad, 0x6b, 0xd6, 0xb5, 
	0xe7, 0x39, 0xe7, 0x39, 0xe7, 0x39, 0xe7, 0x39, 
	0xe7, 0x39, 0xe7, 0x39, 0xe7, 0x39, 0xe7, 0x39, 
	0xd6, 0xb5, 0xce, 0x73, 0xd6, 0xb5, 0xe7, 0x39, 
	0xd6, 0xb5, 0xd6, 0xb5, 0xd6, 0xb5, 0xd6, 0xb5, 
	0xe7, 0x39, 0xe7, 0x39, 0xe7, 0x39, 0xe7, 0x39, 
	0xd6, 0xb5, 0xe7, 0x39, 0xe7, 0x39, 0xe7, 0x39, 
	0xe7, 0x39, 0xd6, 0xb5, 0xe7, 0x39, 0xe7, 0x39, 
	0xe7, 0x39, 0xce, 0x73, 0x84, 0x21, 0x52, 0x95, 
	0x84, 0x21, 0x94, 0xa5, 0x94, 0xa5, 0xa5, 0x29, 
	0xad, 0x6b, 0xa5, 0x29, 0xb5, 0xad, 0xc6, 0x31, 
	0xc6, 0x31, 0xb5, 0xad, 0xa5, 0x29, 0xad, 0x6b, 
	0xa5, 0x29, 0x94, 0xa5, 0x94, 0xa5, 0x84, 0x21, 
	0x52, 0x95, 0x84, 0x21, 0xce, 0x73, 0xe7, 0x39, 
	0xe7, 0x39, 0xe7, 0x39, 0xd6, 0xb5, 0xe7, 0x39, 
	0xe7, 0x39, 0xe7, 0x39, 0xe7, 0x39, 0xd6, 0xb5, 
	0xe7, 0x39, 0xe7, 0x39, 0xe7, 0x39, 0xe7, 0x39, 
	0xd6, 0xb5, 0xd6, 0xb5, 0xd6, 0xb5, 0xd6, 0xb5, 
	0xe7, 0x39, 0xd6, 0xb5, 0xce, 0x73, 0xd6, 0xb5, 
	0xe7, 0x39, 0xe7, 0x39, 0xe7, 0x39, 0xe7, 0x39, 
	0xe7, 0x39, 0xe7, 0x39, 0xe7, 0x39, 0xe7, 0x39, 
	0xd6, 0xb5, 0xad, 0x6b, 0xe7, 0x39, 0xe7, 0x39, 
	0xce, 0x73, 0xc6, 0x31, 0xc6, 0x31, 0xce, 0x73, 
	0xce, 0x73, 0xd6, 0xb5, 0xd6, 0xb5, 0xce, 0x73, 
	0xc6, 0x31, 0xc6, 0x31, 0xb5, 0xad, 0xb5, 0xad, 
	0xb5, 0xad, 0xb5, 0xad, 0xb5, 0xad, 0xb5, 0xad, 
	0xb5, 0xad, 0xd6, 0xb5, 0xce, 0x73, 0xb5, 0xad, 
	0xc6, 0x31, 0xce, 0x73, 0xce, 0x73, 0xad, 0x6b, 
	0xad, 0x6b, 0xad, 0x6b, 0xa5, 0x29, 0xa5, 0x29, 
	0xa5, 0x29, 0xa5, 0x29, 0xad, 0x6b, 0xb5, 0xad, 
	0xb5, 0xad, 0xce, 0x73, 0xce, 0x73, 0xce, 0x73, 
	0xd6, 0xb5, 0xe7, 0x39, 0xe7, 0x39, 0xd6, 0xb5, 
	0xd6, 0xb5, 0xe7, 0x39, 0xad, 0x6b, 0xd6, 0xb5, 
	0xe7, 0x39, 0xe7, 0x39, 0xe7, 0x39, 0xe7, 0x39, 
	0xe7, 0x39, 0xe7, 0x39, 0xe7, 0x39, 0xe7, 0x39, 
	0xd6, 0xb5, 0xd6, 0xb5, 0xe7, 0x39, 0xd6, 0xb5, 
	0xd6, 0xb5, 0xd6, 0xb5, 0xd6, 0xb5, 0xd6, 0xb5, 
	0xe7, 0x39, 0xe7, 0x39, 0xe7, 0x39, 0xe7, 0x39, 
	0xe7, 0x39, 0xe7, 0x39, 0xe7, 0x39, 0xe7, 0x39, 
	0xe7, 0x39, 0xe7, 0x39, 0xe7, 0x39, 0xe7, 0x39, 
	0xd6, 0xb5, 0xb5, 0xad, 0x73, 0x9d, 0x63, 0x19, 
	0x84, 0x21, 0xa5, 0x29, 0xa5, 0x29, 0xb5, 0xad, 
	0xc6, 0x31, 0xc6, 0x31, 0xce, 0x73, 0xe7, 0x39, 
	0xe7, 0x39, 0xce, 0x73, 0xc6, 0x31, 0xc6, 0x31, 
	0xb5, 0xad, 0xa5, 0x29, 0xa5, 0x29, 0x84, 0x21, 
	0x63, 0x19, 0x73, 0x9d, 0xb5, 0xad, 0xd6, 0xb5, 
	0xe7, 0x39, 0xe7, 0x39, 0xe7, 0x39, 0xe7, 0x39, 
	0xe7, 0x39, 0xe7, 0x39, 0xe7, 0x39, 0xe7, 0x39, 
	0xe7, 0x39, 0xe7, 0x39, 0xe7, 0x39, 0xe7, 0x39, 
	0xd6, 0xb5, 0xd6, 0xb5, 0xd6, 0xb5, 0xd6, 0xb5, 
	0xd6, 0xb5, 0xe7, 0x39, 0xd6, 0xb5, 0xd6, 0xb5, 
	0xe7, 0x39, 0xe7, 0x39, 0xe7, 0x39, 0xe7, 0x39, 
	0xe7, 0x39, 0xe7, 0x39, 0xe7, 0x39, 0xe7, 0x39, 
	0xd6, 0xb5, 0xad, 0x6b, 0xe7, 0x39, 0xd6, 0xb5, 
	0xd6, 0xb5, 0xe7, 0x39, 0xe7, 0x39, 0xd6, 0xb5, 
	0xce, 0x73, 0xce, 0x73, 0xce, 0x73, 0xb5, 0xad, 
	0xb5, 0xad, 0xad, 0x6b, 0xa5, 0x29, 0xa5, 0x29, 
	0xa5, 0x29, 0xa5, 0x29, 0xad, 0x6b, 0xad, 0x6b, 
	0xad, 0x6b, 0xce, 0x73, 0xce, 0x73, 0xc6, 0x31, 
	0xb5, 0xad, 0xc6, 0x31, 0xc6, 0x31, 0xad, 0x6b, 
	0xad, 0x6b, 0xa5, 0x29, 0xa5, 0x29, 0xa5, 0x29, 
	0xa5, 0x29, 0xb5, 0xad, 0xc6, 0x31, 0xd6, 0xb5, 
	0xd6, 0xb5, 0xce, 0x73, 0xc6, 0x31, 0xb5, 0xad, 
	0xce, 0x73, 0xe7, 0x39, 0xe7, 0x39, 0xd6, 0xb5, 
	0xd6, 0xb5, 0xce, 0x73, 0x94, 0xa5, 0xb5, 0xad, 
	0xce, 0x73, 0xd6, 0xb5, 0xd6, 0xb5, 0xce, 0x73, 
	0xc6, 0x31, 0xb5, 0xad, 0xb5, 0xad, 0xb5, 0xad, 
	0xc6, 0x31, 0xc6, 0x31, 0xc6, 0x31, 0xce, 0x73, 
	0xce, 0x73, 0xc6, 0x31, 0xc6, 0x31, 0xc6, 0x31, 
	0xce, 0x73, 0xd6, 0xb5, 0xc6, 0x31, 0xc6, 0x31, 
	0xce, 0x73, 0xc6, 0x31, 0xce, 0x73, 0xd6, 0xb5, 
	0xd6, 0xb5, 0xce, 0x73, 0xce, 0x73, 0xd6, 0xb5, 
	0xc6, 0x31, 0xa5, 0x29, 0x6b, 0x5b, 0x6b, 0x5b, 
	0x84, 0x21, 0xa5, 0x29, 0xa5, 0x29, 0xb5, 0xad, 
	0xce, 0x73, 0xce, 0x73, 0xd6, 0xb5, 0xe7, 0x39, 
	0xe7, 0x39, 0xd6, 0xb5, 0xce, 0x73, 0xce, 0x73, 
	0xb5, 0xad, 0xa5, 0x29, 0xa5, 0x29, 0x84, 0x21, 
	0x6b, 0x5b, 0x6b, 0x5b, 0xa5, 0x29, 0xc6, 0x31, 
	0xd6, 0xb5, 0xce, 0x73, 0xce, 0x73, 0xd6, 0xb5, 
	0xd6, 0xb5, 0xce, 0x73, 0xc6, 0x31, 0xce, 0x73, 
	0xc6, 0x31, 0xc6, 0x31, 0xd6, 0xb5, 0xce, 0x73, 
	0xc6, 0x31, 0xc6, 0x31, 0xc6, 0x31, 0xce, 0x73, 
	0xce, 0x73, 0xc6, 0x31, 0xc6, 0x31, 0xc6, 0x31, 
	0xb5, 0xad, 0xb5, 0xad, 0xb5, 0xad, 0xc6, 0x31, 
	0xce, 0x73, 0xd6, 0xb5, 0xd6, 0xb5, 0xce, 0x73, 
	0xb5, 0xad, 0x94, 0xa5, 0xce, 0x73, 0xd6, 0xb5, 
	0xd6, 0xb5, 0xe7, 0x39, 0xe7, 0x39, 0xce, 0x73, 
	0xb5, 0xad, 0xc6, 0x31, 0xce, 0x73, 0xd6, 0xb5, 
	0xd6, 0xb5, 0xc6, 0x31, 0xb5, 0xad, 0xa5, 0x29, 
	0xa5, 0x29, 0xa5, 0x29, 0xa5, 0x29, 0xad, 0x6b, 
	0xad, 0x6b, 0xc6, 0x31, 0xc6, 0x31, 0xb5, 0xad, 
	0xad, 0x6b, 0xb5, 0xad, 0xad, 0x6b, 0xa5, 0x29, 
	0xb5, 0xad, 0xc6, 0x31, 0xb5, 0xad, 0xb5, 0xad, 
	0xc6, 0x31, 0xc6, 0x31, 0xce, 0x73, 0xd6, 0xb5, 
	0xd6, 0xb5, 0xc6, 0x31, 0xb5, 0xad, 0xb5, 0xad, 
	0xc6, 0x31, 0xce, 0x73, 0xce, 0x73, 0xb5, 0xad, 
	0xb5, 0xad, 0xb5, 0xad, 0x73, 0x9d, 0x84, 0x21, 
	0xb5, 0xad, 0xc6, 0x31, 0xc6, 0x31, 0xc6, 0x31, 
	0xb5, 0xad, 0xa5, 0x29, 0x8c, 0x63, 0x84, 0x21, 
	0x8c, 0x63, 0xa5, 0x29, 0xa5, 0x29, 0xb5, 0xad, 
	0xce, 0x73, 0xc6, 0x31, 0xc6, 0x31, 0xc6, 0x31, 
	0xb5, 0xad, 0xb5, 0xad, 0xb5, 0xad, 0xb5, 0xad, 
	0xc6, 0x31, 0xb5, 0xad, 0xb5, 0xad, 0xb5, 0xad, 
	0xb5, 0xad, 0xad, 0x6b, 0xb5, 0xad, 0xb5, 0xad, 
	0x94, 0xa5, 0x8c, 0x63, 0x63, 0x19, 0x6b, 0x5b, 
	0x84, 0x21, 0x94, 0xa5, 0xa5, 0x29, 0xb5, 0xad, 
	0xce, 0x73, 0xce, 0x73, 0xd6, 0xb5, 0xe7, 0x39, 
	0xe7, 0x39, 0xd6, 0xb5, 0xce, 0x73, 0xce, 0x73, 
	0xb5, 0xad, 0xa5, 0x29, 0x94, 0xa5, 0x84, 0x21, 
	0x6b, 0x5b, 0x63, 0x19, 0x8c, 0x63, 0x94, 0xa5, 
	0xb5, 0xad, 0xb5, 0xad, 0xad, 0x6b, 0xb5, 0xad, 
	0xb5, 0xad, 0xb5, 0xad, 0xb5, 0xad, 0xc6, 0x31, 
	0xb5, 0xad, 0xb5, 0xad, 0xb5, 0xad, 0xb5, 0xad, 
	0xc6, 0x31, 0xc6, 0x31, 0xc6, 0x31, 0xce, 0x73, 
	0xb5, 0xad, 0xa5, 0x29, 0xa5, 0x29, 0x8c, 0x63, 
	0x84, 0x21, 0x8c, 0x63, 0xa5, 0x29, 0xb5, 0xad, 
	0xc6, 0x31, 0xc6, 0x31, 0xc6, 0x31, 0xb5, 0xad, 
	0x84, 0x21, 0x73, 0x9d, 0xb5, 0xad, 0xb5, 0xad, 
	0xb5, 0xad, 0xce, 0x73, 0xce, 0x73, 0xc6, 0x31, 
	0xb5, 0xad, 0xb5, 0xad, 0xc6, 0x31, 0xd6, 0xb5, 
	0xd6, 0xb5, 0xce, 0x73, 0xc6, 0x31, 0xc6, 0x31, 
	0xb5, 0xad, 0xb5, 0xad, 0xc6, 0x31, 0xb5, 0xad, 
	0xa5, 0x29, 0xad, 0x6b, 0xb5, 0xad, 0xad, 0x6b, 
	0xad, 0x6b, 0xad, 0x6b, 0xa5, 0x29, 0xa5, 0x29, 
	0xb5, 0xad, 0xc6, 0x31, 0xc6, 0x31, 0xc6, 0x31, 
	0xce, 0x73, 0xce, 0x73, 0xce, 0x73, 0xce, 0x73, 
	0xc6, 0x31, 0xb5, 0xad, 0xad, 0x6b, 0xb5, 0xad, 
	0xb5, 0xad, 0xc6, 0x31, 0xc6, 0x31, 0xb5, 0xad, 
	0xc6, 0x31, 0xc6, 0x31, 0x8c, 0x63, 0xa5, 0x29, 
	0xb5, 0xad, 0xc6, 0x31, 0xb5, 0xad, 0xad, 0x6b, 
	0xad, 0x6b, 0x84, 0x21, 0x73, 0x9d, 0x8c, 0x63, 
	0x94, 0xa5, 0xa5, 0x29, 0xa5, 0x29, 0xa5, 0x29, 
	0xad, 0x6b, 0xb5, 0xad, 0xad, 0x6b, 0xa5, 0x29, 
	0x94, 0xa5, 0xb5, 0xad, 0xb5, 0xad, 0xb5, 0xad, 
	0xb5, 0xad, 0xb5, 0xad, 0xad, 0x6b, 0x94, 0xa5, 
	0x94, 0xa5, 0x8c, 0x63, 0x94, 0xa5, 0xa5, 0x29, 
	0x94, 0xa5, 0x8c, 0x63, 0x6b, 0x5b, 0x6b, 0x5b, 
	0x73, 0x9d, 0x94, 0xa5, 0xad, 0x6b, 0xc6, 0x31, 
	0xce, 0x73, 0xce, 0x73, 0xd6, 0xb5, 0xe7, 0x39, 
	0xe7, 0x39, 0xd6, 0xb5, 0xce, 0x73, 0xce, 0x73, 
	0xc6, 0x31, 0xad, 0x6b, 0x94, 0xa5, 0x73, 0x9d, 
	0x6b, 0x5b, 0x6b, 0x5b, 0x8c, 0x63, 0x94, 0xa5, 
	0xa5, 0x29, 0x94, 0xa5, 0x8c, 0x63, 0x94, 0xa5, 
	0x94, 0xa5, 0xad, 0x6b, 0xb5, 0xad, 0xb5, 0xad, 
	0xb5, 0xad, 0xb5, 0xad, 0xb5, 0xad, 0x94, 0xa5, 
	0xa5, 0x29, 0xad, 0x6b, 0xb5, 0xad, 0xad, 0x6b, 
	0xa5, 0x29, 0xa5, 0x29, 0xa5, 0x29, 0x94, 0xa5, 
	0x8c, 0x63, 0x73, 0x9d, 0x84, 0x21, 0xad, 0x6b, 
	0xad, 0x6b, 0xb5, 0xad, 0xc6, 0x31, 0xb5, 0xad, 
	0xa5, 0x29, 0x8c, 0x63, 0xc6, 0x31, 0xc6, 0x31, 
	0xb5, 0xad, 0xc6, 0x31, 0xc6, 0x31, 0xb5, 0xad, 
	0xb5, 0xad, 0xad, 0x6b, 0xb5, 0xad, 0xc6, 0x31, 
	0xce, 0x73, 0xce, 0x73, 0xce, 0x73, 0xce, 0x73, 
	0xc6, 0x31, 0xc6, 0x31, 0xc6, 0x31, 0xb5, 0xad, 
	0xa5, 0x29, 0xa5, 0x29, 0xad, 0x6b, 0xad, 0x6b, 
	0x94, 0xa5, 0xa5, 0x29, 0xa5, 0x29, 0xa5, 0x29, 
	0xa5, 0x29, 0xa5, 0x29, 0x94, 0xa5, 0xa5, 0x29, 
	0xb5, 0xad, 0xc6, 0x31, 0xc6, 0x31, 0xc6, 0x31, 
	0xb5, 0xad, 0xb5, 0xad, 0xc6, 0x31, 0xc6, 0x31, 
	0xc6, 0x31, 0xc6, 0x31, 0xc6, 0x31, 0xad, 0x6b, 
	0xc6, 0x31, 0xc6, 0x31, 0x84, 0x21, 0x8c, 0x63, 
	0x94, 0xa5, 0x94, 0xa5, 0x94, 0xa5, 0xa5, 0x29, 
	0x94, 0xa5, 0x84, 0x21, 0x84, 0x21, 0x8c, 0x63, 
	0xa5, 0x29, 0xad, 0x6b, 0xb5, 0xad, 0xa5, 0x29, 
	0xa5, 0x29, 0xad, 0x6b, 0xa5, 0x29, 0xa5, 0x29, 
	0x94, 0xa5, 0xa5, 0x29, 0x94, 0xa5, 0x94, 0xa5, 
	0x8c, 0x63, 0xa5, 0x29, 0x94, 0xa5, 0x84, 0x21, 
	0x84, 0x21, 0x84, 0x21, 0x8c, 0x63, 0x8c, 0x63, 
	0x84, 0x21, 0x73, 0x9d, 0x63, 0x19, 0x6b, 0x5b, 
	0x73, 0x9d, 0x8c, 0x63, 0xad, 0x6b, 0xc6, 0x31, 
	0xce, 0x73, 0xce, 0x73, 0xe7, 0x39, 0xe7, 0x39, 
	0xe7, 0x39, 0xe7, 0x39, 0xce, 0x73, 0xce, 0x73, 
	0xc6, 0x31, 0xad, 0x6b, 0x8c, 0x63, 0x73, 0x9d, 
	0x6b, 0x5b, 0x63, 0x19, 0x73, 0x9d, 0x84, 0x21, 
	0x8c, 0x63, 0x8c, 0x63, 0x84, 0x21, 0x84, 0x21, 
	0x84, 0x21, 0x94, 0xa5, 0xa5, 0x29, 0x8c, 0x63, 
	0x94, 0xa5, 0x94, 0xa5, 0xa5, 0x29, 0x94, 0xa5, 
	0xa5, 0x29, 0xa5, 0x29, 0xad, 0x6b, 0xa5, 0x29, 
	0xa5, 0x29, 0xb5, 0xad, 0xad, 0x6b, 0xa5, 0x29, 
	0x8c, 0x63, 0x84, 0x21, 0x84, 0x21, 0x94, 0xa5, 
	0xa5, 0x29, 0x94, 0xa5, 0x94, 0xa5, 0x94, 0xa5, 
	0x8c, 0x63, 0x84, 0x21, 0xc6, 0x31, 0xc6, 0x31, 
	0xad, 0x6b, 0xc6, 0x31, 0xc6, 0x31, 0xc6, 0x31, 
	0xc6, 0x31, 0xc6, 0x31, 0xb5, 0xad, 0xb5, 0xad, 
	0xc6, 0x31, 0xc6, 0x31, 0xc6, 0x31, 0xb5, 0xad, 
	0xa5, 0x29, 0x94, 0xa5, 0xa5, 0x29, 0xa5, 0x29, 
	0xa5, 0x29, 0xa5, 0x29, 0xa5, 0x29, 0x94, 0xa5, 
	0x84, 0x21, 0x94, 0xa5, 0x94, 0xa5, 0x8c, 0x63, 
	0x8c, 0x63, 0x84, 0x21, 0x84, 0x21, 0x8c, 0x63, 
	0x94, 0xa5, 0xa5, 0x29, 0xad, 0x6b, 0xad, 0x6b, 
	0xa5, 0x29, 0xa5, 0x29, 0xa5, 0x29, 0xad, 0x6b, 
	0xb5, 0xad, 0xad, 0x6b, 0x94, 0xa5, 0x73, 0x9d, 
	0x8c, 0x63, 0x84, 0x21, 0x6b, 0x5b, 0x6b, 0x5b, 
	0x73, 0x9d, 0x84, 0x21, 0x84, 0x21, 0x94, 0xa5, 
	0x94, 0xa5, 0x8c, 0x63, 0x84, 0x21, 0x73, 0x9d, 
	0x84, 0x21, 0x8c, 0x63, 0x8c, 0x63, 0x84, 0x21, 
	0x8c, 0x63, 0x8c, 0x63, 0x8c, 0x63, 0x8c, 0x63, 
	0x73, 0x9d, 0x73, 0x9d, 0x73, 0x9d, 0x73, 0x9d, 
	0x73, 0x9d, 0x94, 0xa5, 0x94, 0xa5, 0x94, 0xa5, 
	0x94, 0xa5, 0x94, 0xa5, 0x8c, 0x63, 0x84, 0x21, 
	0x73, 0x9d, 0x6b, 0x5b, 0x52, 0x95, 0x6b, 0x5b, 
	0x73, 0x9d, 0x8c, 0x63, 0xb5, 0xad, 0xc6, 0x31, 
	0xc6, 0x31, 0xce, 0x73, 0xe7, 0x39, 0xe7, 0x39, 
	0xe7, 0x39, 0xe7, 0x39, 0xce, 0x73, 0xc6, 0x31, 
	0xc6, 0x31, 0xb5, 0xad, 0x8c, 0x63, 0x73, 0x9d, 
	0x6b, 0x5b, 0x52, 0x95, 0x6b, 0x5b, 0x73, 0x9d, 
	0x84, 0x21, 0x8c, 0x63, 0x94, 0xa5, 0x94, 0xa5, 
	0x94, 0xa5, 0x94, 0xa5, 0x94, 0xa5, 0x73, 0x9d, 
	0x73, 0x9d, 0x73, 0x9d, 0x73, 0x9d, 0x73, 0x9d, 
	0x8c, 0x63, 0x8c, 0x63, 0x8c, 0x63, 0x8c, 0x63, 
	0x84, 0x21, 0x8c, 0x63, 0x8c, 0x63, 0x84, 0x21, 
	0x73, 0x9d, 0x84, 0x21, 0x8c, 0x63, 0x94, 0xa5, 
	0x94, 0xa5, 0x84, 0x21, 0x84, 0x21, 0x73, 0x9d, 
	0x6b, 0x5b, 0x6b, 0x5b, 0x84, 0x21, 0x8c, 0x63, 
	0x73, 0x9d, 0x94, 0xa5, 0xad, 0x6b, 0xb5, 0xad, 
	0xad, 0x6b, 0xa5, 0x29, 0xa5, 0x29, 0xa5, 0x29, 
	0xad, 0x6b, 0xad, 0x6b, 0xa5, 0x29, 0x94, 0xa5, 
	0x8c, 0x63, 0x84, 0x21, 0x84, 0x21, 0x8c, 0x63, 
	0x8c, 0x63, 0x94, 0xa5, 0x94, 0xa5, 0x84, 0x21, 
	0x84, 0x21, 0x84, 0x21, 0x73, 0x9d, 0x6b, 0x5b, 
	0x6b, 0x5b, 0x6b, 0x5b, 0x73, 0x9d, 0x6b, 0x5b, 
	0x6b, 0x5b, 0x73, 0x9d, 0x84, 0x21, 0x84, 0x21, 
	0x84, 0x21, 0x73, 0x9d, 0x84, 0x21, 0x84, 0x21, 
	0xa5, 0x29, 0x94, 0xa5, 0x84, 0x21, 0x6b, 0x5b, 
	0x63, 0x19, 0x52, 0x95, 0x63, 0x19, 0x63, 0x19, 
	0x52, 0x95, 0x52, 0x95, 0x63, 0x19, 0x63, 0x19, 
	0x6b, 0x5b, 0x6b, 0x5b, 0x63, 0x19, 0x52, 0x95, 
	0x52, 0x95, 0x52, 0x95, 0x52, 0x95, 0x6b, 0x5b, 
	0x6b, 0x5b, 0x73, 0x9d, 0x73, 0x9d, 0x6b, 0x5b, 
	0x6b, 0x5b, 0x6b, 0x5b, 0x6b, 0x5b, 0x73, 0x9d, 
	0x73, 0x9d, 0x8c, 0x63, 0x94, 0xa5, 0x94, 0xa5, 
	0x94, 0xa5, 0x8c, 0x63, 0x84, 0x21, 0x73, 0x9d, 
	0x6b, 0x5b, 0x6b, 0x5b, 0x6b, 0x5b, 0x6b, 0x5b, 
	0x73, 0x9d, 0x94, 0xa5, 0xb5, 0xad, 0xc6, 0x31, 
	0xc6, 0x31, 0xd6, 0xb5, 0xe7, 0x39, 0xe7, 0x39, 
	0xe7, 0x39, 0xe7, 0x39, 0xd6, 0xb5, 0xc6, 0x31, 
	0xc6, 0x31, 0xb5, 0xad, 0x94, 0xa5, 0x73, 0x9d, 
	0x6b, 0x5b, 0x6b, 0x5b, 0x6b, 0x5b, 0x6b, 0x5b, 
	0x73, 0x9d, 0x84, 0x21, 0x8c, 0x63, 0x94, 0xa5, 
	0x94, 0xa5, 0x94, 0xa5, 0x8c, 0x63, 0x73, 0x9d, 
	0x73, 0x9d, 0x6b, 0x5b, 0x6b, 0x5b, 0x6b, 0x5b, 
	0x6b, 0x5b, 0x73, 0x9d, 0x73, 0x9d, 0x6b, 0x5b, 
	0x6b, 0x5b, 0x52, 0x95, 0x52, 0x95, 0x52, 0x95, 
	0x52, 0x95, 0x63, 0x19, 0x6b, 0x5b, 0x6b, 0x5b, 
	0x63, 0x19, 0x63, 0x19, 0x52, 0x95, 0x52, 0x95, 
	0x63, 0x19, 0x63, 0x19, 0x52, 0x95, 0x63, 0x19, 
	0x6b, 0x5b, 0x84, 0x21, 0x94, 0xa5, 0xa5, 0x29, 
	0x84, 0x21, 0x84, 0x21, 0x73, 0x9d, 0x84, 0x21, 
	0x84, 0x21, 0x84, 0x21, 0x73, 0x9d, 0x6b, 0x5b, 
	0x6b, 0x5b, 0x73, 0x9d, 0x6b, 0x5b, 0x6b, 0x5b, 
	0x6b, 0x5b, 0x73, 0x9d, 0x84, 0x21, 0x84, 0x21, 
	0x8c, 0x63, 0x84, 0x21, 0x84, 0x21, 0x84, 0x21, 
	0x73, 0x9d, 0x6b, 0x5b, 0x63, 0x19, 0x52, 0x95, 
	0x63, 0x19, 0x73, 0x9d, 0x73, 0x9d, 0x73, 0x9d, 
	0x73, 0x9d, 0x73, 0x9d, 0x84, 0x21, 0x73, 0x9d, 
	0x84, 0x21, 0x73, 0x9d, 0x6b, 0x5b, 0x63, 0x19, 
	0x73, 0x9d, 0x84, 0x21, 0x84, 0x21, 0x84, 0x21, 
	0x63, 0x19, 0x63, 0x19, 0x63, 0x19, 0x63, 0x19, 
	0x63, 0x19, 0x6b, 0x5b, 0x6b, 0x5b, 0x63, 0x19, 
	0x63, 0x19, 0x63, 0x19, 0x63, 0x19, 0x6b, 0x5b, 
	0x6b, 0x5b, 0x6b, 0x5b, 0x63, 0x19, 0x6b, 0x5b, 
	0x6b, 0x5b, 0x6b, 0x5b, 0x6b, 0x5b, 0x84, 0x21, 
	0x73, 0x9d, 0x73, 0x9d, 0x84, 0x21, 0x84, 0x21, 
	0x84, 0x21, 0x73, 0x9d, 0x73, 0x9d, 0x6b, 0x5b, 
	0x63, 0x19, 0x73, 0x9d, 0x6b, 0x5b, 0x6b, 0x5b, 
	0x84, 0x21, 0xad, 0x6b, 0xce, 0x73, 0xce, 0x73, 
	0xce, 0x73, 0xd6, 0xb5, 0xd6, 0xb5, 0xe7, 0x39, 
	0xe7, 0x39, 0xd6, 0xb5, 0xd6, 0xb5, 0xce, 0x73, 
	0xce, 0x73, 0xce, 0x73, 0xad, 0x6b, 0x84, 0x21, 
	0x6b, 0x5b, 0x6b, 0x5b, 0x73, 0x9d, 0x63, 0x19, 
	0x6b, 0x5b, 0x73, 0x9d, 0x73, 0x9d, 0x84, 0x21, 
	0x84, 0x21, 0x84, 0x21, 0x73, 0x9d, 0x73, 0x9d, 
	0x84, 0x21, 0x6b, 0x5b, 0x6b, 0x5b, 0x6b, 0x5b, 
	0x6b, 0x5b, 0x63, 0x19, 0x6b, 0x5b, 0x6b, 0x5b, 
	0x6b, 0x5b, 0x63, 0x19, 0x63, 0x19, 0x63, 0x19, 
	0x63, 0x19, 0x6b, 0x5b, 0x6b, 0x5b, 0x63, 0x19, 
	0x63, 0x19, 0x63, 0x19, 0x63, 0x19, 0x63, 0x19, 
	0x84, 0x21, 0x84, 0x21, 0x84, 0x21, 0x73, 0x9d, 
	0x63, 0x19, 0x6b, 0x5b, 0x73, 0x9d, 0x84, 0x21, 
	0x73, 0x9d, 0x84, 0x21, 0x73, 0x9d, 0x73, 0x9d, 
	0x73, 0x9d, 0x73, 0x9d, 0x73, 0x9d, 0x63, 0x19, 
	0x52, 0x95, 0x63, 0x19, 0x6b, 0x5b, 0x73, 0x9d, 
	0x84, 0x21, 0x84, 0x21, 0x84, 0x21, 0x8c, 0x63, 
	0x8c, 0x63, 0xad, 0x6b, 0xc6, 0x31, 0xc6, 0x31, 
	0xc6, 0x31, 0xb5, 0xad, 0xb5, 0xad, 0xad, 0x6b, 
	0x94, 0xa5, 0xa5, 0x29, 0xa5, 0x29, 0x94, 0xa5, 
	0xa5, 0x29, 0xad, 0x6b, 0xa5, 0x29, 0xad, 0x6b, 
	0xb5, 0xad, 0xb5, 0xad, 0xa5, 0x29, 0x8c, 0x63, 
	0x8c, 0x63, 0x94, 0xa5, 0x8c, 0x63, 0x84, 0x21, 
	0x73, 0x9d, 0x73, 0x9d, 0x84, 0x21, 0x84, 0x21, 
	0xa5, 0x29, 0xa5, 0x29, 0xa5, 0x29, 0x94, 0xa5, 
	0x8c, 0x63, 0x8c, 0x63, 0x94, 0xa5, 0xad, 0x6b, 
	0xad, 0x6b, 0x94, 0xa5, 0x94, 0xa5, 0xa5, 0x29, 
	0xc6, 0x31, 0xce, 0x73, 0xce, 0x73, 0xce, 0x73, 
	0xce, 0x73, 0xce, 0x73, 0xd6, 0xb5, 0xe7, 0x39, 
	0xe7, 0x39, 0xd6, 0xb5, 0xd6, 0xb5, 0xd6, 0xb5, 
	0xe7, 0x39, 0xe7, 0x39, 0x6b, 0x5b, 0x6b, 0x5b, 
	0x8c, 0x63, 0xb5, 0xad, 0xce, 0x73, 0xce, 0x73, 
	0xce, 0x73, 0xd6, 0xb5, 0xe7, 0x39, 0xe7, 0x39, 
	0xe7, 0x39, 0xe7, 0x39, 0xd6, 0xb5, 0xce, 0x73, 
	0xce, 0x73, 0xce, 0x73, 0xb5, 0xad, 0x8c, 0x63, 
	0x6b, 0x5b, 0x6b, 0x5b, 0xe7, 0x39, 0xe7, 0x39, 
	0xd6, 0xb5, 0xd6, 0xb5, 0xd6, 0xb5, 0xe7, 0x39, 
	0xe7, 0x39, 0xd6, 0xb5, 0xce, 0x73, 0xce, 0x73, 
	0xce, 0x73, 0xce, 0x73, 0xce, 0x73, 0xc6, 0x31, 
	0xa5, 0x29, 0x94, 0xa5, 0x94, 0xa5, 0xad, 0x6b, 
	0xad, 0x6b, 0x94, 0xa5, 0x8c, 0x63, 0x8c, 0x63, 
	0x94, 0xa5, 0xa5, 0x29, 0xa5, 0x29, 0xa5, 0x29, 
	0x84, 0x21, 0x84, 0x21, 0x73, 0x9d, 0x73, 0x9d, 
	0x84, 0x21, 0x8c, 0x63, 0x94, 0xa5, 0x8c, 0x63, 
	0x8c, 0x63, 0xa5, 0x29, 0xb5, 0xad, 0xb5, 0xad, 
	0xad, 0x6b, 0xa5, 0x29, 0xad, 0x6b, 0xa5, 0x29, 
	0x94, 0xa5, 0xa5, 0x29, 0xa5, 0x29, 0x94, 0xa5, 
	0xad, 0x6b, 0xb5, 0xad, 0xb5, 0xad, 0xc6, 0x31, 
	0xc6, 0x31, 0xc6, 0x31, 0xad, 0x6b, 0x8c, 0x63, 
	0x94, 0xa5, 0xce, 0x73, 0xd6, 0xb5, 0xe7, 0x39, 
	0xe7, 0x39, 0xd6, 0xb5, 0xd6, 0xb5, 0xe7, 0x39, 
	0xd6, 0xb5, 0xe7, 0x39, 0xe7, 0x39, 0xe7, 0x39, 
	0xe7, 0x39, 0xd6, 0xb5, 0xce, 0x73, 0xce, 0x73, 
	0xc6, 0x31, 0xc6, 0x31, 0xc6, 0x31, 0xad, 0x6b, 
	0xc6, 0x31, 0xd6, 0xb5, 0xd6, 0xb5, 0xd6, 0xb5, 
	0xd6, 0xb5, 0xd6, 0xb5, 0xd6, 0xb5, 0xe7, 0x39, 
	0xe7, 0x39, 0xce, 0x73, 0xb5, 0xad, 0xad, 0x6b, 
	0x8c, 0x63, 0x94, 0xa5, 0xad, 0x6b, 0xc6, 0x31, 
	0xce, 0x73, 0xce, 0x73, 0xd6, 0xb5, 0xe7, 0x39, 
	0xe7, 0x39, 0xe7, 0x39, 0xe7, 0x39, 0xe7, 0x39, 
	0xe7, 0x39, 0xe7, 0x39, 0xe7, 0x39, 0xe7, 0x39, 
	0xe7, 0x39, 0xe7, 0x39, 0xe7, 0x39, 0xe7, 0x39, 
	0xe7, 0x39, 0xe7, 0x39, 0x6b, 0x5b, 0x63, 0x19, 
	0x84, 0x21, 0xad, 0x6b, 0xc6, 0x31, 0xce, 0x73, 
	0xce, 0x73, 0xe7, 0x39, 0xe7, 0x39, 0xe7, 0x39, 
	0xe7, 0x39, 0xe7, 0x39, 0xe7, 0x39, 0xce, 0x73, 
	0xce, 0x73, 0xc6, 0x31, 0xad, 0x6b, 0x84, 0x21, 
	0x63, 0x19, 0x6b, 0x5b, 0xe7, 0x39, 0xe7, 0x39, 
	0xe7, 0x39, 0xe7, 0x39, 0xe7, 0x39, 0xe7, 0x39, 
	0xe7, 0x39, 0xe7, 0x39, 0xe7, 0x39, 0xe7, 0x39, 
	0xe7, 0x39, 0xe7, 0x39, 0xe7, 0x39, 0xe7, 0x39, 
	0xe7, 0x39, 0xd6, 0xb5, 0xce, 0x73, 0xce, 0x73, 
	0xc6, 0x31, 0xad, 0x6b, 0x94, 0xa5, 0x8c, 0x63, 
	0xad, 0x6b, 0xb5, 0xad, 0xce, 0x73, 0xe7, 0x39, 
	0xe7, 0x39, 0xd6, 0xb5, 0xd6, 0xb5, 0xd6, 0xb5, 
	0xd6, 0xb5, 0xd6, 0xb5, 0xd6, 0xb5, 0xc6, 0x31, 
	0xad, 0x6b, 0xc6, 0x31, 0xc6, 0x31, 0xc6, 0x31, 
	0xce, 0x73, 0xce, 0x73, 0xd6, 0xb5, 0xe7, 0x39, 
	0xe7, 0x39, 0xe7, 0x39, 0xe7, 0x39, 0xd6, 0xb5, 
	0xe7, 0x39, 0xd6, 0xb5, 0xd6, 0xb5, 0xe7, 0x39, 
	0xe7, 0x39, 0xd6, 0xb5, 0xce, 0x73, 0x94, 0xa5, 
	0x94, 0xa5, 0xb5, 0xad, 0xce, 0x73, 0xd6, 0xb5, 
	0xe7, 0x39, 0xd6, 0xb5, 0xe7, 0x39, 0xe7, 0x39, 
	0xe7, 0x39, 0xe7, 0x39, 0xe7, 0x39, 0xe7, 0x39, 
	0xe7, 0x39, 0xe7, 0x39, 0xe7, 0x39, 0xc6, 0x31, 
	0xce, 0x73, 0xc6, 0x31, 0xce, 0x73, 0xc6, 0x31, 
	0xce, 0x73, 0xd6, 0xb5, 0xce, 0x73, 0xe7, 0x39, 
	0xe7, 0x39, 0xe7, 0x39, 0xe7, 0x39, 0xe7, 0x39, 
	0xe7, 0x39, 0xe7, 0x39, 0xd6, 0xb5, 0xad, 0x6b, 
	0x8c, 0x63, 0xad, 0x6b, 0xce, 0x73, 0xd6, 0xb5, 
	0xe7, 0x39, 0xe7, 0x39, 0xe7, 0x39, 0xe7, 0x39, 
	0xe7, 0x39, 0xe7, 0x39, 0xe7, 0x39, 0xe7, 0x39, 
	0xe7, 0x39, 0xe7, 0x39, 0xe7, 0x39, 0xe7, 0x39, 
	0xe7, 0x39, 0xe7, 0x39, 0xe7, 0x39, 0xe7, 0x39, 
	0xe7, 0x39, 0xe7, 0x39, 0x84, 0x21, 0x63, 0x19, 
	0x6b, 0x5b, 0x8c, 0x63, 0xb5, 0xad, 0xc6, 0x31, 
	0xce, 0x73, 0xe7, 0x39, 0xe7, 0x39, 0xd6, 0xb5, 
	0xd6, 0xb5, 0xe7, 0x39, 0xe7, 0x39, 0xce, 0x73, 
	0xc6, 0x31, 0xb5, 0xad, 0x8c, 0x63, 0x6b, 0x5b, 
	0x63, 0x19, 0x84, 0x21, 0xe7, 0x39, 0xe7, 0x39, 
	0xe7, 0x39, 0xe7, 0x39, 0xe7, 0x39, 0xe7, 0x39, 
	0xe7, 0x39, 0xe7, 0x39, 0xe7, 0x39, 0xe7, 0x39, 
	0xe7, 0x39, 0xe7, 0x39, 0xe7, 0x39, 0xe7, 0x39, 
	0xe7, 0x39, 0xe7, 0x39, 0xe7, 0x39, 0xe7, 0x39, 
	0xd6, 0xb5, 0xce, 0x73, 0xad, 0x6b, 0x8c, 0x63, 
	0xad, 0x6b, 0xd6, 0xb5, 0xe7, 0x39, 0xe7, 0x39, 
	0xe7, 0x39, 0xe7, 0x39, 0xe7, 0x39, 0xe7, 0x39, 
	0xe7, 0x39, 0xce, 0x73, 0xd6, 0xb5, 0xce, 0x73, 
	0xc6, 0x31, 0xce, 0x73, 0xc6, 0x31, 0xce, 0x73, 
	0xc6, 0x31, 0xe7, 0x39, 0xe7, 0x39, 0xe7, 0x39, 
	0xe7, 0x39, 0xe7, 0x39, 0xe7, 0x39, 0xe7, 0x39, 
	0xe7, 0x39, 0xe7, 0x39, 0xd6, 0xb5, 0xe7, 0x39, 
	0xd6, 0xb5, 0xce, 0x73, 0xb5, 0xad, 0x94, 0xa5, 
	0xa5, 0x29, 0xc6, 0x31, 0xce, 0x73, 0xd6, 0xb5, 
	0xd6, 0xb5, 0xd6, 0xb5, 0xd6, 0xb5, 0xd6, 0xb5, 
	0xce, 0x73, 0xd6, 0xb5, 0xe7, 0x39, 0xe7, 0x39, 
	0xe7, 0x39, 0xe7, 0x39, 0xce, 0x73, 0xd6, 0xb5, 
	0xce, 0x73, 0xd6, 0xb5, 0xce, 0x73, 0xce, 0x73, 
	0xc6, 0x31, 0xce, 0x73, 0xce, 0x73, 0xd6, 0xb5, 
	0xe7, 0x39, 0xe7, 0x39, 0xe7, 0x39, 0xe7, 0x39, 
	0xe7, 0x39, 0xe7, 0x39, 0xd6, 0xb5, 0xc6, 0x31, 
	0xb5, 0xad, 0xce, 0x73, 0xe7, 0x39, 0xe7, 0x39, 
	0xe7, 0x39, 0xd6, 0xb5, 0xe7, 0x39, 0xe7, 0x39, 
	0xe7, 0x39, 0xe7, 0x39, 0xe7, 0x39, 0xe7, 0x39, 
	0xd6, 0xb5, 0xd6, 0xb5, 0xe7, 0x39, 0xe7, 0x39, 
	0xe7, 0x39, 0xe7, 0x39, 0xe7, 0x39, 0xe7, 0x39, 
	0xe7, 0x39, 0xd6, 0xb5, 0xb5, 0xad, 0x63, 0x19, 
	0x6b, 0x5b, 0x84, 0x21, 0xb5, 0xad, 0xc6, 0x31, 
	0xce, 0x73, 0xe7, 0x39, 0xe7, 0x39, 0xd6, 0xb5, 
	0xd6, 0xb5, 0xe7, 0x39, 0xe7, 0x39, 0xce, 0x73, 
	0xc6, 0x31, 0xb5, 0xad, 0x84, 0x21, 0x6b, 0x5b, 
	0x63, 0x19, 0xb5, 0xad, 0xd6, 0xb5, 0xe7, 0x39, 
	0xe7, 0x39, 0xe7, 0x39, 0xe7, 0x39, 0xe7, 0x39, 
	0xe7, 0x39, 0xe7, 0x39, 0xd6, 0xb5, 0xd6, 0xb5, 
	0xe7, 0x39, 0xe7, 0x39, 0xe7, 0x39, 0xe7, 0x39, 
	0xe7, 0x39, 0xe7, 0x39, 0xd6, 0xb5, 0xe7, 0x39, 
	0xe7, 0x39, 0xe7, 0x39, 0xce, 0x73, 0xb5, 0xad, 
	0xc6, 0x31, 0xd6, 0xb5, 0xe7, 0x39, 0xe7, 0x39, 
	0xe7, 0x39, 0xe7, 0x39, 0xe7, 0x39, 0xe7, 0x39, 
	0xd6, 0xb5, 0xce, 0x73, 0xce, 0x73, 0xc6, 0x31, 
	0xce, 0x73, 0xce, 0x73, 0xd6, 0xb5, 0xce, 0x73, 
	0xd6, 0xb5, 0xce, 0x73, 0xe7, 0x39, 0xe7, 0x39, 
	0xe7, 0x39, 0xe7, 0x39, 0xd6, 0xb5, 0xce, 0x73, 
	0xd6, 0xb5, 0xd6, 0xb5, 0xd6, 0xb5, 0xd6, 0xb5, 
	0xd6, 0xb5, 0xce, 0x73, 0xc6, 0x31, 0xa5, 0x29, 
	0xa5, 0x29, 0xc6, 0x31, 0xd6, 0xb5, 0xd6, 0xb5, 
	0xd6, 0xb5, 0xd6, 0xb5, 0xd6, 0xb5, 0xd6, 0xb5, 
	0xce, 0x73, 0xd6, 0xb5, 0xd6, 0xb5, 0xe7, 0x39, 
	0xd6, 0xb5, 0xce, 0x73, 0xc6, 0x31, 0xb5, 0xad, 
	0xce, 0x73, 0xc6, 0x31, 0xce, 0x73, 0xc6, 0x31, 
	0xb5, 0xad, 0xc6, 0x31, 0xce, 0x73, 0xd6, 0xb5, 
	0xe7, 0x39, 0xe7, 0x39, 0xe7, 0x39, 0xe7, 0x39, 
	0xe7, 0x39, 0xd6, 0xb5, 0xd6, 0xb5, 0xc6, 0x31, 
	0xa5, 0x29, 0xb5, 0xad, 0xd6, 0xb5, 0xe7, 0x39, 
	0xe7, 0x39, 0xce, 0x73, 0xe7, 0x39, 0xe7, 0x39, 
	0xe7, 0x39, 0xe7, 0x39, 0xe7, 0x39, 0xd6, 0xb5, 
	0xd6, 0xb5, 0xd6, 0xb5, 0xd6, 0xb5, 0xd6, 0xb5, 
	0xe7, 0x39, 0xe7, 0x39, 0xe7, 0x39, 0xe7, 0x39, 
	0xd6, 0xb5, 0xce, 0x73, 0xad, 0x6b, 0x63, 0x19, 
	0x6b, 0x5b, 0x84, 0x21, 0xb5, 0xad, 0xb5, 0xad, 
	0xce, 0x73, 0xe7, 0x39, 0xe7, 0x39, 0xe7, 0x39, 
	0xe7, 0x39, 0xe7, 0x39, 0xe7, 0x39, 0xce, 0x73, 
	0xb5, 0xad, 0xb5, 0xad, 0x84, 0x21, 0x6b, 0x5b, 
	0x63, 0x19, 0xad, 0x6b, 0xce, 0x73, 0xd6, 0xb5, 
	0xe7, 0x39, 0xe7, 0x39, 0xe7, 0x39, 0xe7, 0x39, 
	0xd6, 0xb5, 0xd6, 0xb5, 0xd6, 0xb5, 0xd6, 0xb5, 
	0xd6, 0xb5, 0xe7, 0x39, 0xe7, 0x39, 0xe7, 0x39, 
	0xe7, 0x39, 0xe7, 0x39, 0xce, 0x73, 0xe7, 0x39, 
	0xe7, 0x39, 0xd6, 0xb5, 0xb5, 0xad, 0xa5, 0x29, 
	0xc6, 0x31, 0xd6, 0xb5, 0xd6, 0xb5, 0xe7, 0x39, 
	0xe7, 0x39, 0xe7, 0x39, 0xe7, 0x39, 0xe7, 0x39, 
	0xd6, 0xb5, 0xce, 0x73, 0xc6, 0x31, 0xb5, 0xad, 
	0xc6, 0x31, 0xce, 0x73, 0xc6, 0x31, 0xce, 0x73, 
	0xb5, 0xad, 0xc6, 0x31, 0xce, 0x73, 0xd6, 0xb5, 
	0xe7, 0x39, 0xd6, 0xb5, 0xd6, 0xb5, 0xce, 0x73, 
	0xd6, 0xb5, 0xd6, 0xb5, 0xd6, 0xb5, 0xd6, 0xb5, 
	0xd6, 0xb5, 0xd6, 0xb5, 0xc6, 0x31, 0xa5, 0x29, 
	0xa5, 0x29, 0xb5, 0xad, 0xc6, 0x31, 0xd6, 0xb5, 
	0xe7, 0x39, 0xd6, 0xb5, 0xce, 0x73, 0xce, 0x73, 
	0xce, 0x73, 0xe7, 0x39, 0xd6, 0xb5, 0xce, 0x73, 
	0xce, 0x73, 0xce, 0x73, 0xc6, 0x31, 0xc6, 0x31, 
	0xc6, 0x31, 0xc6, 0x31, 0xce, 0x73, 0xc6, 0x31, 
	0xc6, 0x31, 0xce, 0x73, 0xd6, 0xb5, 0xd6, 0xb5, 
	0xe7, 0x39, 0xe7, 0x39, 0xe7, 0x39, 0xd6, 0xb5, 
	0xce, 0x73, 0xce, 0x73, 0xce, 0x73, 0xce, 0x73, 
	0xb5, 0xad, 0xce, 0x73, 0xd6, 0xb5, 0xe7, 0x39, 
	0xe7, 0x39, 0xe7, 0x39, 0xe7, 0x39, 0xe7, 0x39, 
	0xe7, 0x39, 0xe7, 0x39, 0xe7, 0x39, 0xe7, 0x39, 
	0xe7, 0x39, 0xe7, 0x39, 0xe7, 0x39, 0xe7, 0x39, 
	0xe7, 0x39, 0xe7, 0x39, 0xe7, 0x39, 0xe7, 0x39, 
	0xe7, 0x39, 0xe7, 0x39, 0xb5, 0xad, 0x6b, 0x5b, 
	0x6b, 0x5b, 0x8c, 0x63, 0xb5, 0xad, 0xc6, 0x31, 
	0xd6, 0xb5, 0xe7, 0x39, 0xe7, 0x39, 0xe7, 0x39, 
	0xe7, 0x39, 0xe7, 0x39, 0xe7, 0x39, 0xd6, 0xb5, 
	0xc6, 0x31, 0xb5, 0xad, 0x8c, 0x63, 0x6b, 0x5b, 
	0x6b, 0x5b, 0xb5, 0xad, 0xe7, 0x39, 0xe7, 0x39, 
	0xe7, 0x39, 0xe7, 0x39, 0xe7, 0x39, 0xe7, 0x39, 
	0xe7, 0x39, 0xe7, 0x39, 0xe7, 0x39, 0xe7, 0x39, 
	0xe7, 0x39, 0xe7, 0x39, 0xe7, 0x39, 0xe7, 0x39, 
	0xe7, 0x39, 0xe7, 0x39, 0xe7, 0x39, 0xe7, 0x39, 
	0xe7, 0x39, 0xd6, 0xb5, 0xce, 0x73, 0xb5, 0xad, 
	0xce, 0x73, 0xce, 0x73, 0xce, 0x73, 0xce, 0x73, 
	0xd6, 0xb5, 0xe7, 0x39, 0xe7, 0x39, 0xe7, 0x39, 
	0xd6, 0xb5, 0xd6, 0xb5, 0xce, 0x73, 0xc6, 0x31, 
	0xc6, 0x31, 0xce, 0x73, 0xc6, 0x31, 0xc6, 0x31, 
	0xc6, 0x31, 0xc6, 0x31, 0xce, 0x73, 0xce, 0x73, 
	0xce, 0x73, 0xd6, 0xb5, 0xe7, 0x39, 0xce, 0x73, 
	0xce, 0x73, 0xce, 0x73, 0xd6, 0xb5, 0xe7, 0x39, 
	0xd6, 0xb5, 0xc6, 0x31, 0xb5, 0xad, 0xa5, 0x29, 
	0x8c, 0x63, 0xa5, 0x29, 0xb5, 0xad, 0xce, 0x73, 
	0xd6, 0xb5, 0xd6, 0xb5, 0xc6, 0x31, 0xc6, 0x31, 
	0xd6, 0xb5, 0xd6, 0xb5, 0xd6, 0xb5, 0xce, 0x73, 
	0xb5, 0xad, 0xe7, 0x39, 0xb5, 0xad, 0xb5, 0xad, 
	0xce, 0x73, 0xce, 0x73, 0xd6, 0xb5, 0xce, 0x73, 
	0xce, 0x73, 0xd6, 0xb5, 0xe7, 0x39, 0xe7, 0x39, 
	0xe7, 0x39, 0xe7, 0x39, 0xe7, 0x39, 0xd6, 0xb5, 
	0xd6, 0xb5, 0xd6, 0xb5, 0xce, 0x73, 0xb5, 0xad, 
	0xa5, 0x29, 0xb5, 0xad, 0xd6, 0xb5, 0xe7, 0x39, 
	0xe7, 0x39, 0xe7, 0x39, 0xe7, 0x39, 0xe7, 0x39, 
	0xe7, 0x39, 0xe7, 0x39, 0xe7, 0x39, 0xe7, 0x39, 
	0xe7, 0x39, 0xe7, 0x39, 0xe7, 0x39, 0xe7, 0x39, 
	0xe7, 0x39, 0xe7, 0x39, 0xe7, 0x39, 0xe7, 0x39, 
	0xe7, 0x39, 0xe7, 0x39, 0xa5, 0x29, 0x73, 0x9d, 
	0x6b, 0x5b, 0x94, 0xa5, 0xb5, 0xad, 0xc6, 0x31, 
	0xe7, 0x39, 0xe7, 0x39, 0xe7, 0x39, 0xe7, 0x39, 
	0xe7, 0x39, 0xe7, 0x39, 0xe7, 0x39, 0xe7, 0x39, 
	0xc6, 0x31, 0xb5, 0xad, 0x94, 0xa5, 0x6b, 0x5b, 
	0x73, 0x9d, 0xa5, 0x29, 0xe7, 0x39, 0xe7, 0x39, 
	0xe7, 0x39, 0xe7, 0x39, 0xe7, 0x39, 0xe7, 0x39, 
	0xe7, 0x39, 0xe7, 0x39, 0xe7, 0x39, 0xe7, 0x39, 
	0xe7, 0x39, 0xe7, 0x39, 0xe7, 0x39, 0xe7, 0x39, 
	0xe7, 0x39, 0xe7, 0x39, 0xe7, 0x39, 0xe7, 0x39, 
	0xe7, 0x39, 0xd6, 0xb5, 0xb5, 0xad, 0xa5, 0x29, 
	0xb5, 0xad, 0xce, 0x73, 0xd6, 0xb5, 0xd6, 0xb5, 
	0xd6, 0xb5, 0xe7, 0x39, 0xe7, 0x39, 0xe7, 0x39, 
	0xe7, 0x39, 0xe7, 0x39, 0xd6, 0xb5, 0xce, 0x73, 
	0xce, 0x73, 0xd6, 0xb5, 0xce, 0x73, 0xce, 0x73, 
	0xb5, 0xad, 0xb5, 0xad, 0xe7, 0x39, 0xb5, 0xad, 
	0xce, 0x73, 0xd6, 0xb5, 0xd6, 0xb5, 0xd6, 0xb5, 
	0xc6, 0x31, 0xc6, 0x31, 0xd6, 0xb5, 0xd6, 0xb5, 
	0xce, 0x73, 0xb5, 0xad, 0xa5, 0x29, 0x8c, 0x63, 
	0x84, 0x21, 0x94, 0xa5, 0xa5, 0x29, 0xad, 0x6b, 
	0xad, 0x6b, 0xb5, 0xad, 0xb5, 0xad, 0x8c, 0x63, 
	0xa5, 0x29, 0xad, 0x6b, 0xad, 0x6b, 0x94, 0xa5, 
	0x94, 0xa5, 0x94, 0xa5, 0x94, 0xa5, 0x94, 0xa5, 
	0x94, 0xa5, 0xa5, 0x29, 0xa5, 0x29, 0xa5, 0x29, 
	0xa5, 0x29, 0xb5, 0xad, 0xd6, 0xb5, 0xd6, 0xb5, 
	0xd6, 0xb5, 0xd6, 0xb5, 0xce, 0x73, 0xc6, 0x31, 
	0xb5, 0xad, 0xb5, 0xad, 0xb5, 0xad, 0xa5, 0x29, 
	0x8c, 0x63, 0x94, 0xa5, 0xb5, 0xad, 0xd6, 0xb5, 
	0xe7, 0x39, 0xe7, 0x39, 0xe7, 0x39, 0xe7, 0x39, 
	0xe7, 0x39, 0xce, 0x73, 0xc6, 0x31, 0xce, 0x73, 
	0xce, 0x73, 0xce, 0x73, 0xce, 0x73, 0xe7, 0x39, 
	0xe7, 0x39, 0xe7, 0x39, 0xe7, 0x39, 0xe7, 0x39, 
	0xe7, 0x39, 0xe7, 0x39, 0x8c, 0x63, 0x73, 0x9d, 
	0x73, 0x9d, 0xb5, 0xad, 0xb5, 0xad, 0xc6, 0x31, 
	0xe7, 0x39, 0xe7, 0x39, 0xe7, 0x39, 0xe7, 0x39, 
	0xe7, 0x39, 0xe7, 0x39, 0xe7, 0x39, 0xe7, 0x39, 
	0xc6, 0x31, 0xb5, 0xad, 0xb5, 0xad, 0x73, 0x9d, 
	0x73, 0x9d, 0x8c, 0x63, 0xe7, 0x39, 0xe7, 0x39, 
	0xe7, 0x39, 0xe7, 0x39, 0xe7, 0x39, 0xe7, 0x39, 
	0xe7, 0x39, 0xce, 0x73, 0xce, 0x73, 0xce, 0x73, 
	0xce, 0x73, 0xc6, 0x31, 0xce, 0x73, 0xe7, 0x39, 
	0xe7, 0x39, 0xe7, 0x39, 0xe7, 0x39, 0xe7, 0x39, 
	0xd6, 0xb5, 0xb5, 0xad, 0x94, 0xa5, 0x8c, 0x63, 
	0xa5, 0x29, 0xb5, 0xad, 0xb5, 0xad, 0xb5, 0xad, 
	0xc6, 0x31, 0xce, 0x73, 0xd6, 0xb5, 0xd6, 0xb5, 
	0xd6, 0xb5, 0xd6, 0xb5, 0xb5, 0xad, 0xa5, 0x29, 
	0xa5, 0x29, 0xa5, 0x29, 0xa5, 0x29, 0x94, 0xa5, 
	0x94, 0xa5, 0x94, 0xa5, 0x94, 0xa5, 0x94, 0xa5, 
	0x94, 0xa5, 0xad, 0x6b, 0xad, 0x6b, 0xa5, 0x29, 
	0x8c, 0x63, 0xb5, 0xad, 0xb5, 0xad, 0xad, 0x6b, 
	0xad, 0x6b, 0xa5, 0x29, 0x94, 0xa5, 0x84, 0x21, 
	0x6b, 0x5b, 0x84, 0x21, 0x94, 0xa5, 0xad, 0x6b, 
	0xb5, 0xad, 0xa5, 0x29, 0x94, 0xa5, 0x94, 0xa5, 
	0x94, 0xa5, 0xa5, 0x29, 0xb5, 0xad, 0xb5, 0xad, 
	0xad, 0x6b, 0x94, 0xa5, 0x94, 0xa5, 0x94, 0xa5, 
	0x94, 0xa5, 0x94, 0xa5, 0x94, 0xa5, 0x94, 0xa5, 
	0xb5, 0xad, 0xc6, 0x31, 0xc6, 0x31, 0xce, 0x73, 
	0xce, 0x73, 0xce, 0x73, 0xc6, 0x31, 0xb5, 0xad, 
	0xad, 0x6b, 0xb5, 0xad, 0xb5, 0xad, 0xb5, 0xad, 
	0xa5, 0x29, 0xad, 0x6b, 0xad, 0x6b, 0xb5, 0xad, 
	0xc6, 0x31, 0xc6, 0x31, 0xc6, 0x31, 0xce, 0x73, 
	0xce, 0x73, 0xb5, 0xad, 0xad, 0x6b, 0xad, 0x6b, 
	0xad, 0x6b, 0xb5, 0xad, 0xad, 0x6b, 0xa5, 0x29, 
	0xb5, 0xad, 0xce, 0x73, 0xce, 0x73, 0xb5, 0xad, 
	0xad, 0x6b, 0xb5, 0xad, 0x73, 0x9d, 0x6b, 0x5b, 
	0x73, 0x9d, 0xad, 0x6b, 0xb5, 0xad, 0xc6, 0x31, 
	0xd6, 0xb5, 0xe7, 0x39, 0xe7, 0x39, 0xe7, 0x39, 
	0xe7, 0x39, 0xe7, 0x39, 0xe7, 0x39, 0xd6, 0xb5, 
	0xc6, 0x31, 0xb5, 0xad, 0xad, 0x6b, 0x73, 0x9d, 
	0x6b, 0x5b, 0x73, 0x9d, 0xb5, 0xad, 0xad, 0x6b, 
	0xb5, 0xad, 0xce, 0x73, 0xce, 0x73, 0xb5, 0xad, 
	0xa5, 0x29, 0xad, 0x6b, 0xb5, 0xad, 0xad, 0x6b, 
	0xad, 0x6b, 0xad, 0x6b, 0xb5, 0xad, 0xce, 0x73, 
	0xce, 0x73, 0xc6, 0x31, 0xc6, 0x31, 0xc6, 0x31, 
	0xb5, 0xad, 0xad, 0x6b, 0xad, 0x6b, 0xa5, 0x29, 
	0xb5, 0xad, 0xb5, 0xad, 0xb5, 0xad, 0xad, 0x6b, 
	0xb5, 0xad, 0xc6, 0x31, 0xce, 0x73, 0xce, 0x73, 
	0xce, 0x73, 0xc6, 0x31, 0xc6, 0x31, 0xb5, 0xad, 
	0x94, 0xa5, 0x94, 0xa5, 0x94, 0xa5, 0x94, 0xa5, 
	0x94, 0xa5, 0x94, 0xa5, 0x94, 0xa5, 0xad, 0x6b, 
	0xb5, 0xad, 0xb5, 0xad, 0xa5, 0x29, 0x94, 0xa5, 
	0x94, 0xa5, 0x94, 0xa5, 0xa5, 0x29, 0xb5, 0xad, 
	0xad, 0x6b, 0x94, 0xa5, 0x84, 0x21, 0x6b, 0x5b, 
	0x84, 0x21, 0x73, 0x9d, 0x8c, 0x63, 0xa5, 0x29, 
	0xa5, 0x29, 0xa5, 0x29, 0x94, 0xa5, 0x94, 0xa5, 
	0x94, 0xa5, 0x94, 0xa5, 0xa5, 0x29, 0xa5, 0x29, 
	0xa5, 0x29, 0xa5, 0x29, 0xad, 0x6b, 0xc6, 0x31, 
	0xb5, 0xad, 0x8c, 0x63, 0xa5, 0x29, 0xad, 0x6b, 
	0xc6, 0x31, 0xc6, 0x31, 0xc6, 0x31, 0xc6, 0x31, 
	0xce, 0x73, 0xc6, 0x31, 0xa5, 0x29, 0x94, 0xa5, 
	0xa5, 0x29, 0xa5, 0x29, 0xa5, 0x29, 0xc6, 0x31, 
	0xad, 0x6b, 0xb5, 0xad, 0xa5, 0x29, 0xad, 0x6b, 
	0x94, 0xa5, 0x94, 0xa5, 0x94, 0xa5, 0x94, 0xa5, 
	0xa5, 0x29, 0xc6, 0x31, 0xb5, 0xad, 0xa5, 0x29, 
	0xa5, 0x29, 0xa5, 0x29, 0xad, 0x6b, 0xb5, 0xad, 
	0xc6, 0x31, 0xc6, 0x31, 0xb5, 0xad, 0xa5, 0x29, 
	0xa5, 0x29, 0xa5, 0x29, 0x84, 0x21, 0x73, 0x9d, 
	0x73, 0x9d, 0x94, 0xa5, 0xb5, 0xad, 0xc6, 0x31, 
	0xd6, 0xb5, 0xe7, 0x39, 0xe7, 0x39, 0xd6, 0xb5, 
	0xd6, 0xb5, 0xe7, 0x39, 0xe7, 0x39, 0xd6, 0xb5, 
	0xc6, 0x31, 0xb5, 0xad, 0x94, 0xa5, 0x73, 0x9d, 
	0x73, 0x9d, 0x84, 0x21, 0xa5, 0x29, 0xa5, 0x29, 
	0xa5, 0x29, 0xb5, 0xad, 0xc6, 0x31, 0xc6, 0x31, 
	0xb5, 0xad, 0xad, 0x6b, 0xa5, 0x29, 0xa5, 0x29, 
	0xa5, 0x29, 0xb5, 0xad, 0xc6, 0x31, 0xa5, 0x29, 
	0x94, 0xa5, 0x94, 0xa5, 0x94, 0xa5, 0x94, 0xa5, 
	0xad, 0x6b, 0xa5, 0x29, 0xb5, 0xad, 0xad, 0x6b, 
	0xc6, 0x31, 0xa5, 0x29, 0xa5, 0x29, 0xa5, 0x29, 
	0x94, 0xa5, 0xa5, 0x29, 0xc6, 0x31, 0xce, 0x73, 
	0xc6, 0x31, 0xc6, 0x31, 0xc6, 0x31, 0xc6, 0x31, 
	0xad, 0x6b, 0xa5, 0x29, 0x8c, 0x63, 0xb5, 0xad, 
	0xc6, 0x31, 0xad, 0x6b, 0xa5, 0x29, 0xa5, 0x29, 
	0xa5, 0x29, 0xa5, 0x29, 0x94, 0xa5, 0x94, 0xa5, 
	0x94, 0xa5, 0x94, 0xa5, 0xa5, 0x29, 0xa5, 0x29, 
	0xa5, 0x29, 0x8c, 0x63, 0x73, 0x9d, 0x84, 0x21, 
	0x84, 0x21, 0x8c, 0x63, 0x94, 0xa5, 0x94, 0xa5, 
	0xa5, 0x29, 0xa5, 0x29, 0x94, 0xa5, 0x94, 0xa5, 
	0x94, 0xa5, 0xa5, 0x29, 0xa5, 0x29, 0xa5, 0x29, 
	0x94, 0xa5, 0xa5, 0x29, 0xa5, 0x29, 0xa5, 0x29, 
	0xad, 0x6b, 0xad, 0x6b, 0xa5, 0x29, 0xa5, 0x29, 
	0x94, 0xa5, 0x94, 0xa5, 0x94, 0xa5, 0x94, 0xa5, 
	0x94, 0xa5, 0xa5, 0x29, 0xa5, 0x29, 0xa5, 0x29, 
	0xa5, 0x29, 0x94, 0xa5, 0xa5, 0x29, 0xc6, 0x31, 
	0xa5, 0x29, 0xad, 0x6b, 0x94, 0xa5, 0xa5, 0x29, 
	0x94, 0xa5, 0x94, 0xa5, 0x94, 0xa5, 0x8c, 0x63, 
	0x8c, 0x63, 0x8c, 0x63, 0x8c, 0x63, 0x94, 0xa5, 
	0xa5, 0x29, 0xad, 0x6b, 0xb5, 0xad, 0xc6, 0x31, 
	0xc6, 0x31, 0xb5, 0xad, 0xa5, 0x29, 0xa5, 0x29, 
	0x94, 0xa5, 0x94, 0xa5, 0x94, 0xa5, 0x73, 0x9d, 
	0x84, 0x21, 0xa5, 0x29, 0xb5, 0xad, 0xb5, 0xad, 
	0xd6, 0xb5, 0xe7, 0x39, 0xe7, 0x39, 0xce, 0x73, 
	0xce, 0x73, 0xe7, 0x39, 0xe7, 0x39, 0xd6, 0xb5, 
	0xb5, 0xad, 0xb5, 0xad, 0xa5, 0x29, 0x84, 0x21, 
	0x73, 0x9d, 0x94, 0xa5, 0x94, 0xa5, 0x94, 0xa5, 
	0xa5, 0x29, 0xa5, 0x29, 0xb5, 0xad, 0xc6, 0x31, 
	0xc6, 0x31, 0xb5, 0xad, 0xad, 0x6b, 0xa5, 0x29, 
	0x94, 0xa5, 0x8c, 0x63, 0x8c, 0x63, 0x8c, 0x63, 
	0x8c, 0x63, 0x94, 0xa5, 0x94, 0xa5, 0x94, 0xa5, 
	0xa5, 0x29, 0x94, 0xa5, 0xad, 0x6b, 0xa5, 0x29, 
	0xc6, 0x31, 0xa5, 0x29, 0x94, 0xa5, 0xa5, 0x29, 
	0xa5, 0x29, 0xa5, 0x29, 0xa5, 0x29, 0x94, 0xa5, 
	0x94, 0xa5, 0x94, 0xa5, 0x94, 0xa5, 0x94, 0xa5, 
	0xa5, 0x29, 0xa5, 0x29, 0xad, 0x6b, 0xad, 0x6b, 
	0xa5, 0x29, 0xa5, 0x29, 0xa5, 0x29, 0x94, 0xa5, 
	0xa5, 0x29, 0xa5, 0x29, 0xa5, 0x29, 0x94, 0xa5, 
	0x94, 0xa5, 0x94, 0xa5, 0xa5, 0x29, 0xa5, 0x29, 
	0x94, 0xa5, 0x94, 0xa5, 0x8c, 0x63, 0x84, 0x21, 
	0x6b, 0x5b, 0x73, 0x9d, 0x84, 0x21, 0x84, 0x21, 
	0x8c, 0x63, 0x94, 0xa5, 0x84, 0x21, 0x84, 0x21, 
	0x84, 0x21, 0x8c, 0x63, 0x94, 0xa5, 0x8c, 0x63, 
	0x94, 0xa5, 0x8c, 0x63, 0x84, 0x21, 0x73, 0x9d, 
	0x73, 0x9d, 0x73, 0x9d, 0x84, 0x21, 0x73, 0x9d, 
	0x94, 0xa5, 0x94, 0xa5, 0x94, 0xa5, 0x94, 0xa5, 
	0x94, 0xa5, 0x94, 0xa5, 0x94, 0xa5, 0xa5, 0x29, 
	0xa5, 0x29, 0x94, 0xa5, 0x94, 0xa5, 0xa5, 0x29, 
	0x94, 0xa5, 0xa5, 0x29, 0xa5, 0x29, 0xb5, 0xad, 
	0xa5, 0x29, 0xa5, 0x29, 0xa5, 0x29, 0x94, 0xa5, 
	0x94, 0xa5, 0x8c, 0x63, 0x84, 0x21, 0x94, 0xa5, 
	0xb5, 0xad, 0xb5, 0xad, 0xb5, 0xad, 0xad, 0x6b, 
	0xa5, 0x29, 0xa5, 0x29, 0xa5, 0x29, 0x94, 0xa5, 
	0x8c, 0x63, 0x84, 0x21, 0xa5, 0x29, 0x73, 0x9d, 
	0x73, 0x9d, 0x94, 0xa5, 0xb5, 0xad, 0xb5, 0xad, 
	0xd6, 0xb5, 0xe7, 0x39, 0xe7, 0x39, 0xce, 0x73, 
	0xce, 0x73, 0xe7, 0x39, 0xe7, 0x39, 0xd6, 0xb5, 
	0xb5, 0xad, 0xb5, 0xad, 0x94, 0xa5, 0x73, 0x9d, 
	0x73, 0x9d, 0xa5, 0x29, 0x84, 0x21, 0x8c, 0x63, 
	0x94, 0xa5, 0xa5, 0x29, 0xa5, 0x29, 0xa5, 0x29, 
	0xad, 0x6b, 0xb5, 0xad, 0xb5, 0xad, 0xb5, 0xad, 
	0x94, 0xa5, 0x84, 0x21, 0x8c, 0x63, 0x94, 0xa5, 
	0x94, 0xa5, 0xa5, 0x29, 0xa5, 0x29, 0xa5, 0x29, 
	0xb5, 0xad, 0xa5, 0x29, 0xa5, 0x29, 0x94, 0xa5, 
	0xa5, 0x29, 0x94, 0xa5, 0x94, 0xa5, 0xa5, 0x29, 
	0xa5, 0x29, 0x94, 0xa5, 0x94, 0xa5, 0x94, 0xa5, 
	0x94, 0xa5, 0x94, 0xa5, 0x94, 0xa5, 0x94, 0xa5, 
	0x73, 0x9d, 0x84, 0x21, 0x73, 0x9d, 0x73, 0x9d, 
	0x73, 0x9d, 0x84, 0x21, 0x8c, 0x63, 0x94, 0xa5, 
	0x8c, 0x63, 0x94, 0xa5, 0x8c, 0x63, 0x84, 0x21, 
	0x84, 0x21, 0x84, 0x21, 0x94, 0xa5, 0x8c, 0x63, 
	0x84, 0x21, 0x84, 0x21, 0x73, 0x9d, 0x6b, 0x5b, 
	0x52, 0x95, 0x63, 0x19, 0x63, 0x19, 0x73, 0x9d, 
	0x73, 0x9d, 0x84, 0x21, 0x73, 0x9d, 0x73, 0x9d, 
	0x73, 0x9d, 0x84, 0x21, 0x8c, 0x63, 0x8c, 0x63, 
	0x8c, 0x63, 0x84, 0x21, 0x73, 0x9d, 0x6b, 0x5b, 
	0x6b, 0x5b, 0x6b, 0x5b, 0x73, 0x9d, 0x6b, 0x5b, 
	0x73, 0x9d, 0x73, 0x9d, 0x73, 0x9d, 0x8c, 0x63, 
	0x8c, 0x63, 0x8c, 0x63, 0x8c, 0x63, 0x8c, 0x63, 
	0x94, 0xa5, 0x94, 0xa5, 0x94, 0xa5, 0x8c, 0x63, 
	0x6b, 0x5b, 0x94, 0xa5, 0xad, 0x6b, 0xb5, 0xad, 
	0xa5, 0x29, 0x8c, 0x63, 0x94, 0xa5, 0xad, 0x6b, 
	0xb5, 0xad, 0xad, 0x6b, 0xa5, 0x29, 0xad, 0x6b, 
	0xb5, 0xad, 0xb5, 0xad, 0xad, 0x6b, 0x94, 0xa5, 
	0x94, 0xa5, 0xad, 0x6b, 0xb5, 0xad, 0xb5, 0xad, 
	0xad, 0x6b, 0xad, 0x6b, 0xad, 0x6b, 0x73, 0x9d, 
	0x73, 0x9d, 0xa5, 0x29, 0xb5, 0xad, 0xb5, 0xad, 
	0xce, 0x73, 0xd6, 0xb5, 0xe7, 0x39, 0xce, 0x73, 
	0xce, 0x73, 0xe7, 0x39, 0xd6, 0xb5, 0xce, 0x73, 
	0xb5, 0xad, 0xb5, 0xad, 0xa5, 0x29, 0x73, 0x9d, 
	0x73, 0x9d, 0xad, 0x6b, 0xad, 0x6b, 0xad, 0x6b, 
	0xb5, 0xad, 0xb5, 0xad, 0xad, 0x6b, 0x94, 0xa5, 
	0x94, 0xa5, 0xad, 0x6b, 0xb5, 0xad, 0xb5, 0xad, 
	0xad, 0x6b, 0xa5, 0x29, 0xad, 0x6b, 0xb5, 0xad, 
	0xad, 0x6b, 0x94, 0xa5, 0x8c, 0x63, 0xa5, 0x29, 
	0xb5, 0xad, 0xad, 0x6b, 0x94, 0xa5, 0x6b, 0x5b, 
	0x8c, 0x63, 0x94, 0xa5, 0x94, 0xa5, 0x94, 0xa5, 
	0x8c, 0x63, 0x8c, 0x63, 0x8c, 0x63, 0x8c, 0x63, 
	0x8c, 0x63, 0x73, 0x9d, 0x73, 0x9d, 0x73, 0x9d, 
	0x6b, 0x5b, 0x73, 0x9d, 0x6b, 0x5b, 0x6b, 0x5b, 
	0x6b, 0x5b, 0x73, 0x9d, 0x84, 0x21, 0x8c, 0x63, 
	0x8c, 0x63, 0x8c, 0x63, 0x84, 0x21, 0x73, 0x9d, 
	0x73, 0x9d, 0x73, 0x9d, 0x84, 0x21, 0x73, 0x9d, 
	0x73, 0x9d, 0x63, 0x19, 0x63, 0x19, 0x52, 0x95, 
	0x52, 0x95, 0x52, 0x95, 0x63, 0x19, 0x63, 0x19, 
	0x6b, 0x5b, 0x6b, 0x5b, 0x63, 0x19, 0x6b, 0x5b, 
	0x6b, 0x5b, 0x73, 0x9d, 0x6b, 0x5b, 0x63, 0x19, 
	0x52, 0x95, 0x52, 0x95, 0x6b, 0x5b, 0x63, 0x19, 
	0x63, 0x19, 0x63, 0x19, 0x63, 0x19, 0x73, 0x9d, 
	0x6b, 0x5b, 0x63, 0x19, 0x6b, 0x5b, 0x73, 0x9d, 
	0x84, 0x21, 0x8c, 0x63, 0x84, 0x21, 0x84, 0x21, 
	0x84, 0x21, 0x8c, 0x63, 0x84, 0x21, 0x6b, 0x5b, 
	0x63, 0x19, 0x6b, 0x5b, 0x84, 0x21, 0x8c, 0x63, 
	0x94, 0xa5, 0x94, 0xa5, 0x8c, 0x63, 0xad, 0x6b, 
	0xc6, 0x31, 0xc6, 0x31, 0xad, 0x6b, 0xa5, 0x29, 
	0x94, 0xa5, 0x94, 0xa5, 0x8c, 0x63, 0x8c, 0x63, 
	0x94, 0xa5, 0xad, 0x6b, 0xad, 0x6b, 0xa5, 0x29, 
	0xa5, 0x29, 0xad, 0x6b, 0xa5, 0x29, 0x84, 0x21, 
	0x84, 0x21, 0xad, 0x6b, 0xb5, 0xad, 0xc6, 0x31, 
	0xce, 0x73, 0xd6, 0xb5, 0xe7, 0x39, 0xd6, 0xb5, 
	0xd6, 0xb5, 0xe7, 0x39, 0xd6, 0xb5, 0xce, 0x73, 
	0xc6, 0x31, 0xb5, 0xad, 0xad, 0x6b, 0x84, 0x21, 
	0x84, 0x21, 0xa5, 0x29, 0xad, 0x6b, 0xa5, 0x29, 
	0xa5, 0x29, 0xad, 0x6b, 0xad, 0x6b, 0x94, 0xa5, 
	0x8c, 0x63, 0x8c, 0x63, 0x94, 0xa5, 0x94, 0xa5, 
	0xa5, 0x29, 0xad, 0x6b, 0xc6, 0x31, 0xc6, 0x31, 
	0xad, 0x6b, 0x8c, 0x63, 0x94, 0xa5, 0x94, 0xa5, 
	0x8c, 0x63, 0x84, 0x21, 0x6b, 0x5b, 0x63, 0x19, 
	0x6b, 0x5b, 0x84, 0x21, 0x8c, 0x63, 0x84, 0x21, 
	0x84, 0x21, 0x84, 0x21, 0x8c, 0x63, 0x84, 0x21, 
	0x73, 0x9d, 0x6b, 0x5b, 0x63, 0x19, 0x6b, 0x5b, 
	0x73, 0x9d, 0x63, 0x19, 0x63, 0x19, 0x63, 0x19, 
	0x63, 0x19, 0x6b, 0x5b, 0x52, 0x95, 0x52, 0x95, 
	0x63, 0x19, 0x6b, 0x5b, 0x73, 0x9d, 0x6b, 0x5b, 
	0x6b, 0x5b, 0x63, 0x19, 0x6b, 0x5b, 0x6b, 0x5b, 
	0x63, 0x19, 0x63, 0x19, 0x52, 0x95, 0x52, 0x95, 
	0x63, 0x19, 0x6b, 0x5b, 0x6b, 0x5b, 0x6b, 0x5b, 
	0x73, 0x9d, 0x6b, 0x5b, 0x63, 0x19, 0x52, 0x95, 
	0x52, 0x95, 0x6b, 0x5b, 0x73, 0x9d, 0x63, 0x19, 
	0x63, 0x19, 0x6b, 0x5b, 0x6b, 0x5b, 0x63, 0x19, 
	0x63, 0x19, 0x6b, 0x5b, 0x73, 0x9d, 0x6b, 0x5b, 
	0x6b, 0x5b, 0x6b, 0x5b, 0x6b, 0x5b, 0x73, 0x9d, 
	0x84, 0x21, 0x84, 0x21, 0x84, 0x21, 0x73, 0x9d, 
	0x73, 0x9d, 0x6b, 0x5b, 0x52, 0x95, 0x52, 0x95, 
	0x73, 0x9d, 0x63, 0x19, 0x63, 0x19, 0x73, 0x9d, 
	0x84, 0x21, 0x8c, 0x63, 0x8c, 0x63, 0x8c, 0x63, 
	0x94, 0xa5, 0xa5, 0x29, 0x8c, 0x63, 0x84, 0x21, 
	0x84, 0x21, 0x73, 0x9d, 0x73, 0x9d, 0x84, 0x21, 
	0x8c, 0x63, 0x8c, 0x63, 0x84, 0x21, 0x73, 0x9d, 
	0x73, 0x9d, 0x84, 0x21, 0x8c, 0x63, 0x73, 0x9d, 
	0x84, 0x21, 0xad, 0x6b, 0xb5, 0xad, 0xb5, 0xad, 
	0xce, 0x73, 0xd6, 0xb5, 0xe7, 0x39, 0xe7, 0x39, 
	0xe7, 0x39, 0xe7, 0x39, 0xd6, 0xb5, 0xce, 0x73, 
	0xb5, 0xad, 0xb5, 0xad, 0xad, 0x6b, 0x84, 0x21, 
	0x73, 0x9d, 0x8c, 0x63, 0x84, 0x21, 0x73, 0x9d, 
	0x73, 0x9d, 0x84, 0x21, 0x8c, 0x63, 0x8c, 0x63, 
	0x84, 0x21, 0x73, 0x9d, 0x73, 0x9d, 0x84, 0x21, 
	0x84, 0x21, 0x8c, 0x63, 0xa5, 0x29, 0x94, 0xa5, 
	0x8c, 0x63, 0x8c, 0x63, 0x8c, 0x63, 0x84, 0x21, 
	0x73, 0x9d, 0x63, 0x19, 0x63, 0x19, 0x73, 0x9d, 
	0x52, 0x95, 0x52, 0x95, 0x6b, 0x5b, 0x73, 0x9d, 
	0x73, 0x9d, 0x84, 0x21, 0x84, 0x21, 0x84, 0x21, 
	0x73, 0x9d, 0x6b, 0x5b, 0x6b, 0x5b, 0x6b, 0x5b, 
	0x6b, 0x5b, 0x73, 0x9d, 0x6b, 0x5b, 0x63, 0x19, 
	0x63, 0x19, 0x6b, 0x5b, 0x6b, 0x5b, 0x63, 0x19, 
	0x63, 0x19, 0x73, 0x9d, 0x6b, 0x5b, 0x52, 0x95, 
	0x52, 0x95, 0x63, 0x19, 0x6b, 0x5b, 0x73, 0x9d, 
	0x6b, 0x5b, 0x6b, 0x5b, 0x6b, 0x5b, 0x63, 0x19, 
	0x94, 0xa5, 0x94, 0xa5, 0x94, 0xa5, 0x84, 0x21, 
	0x84, 0x21, 0x8c, 0x63, 0x84, 0x21, 0x84, 0x21, 
	0x84, 0x21, 0x94, 0xa5, 0xa5, 0x29, 0xa5, 0x29, 
	0xa5, 0x29, 0x94, 0xa5, 0x8c, 0x63, 0x84, 0x21, 
	0x8c, 0x63, 0x84, 0x21, 0x6b, 0x5b, 0x6b, 0x5b, 
	0x6b, 0x5b, 0x6b, 0x5b, 0x73, 0x9d, 0x84, 0x21, 
	0x8c, 0x63, 0x84, 0x21, 0x73, 0x9d, 0x73, 0x9d, 
	0x84, 0x21, 0x73, 0x9d, 0x73, 0x9d, 0x6b, 0x5b, 
	0x73, 0x9d, 0x73, 0x9d, 0x6b, 0x5b, 0x84, 0x21, 
	0x84, 0x21, 0x84, 0x21, 0x84, 0x21, 0x73, 0x9d, 
	0x73, 0x9d, 0x73, 0x9d, 0x6b, 0x5b, 0x6b, 0x5b, 
	0x6b, 0x5b, 0x63, 0x19, 0x52, 0x95, 0x63, 0x19, 
	0x6b, 0x5b, 0x73, 0x9d, 0x84, 0x21, 0x73, 0x9d, 
	0x73, 0x9d, 0x6b, 0x5b, 0x84, 0x21, 0x6b, 0x5b, 
	0x73, 0x9d, 0xb5, 0xad, 0xad, 0x6b, 0xc6, 0x31, 
	0xce, 0x73, 0xd6, 0xb5, 0xd6, 0xb5, 0xe7, 0x39, 
	0xe7, 0x39, 0xd6, 0xb5, 0xd6, 0xb5, 0xce, 0x73, 
	0xc6, 0x31, 0xad, 0x6b, 0xb5, 0xad, 0x73, 0x9d, 
	0x6b, 0x5b, 0x84, 0x21, 0x6b, 0x5b, 0x73, 0x9d, 
	0x73, 0x9d, 0x84, 0x21, 0x73, 0x9d, 0x6b, 0x5b, 
	0x63, 0x19, 0x52, 0x95, 0x63, 0x19, 0x6b, 0x5b, 
	0x6b, 0x5b, 0x6b, 0x5b, 0x73, 0x9d, 0x73, 0x9d, 
	0x73, 0x9d, 0x84, 0x21, 0x84, 0x21, 0x84, 0x21, 
	0x84, 0x21, 0x6b, 0x5b, 0x73, 0x9d, 0x73, 0x9d, 
	0x6b, 0x5b, 0x73, 0x9d, 0x73, 0x9d, 0x84, 0x21, 
	0x73, 0x9d, 0x73, 0x9d, 0x84, 0x21, 0x8c, 0x63, 
	0x84, 0x21, 0x73, 0x9d, 0x6b, 0x5b, 0x6b, 0x5b, 
	0x6b, 0x5b, 0x6b, 0x5b, 0x84, 0x21, 0x8c, 0x63, 
	0x84, 0x21, 0x8c, 0x63, 0x94, 0xa5, 0xa5, 0x29, 
	0xa5, 0x29, 0xa5, 0x29, 0x94, 0xa5, 0x84, 0x21, 
	0x84, 0x21, 0x84, 0x21, 0x8c, 0x63, 0x84, 0x21, 
	0x84, 0x21, 0x94, 0xa5, 0x94, 0xa5, 0x94, 0xa5, 
	0xe7, 0x39, 0xd6, 0xb5, 0xce, 0x73, 0xce, 0x73, 
	0xd6, 0xb5, 0xe7, 0x39, 0xd6, 0xb5, 0xe7, 0x39, 
	0xe7, 0x39, 0xd6, 0xb5, 0xce, 0x73, 0xce, 0x73, 
	0xd6, 0xb5, 0xd6, 0xb5, 0xe7, 0x39, 0xe7, 0x39, 
	0xe7, 0x39, 0xd6, 0xb5, 0xce, 0x73, 0xb5, 0xad, 
	0x94, 0xa5, 0x84, 0x21, 0x94, 0xa5, 0x94, 0xa5, 
	0x84, 0x21, 0x84, 0x21, 0x84, 0x21, 0x8c, 0x63, 
	0x94, 0xa5, 0x94, 0xa5, 0x94, 0xa5, 0xa5, 0x29, 
	0x8c, 0x63, 0x8c, 0x63, 0x94, 0xa5, 0x94, 0xa5, 
	0xa5, 0x29, 0xa5, 0x29, 0x94, 0xa5, 0x94, 0xa5, 
	0x94, 0xa5, 0x94, 0xa5, 0x94, 0xa5, 0x8c, 0x63, 
	0x8c, 0x63, 0x94, 0xa5, 0x94, 0xa5, 0x94, 0xa5, 
	0x8c, 0x63, 0x73, 0x9d, 0x73, 0x9d, 0x73, 0x9d, 
	0x6b, 0x5b, 0x63, 0x19, 0x84, 0x21, 0x63, 0x19, 
	0x73, 0x9d, 0xad, 0x6b, 0xad, 0x6b, 0xc6, 0x31, 
	0xd6, 0xb5, 0xd6, 0xb5, 0xd6, 0xb5, 0xe7, 0x39, 
	0xe7, 0x39, 0xd6, 0xb5, 0xd6, 0xb5, 0xd6, 0xb5, 
	0xc6, 0x31, 0xad, 0x6b, 0xad, 0x6b, 0x73, 0x9d, 
	0x63, 0x19, 0x84, 0x21, 0x63, 0x19, 0x6b, 0x5b, 
	0x73, 0x9d, 0x73, 0x9d, 0x73, 0x9d, 0x8c, 0x63, 
	0x94, 0xa5, 0x94, 0xa5, 0x94, 0xa5, 0x8c, 0x63, 
	0x8c, 0x63, 0x94, 0xa5, 0x94, 0xa5, 0x94, 0xa5, 
	0x94, 0xa5, 0x94, 0xa5, 0xa5, 0x29, 0xa5, 0x29, 
	0x94, 0xa5, 0x94, 0xa5, 0x8c, 0x63, 0x8c, 0x63, 
	0xa5, 0x29, 0x94, 0xa5, 0x94, 0xa5, 0x94, 0xa5, 
	0x8c, 0x63, 0x84, 0x21, 0x84, 0x21, 0x84, 0x21, 
	0x94, 0xa5, 0x94, 0xa5, 0x84, 0x21, 0x94, 0xa5, 
	0xb5, 0xad, 0xce, 0x73, 0xd6, 0xb5, 0xe7, 0x39, 
	0xe7, 0x39, 0xe7, 0x39, 0xd6, 0xb5, 0xd6, 0xb5, 
	0xce, 0x73, 0xce, 0x73, 0xd6, 0xb5, 0xe7, 0x39, 
	0xe7, 0x39, 0xd6, 0xb5, 0xe7, 0x39, 0xd6, 0xb5, 
	0xce, 0x73, 0xce, 0x73, 0xd6, 0xb5, 0xe7, 0x39, 
	0xe7, 0x39, 0xe7, 0x39, 0xe7, 0x39, 0xe7, 0x39, 
	0xe7, 0x39, 0xe7, 0x39, 0xe7, 0x39, 0xe7, 0x39, 
	0xe7, 0x39, 0xe7, 0x39, 0xe7, 0x39, 0xe7, 0x39, 
	0xe7, 0x39, 0xe7, 0x39, 0xe7, 0x39, 0xe7, 0x39, 
	0xe7, 0x39, 0xe7, 0x39, 0xe7, 0x39, 0xe7, 0x39, 
	0xce, 0x73, 0xad, 0x6b, 0xc6, 0x31, 0xc6, 0x31, 
	0xce, 0x73, 0xc6, 0x31, 0xc6, 0x31, 0xb5, 0xad, 
	0xb5, 0xad, 0xce, 0x73, 0xd6, 0xb5, 0xd6, 0xb5, 
	0xce, 0x73, 0xc6, 0x31, 0xce, 0x73, 0xce, 0x73, 
	0xc6, 0x31, 0xb5, 0xad, 0xc6, 0x31, 0xce, 0x73, 
	0xd6, 0xb5, 0xce, 0x73, 0xc6, 0x31, 0xc6, 0x31, 
	0xc6, 0x31, 0xce, 0x73, 0xce, 0x73, 0xd6, 0xb5, 
	0xd6, 0xb5, 0xce, 0x73, 0xc6, 0x31, 0xb5, 0xad, 
	0xa5, 0x29, 0x94, 0xa5, 0x84, 0x21, 0x52, 0x95, 
	0x6b, 0x5b, 0x94, 0xa5, 0xb5, 0xad, 0xc6, 0x31, 
	0xce, 0x73, 0xce, 0x73, 0xe7, 0x39, 0xe7, 0x39, 
	0xe7, 0x39, 0xe7, 0x39, 0xce, 0x73, 0xce, 0x73, 
	0xc6, 0x31, 0xb5, 0xad, 0x94, 0xa5, 0x6b, 0x5b, 
	0x52, 0x95, 0x84, 0x21, 0x94, 0xa5, 0xa5, 0x29, 
	0xb5, 0xad, 0xc6, 0x31, 0xce, 0x73, 0xd6, 0xb5, 
	0xd6, 0xb5, 0xce, 0x73, 0xce, 0x73, 0xc6, 0x31, 
	0xc6, 0x31, 0xc6, 0x31, 0xce, 0x73, 0xd6, 0xb5, 
	0xce, 0x73, 0xc6, 0x31, 0xb5, 0xad, 0xc6, 0x31, 
	0xce, 0x73, 0xce, 0x73, 0xc6, 0x31, 0xce, 0x73, 
	0xd6, 0xb5, 0xd6, 0xb5, 0xce, 0x73, 0xb5, 0xad, 
	0xb5, 0xad, 0xc6, 0x31, 0xc6, 0x31, 0xce, 0x73, 
	0xc6, 0x31, 0xc6, 0x31, 0xad, 0x6b, 0xce, 0x73, 
	0xe7, 0x39, 0xe7, 0x39, 0xe7, 0x39, 0xe7, 0x39, 
	0xe7, 0x39, 0xe7, 0x39, 0xe7, 0x39, 0xe7, 0x39, 
	0xe7, 0x39, 0xe7, 0x39, 0xe7, 0x39, 0xe7, 0x39, 
	0xe7, 0x39, 0xe7, 0x39, 0xe7, 0x39, 0xe7, 0x39, 
	0xe7, 0x39, 0xe7, 0x39, 0xe7, 0x39, 0xe7, 0x39, 
	0xe7, 0x39, 0xe7, 0x39, 0xe7, 0x39, 0xe7, 0x39, 
	0xe7, 0x39, 0xe7, 0x39, 0xe7, 0x39, 0xe7, 0x39, 
	0xe7, 0x39, 0xe7, 0x39, 0xe7, 0x39, 0xe7, 0x39, 
	0xe7, 0x39, 0xe7, 0x39, 0xe7, 0x39, 0xe7, 0x39, 
	0xe7, 0x39, 0xe7, 0x39, 0xe7, 0x39, 0xe7, 0x39, 
	0xe7, 0x39, 0xce, 0x73, 0xb5, 0xad, 0xd6, 0xb5, 
	0xe7, 0x39, 0xe7, 0x39, 0xd6, 0xb5, 0xc6, 0x31, 
	0xce, 0x73, 0xe7, 0x39, 0xe7, 0x39, 0xe7, 0x39, 
	0xe7, 0x39, 0xe7, 0x39, 0xe7, 0x39, 0xd6, 0xb5, 
	0xce, 0x73, 0xce, 0x73, 0xce, 0x73, 0xe7, 0x39, 
	0xe7, 0x39, 0xe7, 0x39, 0xe7, 0x39, 0xe7, 0x39, 
	0xe7, 0x39, 0xe7, 0x39, 0xe7, 0x39, 0xe7, 0x39, 
	0xe7, 0x39, 0xe7, 0x39, 0xd6, 0xb5, 0xce, 0x73, 
	0xa5, 0x29, 0x84, 0x21, 0x6b, 0x5b, 0x52, 0x95, 
	0x52, 0x95, 0x8c, 0x63, 0xb5, 0xad, 0xb5, 0xad, 
	0xc6, 0x31, 0xce, 0x73, 0xe7, 0x39, 0xe7, 0x39, 
	0xe7, 0x39, 0xe7, 0x39, 0xce, 0x73, 0xc6, 0x31, 
	0xb5, 0xad, 0xb5, 0xad, 0x8c, 0x63, 0x52, 0x95, 
	0x52, 0x95, 0x6b, 0x5b, 0x84, 0x21, 0xa5, 0x29, 
	0xce, 0x73, 0xd6, 0xb5, 0xe7, 0x39, 0xe7, 0x39, 
	0xe7, 0x39, 0xe7, 0x39, 0xe7, 0x39, 0xe7, 0x39, 
	0xe7, 0x39, 0xe7, 0x39, 0xe7, 0x39, 0xe7, 0x39, 
	0xe7, 0x39, 0xce, 0x73, 0xce, 0x73, 0xce, 0x73, 
	0xd6, 0xb5, 0xe7, 0x39, 0xe7, 0x39, 0xe7, 0x39, 
	0xe7, 0x39, 0xe7, 0x39, 0xe7, 0x39, 0xce, 0x73, 
	0xc6, 0x31, 0xd6, 0xb5, 0xe7, 0x39, 0xe7, 0x39, 
	0xd6, 0xb5, 0xb5, 0xad, 0xce, 0x73, 0xe7, 0x39, 
	0xe7, 0x39, 0xe7, 0x39, 0xe7, 0x39, 0xe7, 0x39, 
	0xe7, 0x39, 0xe7, 0x39, 0xe7, 0x39, 0xe7, 0x39, 
	0xe7, 0x39, 0xe7, 0x39, 0xe7, 0x39, 0xe7, 0x39, 
	0xe7, 0x39, 0xe7, 0x39, 0xe7, 0x39, 0xe7, 0x39, 
	0xe7, 0x39, 0xe7, 0x39, 0xe7, 0x39, 0xe7, 0x39, 
	0xe7, 0x39, 0xe7, 0x39, 0xe7, 0x39, 0xce, 0x73, 
	0xd6, 0xb5, 0xe7, 0x39, 0xe7, 0x39, 0xe7, 0x39, 
	0xe7, 0x39, 0xd6, 0xb5, 0xd6, 0xb5, 0xd6, 0xb5, 
	0xe7, 0x39, 0xe7, 0x39, 0xe7, 0x39, 0xe7, 0x39, 
	0xe7, 0x39, 0xe7, 0x39, 0xe7, 0x39, 0xe7, 0x39, 
	0xe7, 0x39, 0xce, 0x73, 0xad, 0x6b, 0xce, 0x73, 
	0xd6, 0xb5, 0xd6, 0xb5, 0xd6, 0xb5, 0xd6, 0xb5, 
	0xe7, 0x39, 0xe7, 0x39, 0xe7, 0x39, 0xe7, 0x39, 
	0xd6, 0xb5, 0xd6, 0xb5, 0xd6, 0xb5, 0xd6, 0xb5, 
	0xe7, 0x39, 0xe7, 0x39, 0xe7, 0x39, 0xe7, 0x39, 
	0xd6, 0xb5, 0xe7, 0x39, 0xe7, 0x39, 0xe7, 0x39, 
	0xe7, 0x39, 0xe7, 0x39, 0xe7, 0x39, 0xe7, 0x39, 
	0xe7, 0x39, 0xe7, 0x39, 0xd6, 0xb5, 0xd6, 0xb5, 
	0xce, 0x73, 0x94, 0xa5, 0x84, 0x21, 0x52, 0x95, 
	0x63, 0x19, 0x94, 0xa5, 0xb5, 0xad, 0xc6, 0x31, 
	0xce, 0x73, 0xd6, 0xb5, 0xd6, 0xb5, 0xd6, 0xb5, 
	0xd6, 0xb5, 0xd6, 0xb5, 0xd6, 0xb5, 0xce, 0x73, 
	0xc6, 0x31, 0xb5, 0xad, 0x94, 0xa5, 0x63, 0x19, 
	0x52, 0x95, 0x84, 0x21, 0x94, 0xa5, 0xce, 0x73, 
	0xd6, 0xb5, 0xd6, 0xb5, 0xe7, 0x39, 0xe7, 0x39, 
	0xe7, 0x39, 0xe7, 0x39, 0xe7, 0x39, 0xe7, 0x39, 
	0xe7, 0x39, 0xe7, 0x39, 0xe7, 0x39, 0xd6, 0xb5, 
	0xe7, 0x39, 0xe7, 0x39, 0xe7, 0x39, 0xe7, 0x39, 
	0xd6, 0xb5, 0xd6, 0xb5, 0xd6, 0xb5, 0xd6, 0xb5, 
	0xe7, 0x39, 0xe7, 0x39, 0xe7, 0x39, 0xe7, 0x39, 
	0xd6, 0xb5, 0xd6, 0xb5, 0xd6, 0xb5, 0xd6, 0xb5, 
	0xce, 0x73, 0xad, 0x6b, 0xce, 0x73, 0xe7, 0x39, 
	0xe7, 0x39, 0xe7, 0x39, 0xe7, 0x39, 0xe7, 0x39, 
	0xe7, 0x39, 0xe7, 0x39, 0xe7, 0x39, 0xe7, 0x39, 
	0xd6, 0xb5, 0xd6, 0xb5, 0xd6, 0xb5, 0xe7, 0x39, 
	0xe7, 0x39, 0xe7, 0x39, 0xe7, 0x39, 0xd6, 0xb5, 
	0xce, 0x73, 0xe7, 0x39, 0xe7, 0x39, 0xe7, 0x39, 
	0xe7, 0x39, 0xe7, 0x39, 0xe7, 0x39, 0xd6, 0xb5, 
	0xd6, 0xb5, 0xe7, 0x39, 0xe7, 0x39, 0xe7, 0x39, 
	0xd6, 0xb5, 0xce, 0x73, 0xce, 0x73, 0xd6, 0xb5, 
	0xe7, 0x39, 0xe7, 0x39, 0xe7, 0x39, 0xe7, 0x39, 
	0xe7, 0x39, 0xe7, 0x39, 0xe7, 0x39, 0xe7, 0x39, 
	0xd6, 0xb5, 0xc6, 0x31, 0xad, 0x6b, 0xce, 0x73, 
	0xd6, 0xb5, 0xd6, 0xb5, 0xd6, 0xb5, 0xd6, 0xb5, 
	0xe7, 0x39, 0xe7, 0x39, 0xd6, 0xb5, 0xd6, 0xb5, 
	0xce, 0x73, 0xce, 0x73, 0xd6, 0xb5, 0xd6, 0xb5, 
	0xd6, 0xb5, 0xd6, 0xb5, 0xd6, 0xb5, 0xe7, 0x39, 
	0xe7, 0x39, 0xd6, 0xb5, 0xe7, 0x39, 0xe7, 0x39, 
	0xe7, 0x39, 0xe7, 0x39, 0xe7, 0x39, 0xe7, 0x39, 
	0xe7, 0x39, 0xce, 0x73, 0xb5, 0xad, 0xc6, 0x31, 
	0xc6, 0x31, 0x8c, 0x63, 0x84, 0x21, 0x63, 0x19, 
	0x73, 0x9d, 0xad, 0x6b, 0xc6, 0x31, 0xce, 0x73, 
	0xd6, 0xb5, 0xd6, 0xb5, 0xe7, 0x39, 0xe7, 0x39, 
	0xe7, 0x39, 0xe7, 0x39, 0xd6, 0xb5, 0xd6, 0xb5, 
	0xce, 0x73, 0xc6, 0x31, 0xad, 0x6b, 0x73, 0x9d, 
	0x63, 0x19, 0x84, 0x21, 0x8c, 0x63, 0xc6, 0x31, 
	0xc6, 0x31, 0xb5, 0xad, 0xce, 0x73, 0xe7, 0x39, 
	0xe7, 0x39, 0xe7, 0x39, 0xe7, 0x39, 0xe7, 0x39, 
	0xe7, 0x39, 0xe7, 0x39, 0xd6, 0xb5, 0xe7, 0x39, 
	0xe7, 0x39, 0xd6, 0xb5, 0xd6, 0xb5, 0xd6, 0xb5, 
	0xd6, 0xb5, 0xd6, 0xb5, 0xce, 0x73, 0xce, 0x73, 
	0xd6, 0xb5, 0xd6, 0xb5, 0xe7, 0x39, 0xe7, 0x39, 
	0xd6, 0xb5, 0xd6, 0xb5, 0xd6, 0xb5, 0xd6, 0xb5, 
	0xce, 0x73, 0xad, 0x6b, 0xc6, 0x31, 0xd6, 0xb5, 
	0xe7, 0x39, 0xe7, 0x39, 0xe7, 0x39, 0xe7, 0x39, 
	0xe7, 0x39, 0xe7, 0x39, 0xe7, 0x39, 0xe7, 0x39, 
	0xd6, 0xb5, 0xce, 0x73, 0xce, 0x73, 0xd6, 0xb5, 
	0xe7, 0x39, 0xe7, 0x39, 0xe7, 0x39, 0xd6, 0xb5, 
	0xd6, 0xb5, 0xe7, 0x39, 0xe7, 0x39, 0xe7, 0x39, 
	0xc6, 0x31, 0xb5, 0xad, 0xad, 0x6b, 0xc6, 0x31, 
	0xce, 0x73, 0xd6, 0xb5, 0xd6, 0xb5, 0xd6, 0xb5, 
	0xd6, 0xb5, 0xd6, 0xb5, 0xd6, 0xb5, 0xe7, 0x39, 
	0xe7, 0x39, 0xe7, 0x39, 0xd6, 0xb5, 0xd6, 0xb5, 
	0xe7, 0x39, 0xe7, 0x39, 0xe7, 0x39, 0xe7, 0x39, 
	0xd6, 0xb5, 0xce, 0x73, 0xb5, 0xad, 0xe7, 0x39, 
	0xe7, 0x39, 0xe7, 0x39, 0xe7, 0x39, 0xd6, 0xb5, 
	0xc6, 0x31, 0xc6, 0x31, 0xc6, 0x31, 0xce, 0x73, 
	0xd6, 0xb5, 0xce, 0x73, 0xc6, 0x31, 0xc6, 0x31, 
	0xc6, 0x31, 0xc6, 0x31, 0xc6, 0x31, 0xd6, 0xb5, 
	0xd6, 0xb5, 0xce, 0x73, 0xd6, 0xb5, 0xd6, 0xb5, 
	0xe7, 0x39, 0xe7, 0x39, 0xe7, 0x39, 0xe7, 0x39, 
	0xe7, 0x39, 0xce, 0x73, 0xc6, 0x31, 0xc6, 0x31, 
	0xb5, 0xad, 0x84, 0x21, 0x73, 0x9d, 0x63, 0x19, 
	0x73, 0x9d, 0xa5, 0x29, 0xb5, 0xad, 0xc6, 0x31, 
	0xce, 0x73, 0xd6, 0xb5, 0xe7, 0x39, 0xe7, 0x39, 
	0xe7, 0x39, 0xe7, 0x39, 0xd6, 0xb5, 0xce, 0x73, 
	0xc6, 0x31, 0xb5, 0xad, 0xa5, 0x29, 0x73, 0x9d, 
	0x63, 0x19, 0x73, 0x9d, 0x84, 0x21, 0xb5, 0xad, 
	0xc6, 0x31, 0xc6, 0x31, 0xce, 0x73, 0xe7, 0x39, 
	0xe7, 0x39, 0xe7, 0x39, 0xe7, 0x39, 0xe7, 0x39, 
	0xd6, 0xb5, 0xd6, 0xb5, 0xce, 0x73, 0xd6, 0xb5, 
	0xd6, 0xb5, 0xc6, 0x31, 0xc6, 0x31, 0xc6, 0x31, 
	0xc6, 0x31, 0xc6, 0x31, 0xce, 0x73, 0xd6, 0xb5, 
	0xce, 0x73, 0xc6, 0x31, 0xc6, 0x31, 0xc6, 0x31, 
	0xd6, 0xb5, 0xe7, 0x39, 0xe7, 0x39, 0xe7, 0x39, 
	0xe7, 0x39, 0xb5, 0xad, 0xce, 0x73, 0xd6, 0xb5, 
	0xe7, 0x39, 0xe7, 0x39, 0xe7, 0x39, 0xe7, 0x39, 
	0xd6, 0xb5, 0xd6, 0xb5, 0xe7, 0x39, 0xe7, 0x39, 
	0xe7, 0x39, 0xd6, 0xb5, 0xd6, 0xb5, 0xd6, 0xb5, 
	0xd6, 0xb5, 0xd6, 0xb5, 0xd6, 0xb5, 0xce, 0x73, 
	0xc6, 0x31, 0xad, 0x6b, 0xb5, 0xad, 0xc6, 0x31, 
	0xad, 0x6b, 0xa5, 0x29, 0xa5, 0x29, 0xb5, 0xad, 
	0xb5, 0xad, 0xce, 0x73, 0xce, 0x73, 0xd6, 0xb5, 
	0xd6, 0xb5, 0xce, 0x73, 0xc6, 0x31, 0xce, 0x73, 
	0xd6, 0xb5, 0xd6, 0xb5, 0xd6, 0xb5, 0xce, 0x73, 
	0xce, 0x73, 0xce, 0x73, 0xc6, 0x31, 0xc6, 0x31, 
	0xce, 0x73, 0xb5, 0xad, 0xa5, 0x29, 0xe7, 0x39, 
	0xe7, 0x39, 0xe7, 0x39, 0xe7, 0x39, 0xce, 0x73, 
	0xb5, 0xad, 0xad, 0x6b, 0xad, 0x6b, 0xad, 0x6b, 
	0xad, 0x6b, 0xad, 0x6b, 0xad, 0x6b, 0xad, 0x6b, 
	0xad, 0x6b, 0xad, 0x6b, 0xb5, 0xad, 0xc6, 0x31, 
	0xce, 0x73, 0xce, 0x73, 0xe7, 0x39, 0xd6, 0xb5, 
	0xd6, 0xb5, 0xd6, 0xb5, 0xce, 0x73, 0xc6, 0x31, 
	0xb5, 0xad, 0xc6, 0x31, 0xc6, 0x31, 0xc6, 0x31, 
	0xb5, 0xad, 0x84, 0x21, 0x73, 0x9d, 0x6b, 0x5b, 
	0x6b, 0x5b, 0x8c, 0x63, 0xb5, 0xad, 0xce, 0x73, 
	0xc6, 0x31, 0xce, 0x73, 0xe7, 0x39, 0xce, 0x73, 
	0xce, 0x73, 0xe7, 0x39, 0xce, 0x73, 0xc6, 0x31, 
	0xce, 0x73, 0xb5, 0xad, 0x8c, 0x63, 0x6b, 0x5b, 
	0x6b, 0x5b, 0x73, 0x9d, 0x84, 0x21, 0xb5, 0xad, 
	0xc6, 0x31, 0xc6, 0x31, 0xc6, 0x31, 0xb5, 0xad, 
	0xc6, 0x31, 0xce, 0x73, 0xd6, 0xb5, 0xd6, 0xb5, 
	0xd6, 0xb5, 0xe7, 0x39, 0xce, 0x73, 0xce, 0x73, 
	0xc6, 0x31, 0xb5, 0xad, 0xad, 0x6b, 0xad, 0x6b, 
	0xad, 0x6b, 0xad, 0x6b, 0xad, 0x6b, 0xad, 0x6b, 
	0xad, 0x6b, 0xad, 0x6b, 0xad, 0x6b, 0xb5, 0xad, 
	0xce, 0x73, 0xe7, 0x39, 0xe7, 0x39, 0xe7, 0x39, 
	0xe7, 0x39, 0xa5, 0x29, 0xb5, 0xad, 0xce, 0x73, 
	0xc6, 0x31, 0xc6, 0x31, 0xce, 0x73, 0xce, 0x73, 
	0xce, 0x73, 0xd6, 0xb5, 0xd6, 0xb5, 0xd6, 0xb5, 
	0xce, 0x73, 0xc6, 0x31, 0xce, 0x73, 0xd6, 0xb5, 
	0xd6, 0xb5, 0xce, 0x73, 0xce, 0x73, 0xb5, 0xad, 
	0xb5, 0xad, 0xa5, 0x29, 0xa5, 0x29, 0xad, 0x6b, 
	0x8c, 0x63, 0x8c, 0x63, 0x84, 0x21, 0x94, 0xa5, 
	0x94, 0xa5, 0xc6, 0x31, 0xce, 0x73, 0xce, 0x73, 
	0xc6, 0x31, 0xc6, 0x31, 0xc6, 0x31, 0xce, 0x73, 
	0xd6, 0xb5, 0xd6, 0xb5, 0xce, 0x73, 0xad, 0x6b, 
	0xa5, 0x29, 0x94, 0xa5, 0x94, 0xa5, 0x8c, 0x63, 
	0xb5, 0xad, 0xa5, 0x29, 0x94, 0xa5, 0xb5, 0xad, 
	0xd6, 0xb5, 0xd6, 0xb5, 0xc6, 0x31, 0xb5, 0xad, 
	0xad, 0x6b, 0xad, 0x6b, 0x94, 0xa5, 0x94, 0xa5, 
	0xa5, 0x29, 0xb5, 0xad, 0xb5, 0xad, 0xb5, 0xad, 
	0xad, 0x6b, 0xad, 0x6b, 0xb5, 0xad, 0xc6, 0x31, 
	0xc6, 0x31, 0xad, 0x6b, 0xd6, 0xb5, 0xd6, 0xb5, 
	0xd6, 0xb5, 0xe7, 0x39, 0xe7, 0x39, 0xe7, 0x39, 
	0xb5, 0xad, 0xc6, 0x31, 0xb5, 0xad, 0xb5, 0xad, 
	0xc6, 0x31, 0x8c, 0x63, 0x84, 0x21, 0x6b, 0x5b, 
	0x6b, 0x5b, 0x8c, 0x63, 0xad, 0x6b, 0xc6, 0x31, 
	0xb5, 0xad, 0xc6, 0x31, 0xd6, 0xb5, 0xce, 0x73, 
	0xce, 0x73, 0xd6, 0xb5, 0xc6, 0x31, 0xb5, 0xad, 
	0xc6, 0x31, 0xad, 0x6b, 0x8c, 0x63, 0x6b, 0x5b, 
	0x6b, 0x5b, 0x84, 0x21, 0x8c, 0x63, 0xc6, 0x31, 
	0xb5, 0xad, 0xb5, 0xad, 0xc6, 0x31, 0xb5, 0xad, 
	0xe7, 0x39, 0xe7, 0x39, 0xe7, 0x39, 0xd6, 0xb5, 
	0xd6, 0xb5, 0xd6, 0xb5, 0xad, 0x6b, 0xc6, 0x31, 
	0xc6, 0x31, 0xb5, 0xad, 0xad, 0x6b, 0xad, 0x6b, 
	0xb5, 0xad, 0xb5, 0xad, 0xb5, 0xad, 0xa5, 0x29, 
	0x94, 0xa5, 0x94, 0xa5, 0xad, 0x6b, 0xad, 0x6b, 
	0xb5, 0xad, 0xc6, 0x31, 0xd6, 0xb5, 0xd6, 0xb5, 
	0xb5, 0xad, 0x94, 0xa5, 0xa5, 0x29, 0xb5, 0xad, 
	0x8c, 0x63, 0x94, 0xa5, 0x94, 0xa5, 0xa5, 0x29, 
	0xad, 0x6b, 0xce, 0x73, 0xd6, 0xb5, 0xd6, 0xb5, 
	0xce, 0x73, 0xc6, 0x31, 0xc6, 0x31, 0xc6, 0x31, 
	0xce, 0x73, 0xce, 0x73, 0xc6, 0x31, 0x94, 0xa5, 
	0x94, 0xa5, 0x84, 0x21, 0x8c, 0x63, 0x8c, 0x63, 
	0xa5, 0x29, 0xa5, 0x29, 0x94, 0xa5, 0xa5, 0x29, 
	0xa5, 0x29, 0xad, 0x6b, 0xb5, 0xad, 0xc6, 0x31, 
	0xce, 0x73, 0xc6, 0x31, 0xb5, 0xad, 0xb5, 0xad, 
	0xc6, 0x31, 0xc6, 0x31, 0xb5, 0xad, 0xa5, 0x29, 
	0x94, 0xa5, 0x8c, 0x63, 0x8c, 0x63, 0x84, 0x21, 
	0xa5, 0x29, 0x8c, 0x63, 0x84, 0x21, 0xa5, 0x29, 
	0xc6, 0x31, 0xc6, 0x31, 0xc6, 0x31, 0xc6, 0x31, 
	0xce, 0x73, 0xc6, 0x31, 0xa5, 0x29, 0x94, 0xa5, 
	0xa5, 0x29, 0xa5, 0x29, 0x94, 0xa5, 0x94, 0xa5, 
	0x94, 0xa5, 0xb5, 0xad, 0xce, 0x73, 0xb5, 0xad, 
	0xb5, 0xad, 0xad, 0x6b, 0xe7, 0x39, 0xe7, 0x39, 
	0xe7, 0x39, 0xe7, 0x39, 0xe7, 0x39, 0xce, 0x73, 
	0xad, 0x6b, 0xad, 0x6b, 0xa5, 0x29, 0x8c, 0x63, 
	0x8c, 0x63, 0x73, 0x9d, 0x73, 0x9d, 0x6b, 0x5b, 
	0x6b, 0x5b, 0x8c, 0x63, 0xad, 0x6b, 0xb5, 0xad, 
	0xb5, 0xad, 0xc6, 0x31, 0xd6, 0xb5, 0xd6, 0xb5, 
	0xd6, 0xb5, 0xd6, 0xb5, 0xc6, 0x31, 0xb5, 0xad, 
	0xb5, 0xad, 0xad, 0x6b, 0x8c, 0x63, 0x6b, 0x5b, 
	0x6b, 0x5b, 0x73, 0x9d, 0x73, 0x9d, 0x8c, 0x63, 
	0x8c, 0x63, 0xa5, 0x29, 0xad, 0x6b, 0xad, 0x6b, 
	0xce, 0x73, 0xe7, 0x39, 0xe7, 0x39, 0xe7, 0x39, 
	0xe7, 0x39, 0xe7, 0x39, 0xad, 0x6b, 0xb5, 0xad, 
	0xb5, 0xad, 0xce, 0x73, 0xb5, 0xad, 0x94, 0xa5, 
	0x94, 0xa5, 0x94, 0xa5, 0xa5, 0x29, 0xa5, 0x29, 
	0x94, 0xa5, 0xa5, 0x29, 0xc6, 0x31, 0xce, 0x73, 
	0xc6, 0x31, 0xc6, 0x31, 0xc6, 0x31, 0xc6, 0x31, 
	0xa5, 0x29, 0x84, 0x21, 0x8c, 0x63, 0xa5, 0x29, 
	0x84, 0x21, 0x8c, 0x63, 0x8c, 0x63, 0x94, 0xa5, 
	0xa5, 0x29, 0xb5, 0xad, 0xc6, 0x31, 0xc6, 0x31, 
	0xb5, 0xad, 0xb5, 0xad, 0xc6, 0x31, 0xce, 0x73, 
	0xc6, 0x31, 0xb5, 0xad, 0xad, 0x6b, 0xa5, 0x29, 
	0xa5, 0x29, 0x94, 0xa5, 0xa5, 0x29, 0xa5, 0x29, 
	0xad, 0x6b, 0xad, 0x6b, 0xa5, 0x29, 0xa5, 0x29, 
	0x8c, 0x63, 0x8c, 0x63, 0xa5, 0x29, 0xb5, 0xad, 
	0xc6, 0x31, 0xb5, 0xad, 0xad, 0x6b, 0xa5, 0x29, 
	0xa5, 0x29, 0xad, 0x6b, 0xb5, 0xad, 0xa5, 0x29, 
	0x94, 0xa5, 0x94, 0xa5, 0x94, 0xa5, 0x8c, 0x63, 
	0xad, 0x6b, 0x8c, 0x63, 0x73, 0x9d, 0x6b, 0x5b, 
	0xad, 0x6b, 0xc6, 0x31, 0xc6, 0x31, 0xad, 0x6b, 
	0xc6, 0x31, 0xc6, 0x31, 0xad, 0x6b, 0xad, 0x6b, 
	0xb5, 0xad, 0xb5, 0xad, 0xc6, 0x31, 0xce, 0x73, 
	0xce, 0x73, 0xb5, 0xad, 0xb5, 0xad, 0xb5, 0xad, 
	0xc6, 0x31, 0xd6, 0xb5, 0xe7, 0x39, 0xe7, 0x39, 
	0xe7, 0x39, 0xe7, 0x39, 0xc6, 0x31, 0xb5, 0xad, 
	0x94, 0xa5, 0xa5, 0x29, 0x94, 0xa5, 0x84, 0x21, 
	0x84, 0x21, 0x73, 0x9d, 0x73, 0x9d, 0x63, 0x19, 
	0x6b, 0x5b, 0x84, 0x21, 0xa5, 0x29, 0xb5, 0xad, 
	0xb5, 0xad, 0xc6, 0x31, 0xd6, 0xb5, 0xd6, 0xb5, 
	0xd6, 0xb5, 0xd6, 0xb5, 0xc6, 0x31, 0xb5, 0xad, 
	0xb5, 0xad, 0xa5, 0x29, 0x84, 0x21, 0x6b, 0x5b, 
	0x63, 0x19, 0x73, 0x9d, 0x73, 0x9d, 0x84, 0x21, 
	0x84, 0x21, 0x94, 0xa5, 0xa5, 0x29, 0x94, 0xa5, 
	0xb5, 0xad, 0xc6, 0x31, 0xe7, 0x39, 0xe7, 0x39, 
	0xe7, 0x39, 0xe7, 0x39, 0xd6, 0xb5, 0xc6, 0x31, 
	0xb5, 0xad, 0xb5, 0xad, 0xb5, 0xad, 0xce, 0x73, 
	0xce, 0x73, 0xc6, 0x31, 0xb5, 0xad, 0xb5, 0xad, 
	0xad, 0x6b, 0xad, 0x6b, 0xc6, 0x31, 0xc6, 0x31, 
	0xad, 0x6b, 0xc6, 0x31, 0xc6, 0x31, 0xad, 0x6b, 
	0x6b, 0x5b, 0x73, 0x9d, 0x8c, 0x63, 0xad, 0x6b, 
	0x8c, 0x63, 0x94, 0xa5, 0x94, 0xa5, 0x94, 0xa5, 
	0xa5, 0x29, 0xb5, 0xad, 0xad, 0x6b, 0xa5, 0x29, 
	0xa5, 0x29, 0xad, 0x6b, 0xb5, 0xad, 0xc6, 0x31, 
	0xb5, 0xad, 0xa5, 0x29, 0x8c, 0x63, 0x8c, 0x63, 
	0xa5, 0x29, 0xa5, 0x29, 0xad, 0x6b, 0xad, 0x6b, 
	0x94, 0xa5, 0x8c, 0x63, 0x8c, 0x63, 0x94, 0xa5, 
	0x8c, 0x63, 0x8c, 0x63, 0x94, 0xa5, 0x94, 0xa5, 
	0x94, 0xa5, 0xa5, 0x29, 0xad, 0x6b, 0xad, 0x6b, 
	0xad, 0x6b, 0xb5, 0xad, 0xc6, 0x31, 0xb5, 0xad, 
	0xb5, 0xad, 0xa5, 0x29, 0x94, 0xa5, 0x94, 0xa5, 
	0xa5, 0x29, 0x8c, 0x63, 0x73, 0x9d, 0x73, 0x9d, 
	0x8c, 0x63, 0xb5, 0xad, 0xb5, 0xad, 0xa5, 0x29, 
	0xa5, 0x29, 0xb5, 0xad, 0xc6, 0x31, 0xc6, 0x31, 
	0xb5, 0xad, 0xad, 0x6b, 0xc6, 0x31, 0xd6, 0xb5, 
	0xd6, 0xb5, 0xce, 0x73, 0xce, 0x73, 0xad, 0x6b, 
	0xad, 0x6b, 0xc6, 0x31, 0xce, 0x73, 0xc6, 0x31, 
	0xb5, 0xad, 0xc6, 0x31, 0xad, 0x6b, 0x94, 0xa5, 
	0x84, 0x21, 0x94, 0xa5, 0x94, 0xa5, 0x73, 0x9d, 
	0x84, 0x21, 0x84, 0x21, 0x73, 0x9d, 0x52, 0x95, 
	0x63, 0x19, 0x84, 0x21, 0xa5, 0x29, 0xad, 0x6b, 
	0xa5, 0x29, 0xc6, 0x31, 0xd6, 0xb5, 0xd6, 0xb5, 
	0xd6, 0xb5, 0xd6, 0xb5, 0xc6, 0x31, 0xa5, 0x29, 
	0xad, 0x6b, 0xa5, 0x29, 0x84, 0x21, 0x63, 0x19, 
	0x52, 0x95, 0x73, 0x9d, 0x84, 0x21, 0x84, 0x21, 
	0x73, 0x9d, 0x94, 0xa5, 0x94, 0xa5, 0x84, 0x21, 
	0x94, 0xa5, 0xad, 0x6b, 0xc6, 0x31, 0xb5, 0xad, 
	0xc6, 0x31, 0xce, 0x73, 0xc6, 0x31, 0xad, 0x6b, 
	0xad, 0x6b, 0xce, 0x73, 0xce, 0x73, 0xd6, 0xb5, 
	0xd6, 0xb5, 0xc6, 0x31, 0xad, 0x6b, 0xb5, 0xad, 
	0xc6, 0x31, 0xc6, 0x31, 0xb5, 0xad, 0xa5, 0x29, 
	0xa5, 0x29, 0xb5, 0xad, 0xb5, 0xad, 0x8c, 0x63, 
	0x73, 0x9d, 0x73, 0x9d, 0x8c, 0x63, 0xa5, 0x29, 
	0x94, 0xa5, 0x94, 0xa5, 0xa5, 0x29, 0xb5, 0xad, 
	0xb5, 0xad, 0xc6, 0x31, 0xb5, 0xad, 0xad, 0x6b, 
	0xad, 0x6b, 0xad, 0x6b, 0xa5, 0x29, 0x94, 0xa5, 
	0x94, 0xa5, 0x94, 0xa5, 0x8c, 0x63, 0x8c, 0x63, 
	0x94, 0xa5, 0x8c, 0x63, 0x8c, 0x63, 0x94, 0xa5, 
	0x94, 0xa5, 0x94, 0xa5, 0x94, 0xa5, 0xad, 0x6b, 
	0xad, 0x6b, 0xa5, 0x29, 0xa5, 0x29, 0xa5, 0x29, 
	0xa5, 0x29, 0xad, 0x6b, 0x94, 0xa5, 0x94, 0xa5, 
	0xa5, 0x29, 0xad, 0x6b, 0xad, 0x6b, 0xb5, 0xad, 
	0xc6, 0x31, 0xad, 0x6b, 0xb5, 0xad, 0xad, 0x6b, 
	0xad, 0x6b, 0x94, 0xa5, 0x73, 0x9d, 0x73, 0x9d, 
	0x84, 0x21, 0x94, 0xa5, 0x94, 0xa5, 0x8c, 0x63, 
	0x94, 0xa5, 0xa5, 0x29, 0xa5, 0x29, 0xa5, 0x29, 
	0xa5, 0x29, 0x8c, 0x63, 0x94, 0xa5, 0x94, 0xa5, 
	0x94, 0xa5, 0xa5, 0x29, 0xa5, 0x29, 0x8c, 0x63, 
	0x94, 0xa5, 0xa5, 0x29, 0xa5, 0x29, 0x94, 0xa5, 
	0xb5, 0xad, 0xb5, 0xad, 0xa5, 0x29, 0xa5, 0x29, 
	0x8c, 0x63, 0xa5, 0x29, 0xa5, 0x29, 0x8c, 0x63, 
	0x73, 0x9d, 0x73, 0x9d, 0x6b, 0x5b, 0x52, 0x95, 
	0x6b, 0x5b, 0xa5, 0x29, 0xa5, 0x29, 0xa5, 0x29, 
	0xad, 0x6b, 0xc6, 0x31, 0xce, 0x73, 0xe7, 0x39, 
	0xe7, 0x39, 0xce, 0x73, 0xc6, 0x31, 0xad, 0x6b, 
	0xa5, 0x29, 0xa5, 0x29, 0xa5, 0x29, 0x6b, 0x5b, 
	0x52, 0x95, 0x6b, 0x5b, 0x73, 0x9d, 0x73, 0x9d, 
	0x8c, 0x63, 0xa5, 0x29, 0xa5, 0x29, 0x8c, 0x63, 
	0xa5, 0x29, 0xa5, 0x29, 0xb5, 0xad, 0xb5, 0xad, 
	0x94, 0xa5, 0xa5, 0x29, 0xa5, 0x29, 0x94, 0xa5, 
	0x8c, 0x63, 0xa5, 0x29, 0xa5, 0x29, 0x94, 0xa5, 
	0x94, 0xa5, 0x94, 0xa5, 0x8c, 0x63, 0xa5, 0x29, 
	0xa5, 0x29, 0xa5, 0x29, 0xa5, 0x29, 0x94, 0xa5, 
	0x8c, 0x63, 0x94, 0xa5, 0x94, 0xa5, 0x84, 0x21, 
	0x73, 0x9d, 0x73, 0x9d, 0x94, 0xa5, 0xad, 0x6b, 
	0xad, 0x6b, 0xb5, 0xad, 0xad, 0x6b, 0xc6, 0x31, 
	0xb5, 0xad, 0xad, 0x6b, 0xad, 0x6b, 0xa5, 0x29, 
	0x94, 0xa5, 0x94, 0xa5, 0xad, 0x6b, 0xa5, 0x29, 
	0xa5, 0x29, 0xa5, 0x29, 0xa5, 0x29, 0xad, 0x6b, 
	0xad, 0x6b, 0x94, 0xa5, 0x94, 0xa5, 0x94, 0xa5, 
	0x52, 0x95, 0x63, 0x19, 0x6b, 0x5b, 0x8c, 0x63, 
	0x8c, 0x63, 0x8c, 0x63, 0x8c, 0x63, 0x8c, 0x63, 
	0x8c, 0x63, 0x84, 0x21, 0x63, 0x19, 0x52, 0x95, 
	0x6b, 0x5b, 0x73, 0x9d, 0x6b, 0x5b, 0x6b, 0x5b, 
	0x6b, 0x5b, 0x84, 0x21, 0x94, 0xa5, 0x94, 0xa5, 
	0x84, 0x21, 0x52, 0x95, 0x52, 0x95, 0x52, 0x95, 
	0x63, 0x19, 0x73, 0x9d, 0x73, 0x9d, 0x73, 0x9d, 
	0x84, 0x21, 0x73, 0x9d, 0x73, 0x9d, 0x84, 0x21, 
	0x94, 0xa5, 0x94, 0xa5, 0x8c, 0x63, 0x84, 0x21, 
	0x84, 0x21, 0x84, 0x21, 0x84, 0x21, 0x73, 0x9d, 
	0x6b, 0x5b, 0x8c, 0x63, 0x6b, 0x5b, 0x73, 0x9d, 
	0x73, 0x9d, 0x84, 0x21, 0x6b, 0x5b, 0x6b, 0x5b, 
	0x73, 0x9d, 0x84, 0x21, 0x84, 0x21, 0x84, 0x21, 
	0x8c, 0x63, 0x8c, 0x63, 0x6b, 0x5b, 0x63, 0x19, 
	0x6b, 0x5b, 0xad, 0x6b, 0xad, 0x6b, 0xad, 0x6b, 
	0xad, 0x6b, 0xc6, 0x31, 0xce, 0x73, 0xd6, 0xb5, 
	0xd6, 0xb5, 0xce, 0x73, 0xc6, 0x31, 0xad, 0x6b, 
	0xad, 0x6b, 0xad, 0x6b, 0xad, 0x6b, 0x6b, 0x5b, 
	0x63, 0x19, 0x6b, 0x5b, 0x8c, 0x63, 0x8c, 0x63, 
	0x84, 0x21, 0x84, 0x21, 0x84, 0x21, 0x73, 0x9d, 
	0x6b, 0x5b, 0x6b, 0x5b, 0x84, 0x21, 0x73, 0x9d, 
	0x73, 0x9d, 0x6b, 0x5b, 0x8c, 0x63, 0x6b, 0x5b, 
	0x73, 0x9d, 0x84, 0x21, 0x84, 0x21, 0x84, 0x21, 
	0x84, 0x21, 0x8c, 0x63, 0x94, 0xa5, 0x94, 0xa5, 
	0x84, 0x21, 0x73, 0x9d, 0x73, 0x9d, 0x84, 0x21, 
	0x73, 0x9d, 0x73, 0x9d, 0x73, 0x9d, 0x63, 0x19, 
	0x52, 0x95, 0x52, 0x95, 0x52, 0x95, 0x84, 0x21, 
	0x94, 0xa5, 0x94, 0xa5, 0x84, 0x21, 0x6b, 0x5b, 
	0x6b, 0x5b, 0x6b, 0x5b, 0x73, 0x9d, 0x6b, 0x5b, 
	0x52, 0x95, 0x63, 0x19, 0x84, 0x21, 0x8c, 0x63, 
	0x8c, 0x63, 0x8c, 0x63, 0x8c, 0x63, 0x8c, 0x63, 
	0x8c, 0x63, 0x6b, 0x5b, 0x63, 0x19, 0x52, 0x95, 
	0x63, 0x19, 0x94, 0xa5, 0x84, 0x21, 0x94, 0xa5, 
	0x8c, 0x63, 0x84, 0x21, 0x73, 0x9d, 0x6b, 0x5b, 
	0x73, 0x9d, 0x73, 0x9d, 0x63, 0x19, 0x52, 0x95, 
	0x52, 0x95, 0x52, 0x95, 0x52, 0x95, 0x52, 0x95, 
	0x52, 0x95, 0x63, 0x19, 0x73, 0x9d, 0x84, 0x21, 
	0x6b, 0x5b, 0x52, 0x95, 0x63, 0x19, 0x63, 0x19, 
	0x6b, 0x5b, 0x6b, 0x5b, 0x84, 0x21, 0x84, 0x21, 
	0x8c, 0x63, 0x73, 0x9d, 0x73, 0x9d, 0x84, 0x21, 
	0x8c, 0x63, 0x8c, 0x63, 0x94, 0xa5, 0x84, 0x21, 
	0x84, 0x21, 0x84, 0x21, 0x84, 0x21, 0x73, 0x9d, 
	0x84, 0x21, 0x8c, 0x63, 0x94, 0xa5, 0x94, 0xa5, 
	0x8c, 0x63, 0x94, 0xa5, 0x94, 0xa5, 0x94, 0xa5, 
	0x94, 0xa5, 0x8c, 0x63, 0x8c, 0x63, 0x8c, 0x63, 
	0x8c, 0x63, 0x8c, 0x63, 0x73, 0x9d, 0x6b, 0x5b, 
	0x6b, 0x5b, 0xa5, 0x29, 0xa5, 0x29, 0xad, 0x6b, 
	0xb5, 0xad, 0xb5, 0xad, 0xce, 0x73, 0xd6, 0xb5, 
	0xd6, 0xb5, 0xce, 0x73, 0xb5, 0xad, 0xb5, 0xad, 
	0xad, 0x6b, 0xa5, 0x29, 0xa5, 0x29, 0x6b, 0x5b, 
	0x6b, 0x5b, 0x73, 0x9d, 0x8c, 0x63, 0x8c, 0x63, 
	0x8c, 0x63, 0x8c, 0x63, 0x8c, 0x63, 0x94, 0xa5, 
	0x94, 0xa5, 0x94, 0xa5, 0x94, 0xa5, 0x8c, 0x63, 
	0x94, 0xa5, 0x94, 0xa5, 0x8c, 0x63, 0x84, 0x21, 
	0x73, 0x9d, 0x84, 0x21, 0x84, 0x21, 0x84, 0x21, 
	0x84, 0x21, 0x94, 0xa5, 0x8c, 0x63, 0x8c, 0x63, 
	0x84, 0x21, 0x73, 0x9d, 0x73, 0x9d, 0x8c, 0x63, 
	0x84, 0x21, 0x84, 0x21, 0x6b, 0x5b, 0x6b, 0x5b, 
	0x63, 0x19, 0x63, 0x19, 0x52, 0x95, 0x6b, 0x5b, 
	0x84, 0x21, 0x73, 0x9d, 0x63, 0x19, 0x52, 0x95, 
	0x52, 0x95, 0x52, 0x95, 0x52, 0x95, 0x52, 0x95, 
	0x52, 0x95, 0x63, 0x19, 0x73, 0x9d, 0x73, 0x9d, 
	0x6b, 0x5b, 0x73, 0x9d, 0x84, 0x21, 0x8c, 0x63, 
	0x94, 0xa5, 0x84, 0x21, 0x94, 0xa5, 0x63, 0x19, 
	
};

Gfx hyrule_dl_rock_lines_rgba16_aligner[] = {gsSPEndDisplayList()};
u8 hyrule_dl_rock_lines_rgba16[] = {
	0xd6, 0xb5, 0xd6, 0xb5, 0xce, 0x73, 0xce, 0x73, 
	0xc6, 0x31, 0xc6, 0x31, 0xc6, 0x31, 0xc6, 0x31, 
	0xce, 0x73, 0xd6, 0xb5, 0xd6, 0xb5, 0xe7, 0x39, 
	0xd6, 0xb5, 0xd6, 0xb5, 0xe7, 0x39, 0xe7, 0x39, 
	0xd6, 0xb5, 0xce, 0x73, 0xc6, 0x31, 0xb5, 0xad, 
	0xc6, 0x31, 0xb5, 0xad, 0x94, 0xa5, 0x8c, 0x63, 
	0x8c, 0x63, 0xa5, 0x29, 0xad, 0x6b, 0xc6, 0x31, 
	0xb5, 0xad, 0xce, 0x73, 0xd6, 0xb5, 0xd6, 0xb5, 
	0xe7, 0x39, 0xe7, 0x39, 0xe7, 0x39, 0xe7, 0x39, 
	0xe7, 0x39, 0xe7, 0x39, 0xe7, 0x39, 0xe7, 0x39, 
	0xd6, 0xb5, 0xd6, 0xb5, 0xce, 0x73, 0xce, 0x73, 
	0xb5, 0xad, 0xb5, 0xad, 0xb5, 0xad, 0xad, 0x6b, 
	0x94, 0xa5, 0x94, 0xa5, 0x94, 0xa5, 0xad, 0x6b, 
	0x84, 0x21, 0xad, 0x6b, 0xe7, 0x39, 0xe7, 0x39, 
	0xe7, 0x39, 0xe7, 0x39, 0xe7, 0x39, 0xe7, 0x39, 
	0xe7, 0x39, 0xe7, 0x39, 0xe7, 0x39, 0xe7, 0x39, 
	0xe7, 0x39, 0xe7, 0x39, 0xe7, 0x39, 0xe7, 0x39, 
	0xe7, 0x39, 0xd6, 0xb5, 0xd6, 0xb5, 0xd6, 0xb5, 
	0xe7, 0x39, 0xe7, 0x39, 0xe7, 0x39, 0xe7, 0x39, 
	0xe7, 0x39, 0xd6, 0xb5, 0xe7, 0x39, 0xe7, 0x39, 
	0xe7, 0x39, 0xe7, 0x39, 0xd6, 0xb5, 0xd6, 0xb5, 
	0xd6, 0xb5, 0xce, 0x73, 0xb5, 0xad, 0x8c, 0x63, 
	0xb5, 0xad, 0xce, 0x73, 0xd6, 0xb5, 0xe7, 0x39, 
	0xe7, 0x39, 0xe7, 0x39, 0xe7, 0x39, 0xe7, 0x39, 
	0xe7, 0x39, 0xe7, 0x39, 0xe7, 0x39, 0xe7, 0x39, 
	0xe7, 0x39, 0xe7, 0x39, 0xe7, 0x39, 0xe7, 0x39, 
	0xe7, 0x39, 0xe7, 0x39, 0xd6, 0xb5, 0xd6, 0xb5, 
	0xd6, 0xb5, 0xd6, 0xb5, 0xce, 0x73, 0xce, 0x73, 
	0xc6, 0x31, 0xc6, 0x31, 0xce, 0x73, 0xb5, 0xad, 
	0x73, 0x9d, 0xad, 0x6b, 0xe7, 0x39, 0xe7, 0x39, 
	0xe7, 0x39, 0xe7, 0x39, 0xe7, 0x39, 0xe7, 0x39, 
	0xe7, 0x39, 0xe7, 0x39, 0xe7, 0x39, 0xe7, 0x39, 
	0xd6, 0xb5, 0xe7, 0x39, 0xe7, 0x39, 0xe7, 0x39, 
	0xe7, 0x39, 0xe7, 0x39, 0xe7, 0x39, 0xe7, 0x39, 
	0xe7, 0x39, 0xe7, 0x39, 0xe7, 0x39, 0xe7, 0x39, 
	0xd6, 0xb5, 0xe7, 0x39, 0xe7, 0x39, 0xe7, 0x39, 
	0xe7, 0x39, 0xe7, 0x39, 0xe7, 0x39, 0xe7, 0x39, 
	0xe7, 0x39, 0xe7, 0x39, 0xce, 0x73, 0x94, 0xa5, 
	0xc6, 0x31, 0xd6, 0xb5, 0xe7, 0x39, 0xe7, 0x39, 
	0xe7, 0x39, 0xe7, 0x39, 0xe7, 0x39, 0xe7, 0x39, 
	0xe7, 0x39, 0xe7, 0x39, 0xe7, 0x39, 0xe7, 0x39, 
	0xe7, 0x39, 0xd6, 0xb5, 0xd6, 0xb5, 0xe7, 0x39, 
	0xd6, 0xb5, 0xd6, 0xb5, 0xd6, 0xb5, 0xe7, 0x39, 
	0xe7, 0x39, 0xce, 0x73, 0xce, 0x73, 0xce, 0x73, 
	0xc6, 0x31, 0xce, 0x73, 0xd6, 0xb5, 0xc6, 0x31, 
	0x73, 0x9d, 0xad, 0x6b, 0xd6, 0xb5, 0xe7, 0x39, 
	0xe7, 0x39, 0xd6, 0xb5, 0xd6, 0xb5, 0xe7, 0x39, 
	0xe7, 0x39, 0xe7, 0x39, 0xe7, 0x39, 0xe7, 0x39, 
	0xe7, 0x39, 0xe7, 0x39, 0xe7, 0x39, 0xe7, 0x39, 
	0xe7, 0x39, 0xe7, 0x39, 0xe7, 0x39, 0xe7, 0x39, 
	0xe7, 0x39, 0xe7, 0x39, 0xe7, 0x39, 0xe7, 0x39, 
	0xd6, 0xb5, 0xd6, 0xb5, 0xe7, 0x39, 0xd6, 0xb5, 
	0xd6, 0xb5, 0xe7, 0x39, 0xd6, 0xb5, 0xd6, 0xb5, 
	0xc6, 0x31, 0xd6, 0xb5, 0xce, 0x73, 0xad, 0x6b, 
	0xd6, 0xb5, 0xe7, 0x39, 0xe7, 0x39, 0xd6, 0xb5, 
	0xc6, 0x31, 0xc6, 0x31, 0xd6, 0xb5, 0xd6, 0xb5, 
	0xd6, 0xb5, 0xd6, 0xb5, 0xe7, 0x39, 0xe7, 0x39, 
	0xe7, 0x39, 0xd6, 0xb5, 0xd6, 0xb5, 0xe7, 0x39, 
	0xd6, 0xb5, 0xd6, 0xb5, 0xd6, 0xb5, 0xe7, 0x39, 
	0xd6, 0xb5, 0xce, 0x73, 0xc6, 0x31, 0xd6, 0xb5, 
	0xc6, 0x31, 0xce, 0x73, 0xd6, 0xb5, 0xc6, 0x31, 
	0x84, 0x21, 0xad, 0x6b, 0xce, 0x73, 0xd6, 0xb5, 
	0xd6, 0xb5, 0xd6, 0xb5, 0xd6, 0xb5, 0xd6, 0xb5, 
	0xe7, 0x39, 0xe7, 0x39, 0xe7, 0x39, 0xe7, 0x39, 
	0xe7, 0x39, 0xe7, 0x39, 0xe7, 0x39, 0xe7, 0x39, 
	0xd6, 0xb5, 0xce, 0x73, 0xc6, 0x31, 0xce, 0x73, 
	0xd6, 0xb5, 0xe7, 0x39, 0xd6, 0xb5, 0xc6, 0x31, 
	0xb5, 0xad, 0xb5, 0xad, 0xc6, 0x31, 0xd6, 0xb5, 
	0xd6, 0xb5, 0xd6, 0xb5, 0xce, 0x73, 0xc6, 0x31, 
	0xce, 0x73, 0xd6, 0xb5, 0xd6, 0xb5, 0xad, 0x6b, 
	0xd6, 0xb5, 0xe7, 0x39, 0xd6, 0xb5, 0xd6, 0xb5, 
	0xad, 0x6b, 0xa5, 0x29, 0xb5, 0xad, 0xb5, 0xad, 
	0xad, 0x6b, 0xc6, 0x31, 0xd6, 0xb5, 0xd6, 0xb5, 
	0xce, 0x73, 0xd6, 0xb5, 0xe7, 0x39, 0xe7, 0x39, 
	0xce, 0x73, 0xce, 0x73, 0xd6, 0xb5, 0xce, 0x73, 
	0xc6, 0x31, 0xce, 0x73, 0xb5, 0xad, 0xc6, 0x31, 
	0xb5, 0xad, 0xc6, 0x31, 0xd6, 0xb5, 0xce, 0x73, 
	0x94, 0xa5, 0xa5, 0x29, 0xc6, 0x31, 0xce, 0x73, 
	0xce, 0x73, 0xc6, 0x31, 0xc6, 0x31, 0xce, 0x73, 
	0xc6, 0x31, 0xc6, 0x31, 0xd6, 0xb5, 0xd6, 0xb5, 
	0xe7, 0x39, 0xe7, 0x39, 0xe7, 0x39, 0xe7, 0x39, 
	0xce, 0x73, 0xc6, 0x31, 0xc6, 0x31, 0xc6, 0x31, 
	0xce, 0x73, 0xe7, 0x39, 0xe7, 0x39, 0xd6, 0xb5, 
	0xe7, 0x39, 0xe7, 0x39, 0xe7, 0x39, 0xd6, 0xb5, 
	0xd6, 0xb5, 0xd6, 0xb5, 0xc6, 0x31, 0xce, 0x73, 
	0xe7, 0x39, 0xe7, 0x39, 0xe7, 0x39, 0xad, 0x6b, 
	0xc6, 0x31, 0xe7, 0x39, 0xe7, 0x39, 0xd6, 0xb5, 
	0xb5, 0xad, 0xb5, 0xad, 0xc6, 0x31, 0xc6, 0x31, 
	0xc6, 0x31, 0xc6, 0x31, 0xc6, 0x31, 0xc6, 0x31, 
	0xce, 0x73, 0xce, 0x73, 0xc6, 0x31, 0xad, 0x6b, 
	0xc6, 0x31, 0xb5, 0xad, 0xc6, 0x31, 0xb5, 0xad, 
	0xc6, 0x31, 0xce, 0x73, 0xb5, 0xad, 0xad, 0x6b, 
	0xad, 0x6b, 0xb5, 0xad, 0xce, 0x73, 0xce, 0x73, 
	0xa5, 0x29, 0xb5, 0xad, 0xc6, 0x31, 0xce, 0x73, 
	0xce, 0x73, 0xce, 0x73, 0xce, 0x73, 0xce, 0x73, 
	0xd6, 0xb5, 0xce, 0x73, 0xe7, 0x39, 0xd6, 0xb5, 
	0xe7, 0x39, 0xe7, 0x39, 0xe7, 0x39, 0xe7, 0x39, 
	0xe7, 0x39, 0xce, 0x73, 0xce, 0x73, 0xc6, 0x31, 
	0xc6, 0x31, 0xc6, 0x31, 0xd6, 0xb5, 0xe7, 0x39, 
	0xe7, 0x39, 0xe7, 0x39, 0xe7, 0x39, 0xe7, 0x39, 
	0xe7, 0x39, 0xe7, 0x39, 0xd6, 0xb5, 0xd6, 0xb5, 
	0xe7, 0x39, 0xe7, 0x39, 0xce, 0x73, 0xad, 0x6b, 
	0xd6, 0xb5, 0xe7, 0x39, 0xe7, 0x39, 0xe7, 0x39, 
	0xe7, 0x39, 0xd6, 0xb5, 0xe7, 0x39, 0xd6, 0xb5, 
	0xc6, 0x31, 0xb5, 0xad, 0xad, 0x6b, 0xb5, 0xad, 
	0xc6, 0x31, 0xce, 0x73, 0xce, 0x73, 0xad, 0x6b, 
	0xc6, 0x31, 0xc6, 0x31, 0xce, 0x73, 0xce, 0x73, 
	0xce, 0x73, 0xc6, 0x31, 0xad, 0x6b, 0xa5, 0x29, 
	0xa5, 0x29, 0xad, 0x6b, 0xc6, 0x31, 0xc6, 0x31, 
	0xa5, 0x29, 0xb5, 0xad, 0xc6, 0x31, 0xce, 0x73, 
	0xce, 0x73, 0xd6, 0xb5, 0xd6, 0xb5, 0xe7, 0x39, 
	0xe7, 0x39, 0xe7, 0x39, 0xe7, 0x39, 0xe7, 0x39, 
	0xe7, 0x39, 0xe7, 0x39, 0xe7, 0x39, 0xe7, 0x39, 
	0xd6, 0xb5, 0xce, 0x73, 0xce, 0x73, 0xb5, 0xad, 
	0xad, 0x6b, 0xb5, 0xad, 0xc6, 0x31, 0xce, 0x73, 
	0xce, 0x73, 0xc6, 0x31, 0xc6, 0x31, 0xb5, 0xad, 
	0xce, 0x73, 0xd6, 0xb5, 0xce, 0x73, 0xce, 0x73, 
	0xe7, 0x39, 0xd6, 0xb5, 0xb5, 0xad, 0xa5, 0x29, 
	0xd6, 0xb5, 0xe7, 0x39, 0xe7, 0x39, 0xe7, 0x39, 
	0xe7, 0x39, 0xe7, 0x39, 0xe7, 0x39, 0xe7, 0x39, 
	0xd6, 0xb5, 0xce, 0x73, 0xd6, 0xb5, 0xce, 0x73, 
	0xb5, 0xad, 0xb5, 0xad, 0xc6, 0x31, 0xc6, 0x31, 
	0xd6, 0xb5, 0xd6, 0xb5, 0xce, 0x73, 0xc6, 0x31, 
	0xc6, 0x31, 0xb5, 0xad, 0xa5, 0x29, 0xad, 0x6b, 
	0xb5, 0xad, 0xc6, 0x31, 0xc6, 0x31, 0xad, 0x6b, 
	0x94, 0xa5, 0xb5, 0xad, 0xc6, 0x31, 0xce, 0x73, 
	0xc6, 0x31, 0xad, 0x6b, 0xc6, 0x31, 0xce, 0x73, 
	0xce, 0x73, 0xce, 0x73, 0xd6, 0xb5, 0xd6, 0xb5, 
	0xd6, 0xb5, 0xd6, 0xb5, 0xd6, 0xb5, 0xce, 0x73, 
	0xce, 0x73, 0xc6, 0x31, 0xb5, 0xad, 0xad, 0x6b, 
	0xad, 0x6b, 0xad, 0x6b, 0xa5, 0x29, 0x94, 0xa5, 
	0x94, 0xa5, 0x94, 0xa5, 0x94, 0xa5, 0x94, 0xa5, 
	0xb5, 0xad, 0xc6, 0x31, 0xce, 0x73, 0xd6, 0xb5, 
	0xd6, 0xb5, 0xce, 0x73, 0xb5, 0xad, 0x94, 0xa5, 
	0xce, 0x73, 0xd6, 0xb5, 0xd6, 0xb5, 0xd6, 0xb5, 
	0xe7, 0x39, 0xe7, 0x39, 0xe7, 0x39, 0xe7, 0x39, 
	0xe7, 0x39, 0xd6, 0xb5, 0xd6, 0xb5, 0xce, 0x73, 
	0xc6, 0x31, 0xc6, 0x31, 0xce, 0x73, 0xce, 0x73, 
	0xd6, 0xb5, 0xd6, 0xb5, 0xe7, 0x39, 0xe7, 0x39, 
	0xe7, 0x39, 0xd6, 0xb5, 0xce, 0x73, 0xce, 0x73, 
	0xd6, 0xb5, 0xd6, 0xb5, 0xc6, 0x31, 0xb5, 0xad, 
	0x94, 0xa5, 0xc6, 0x31, 0xce, 0x73, 0xd6, 0xb5, 
	0xb5, 0xad, 0xa5, 0x29, 0xa5, 0x29, 0xc6, 0x31, 
	0xc6, 0x31, 0xd6, 0xb5, 0xce, 0x73, 0xce, 0x73, 
	0xc6, 0x31, 0xc6, 0x31, 0xce, 0x73, 0xce, 0x73, 
	0xce, 0x73, 0xc6, 0x31, 0xad, 0x6b, 0xa5, 0x29, 
	0xad, 0x6b, 0xad, 0x6b, 0xad, 0x6b, 0x94, 0xa5, 
	0x94, 0xa5, 0x8c, 0x63, 0x8c, 0x63, 0x94, 0xa5, 
	0xad, 0x6b, 0xb5, 0xad, 0xb5, 0xad, 0xc6, 0x31, 
	0xce, 0x73, 0xb5, 0xad, 0xad, 0x6b, 0x94, 0xa5, 
	0xb5, 0xad, 0xc6, 0x31, 0xc6, 0x31, 0xc6, 0x31, 
	0xc6, 0x31, 0xc6, 0x31, 0xd6, 0xb5, 0xe7, 0x39, 
	0xce, 0x73, 0xce, 0x73, 0xc6, 0x31, 0xc6, 0x31, 
	0xce, 0x73, 0xd6, 0xb5, 0xd6, 0xb5, 0xce, 0x73, 
	0xce, 0x73, 0xe7, 0x39, 0xe7, 0x39, 0xe7, 0x39, 
	0xe7, 0x39, 0xd6, 0xb5, 0xd6, 0xb5, 0xce, 0x73, 
	0xce, 0x73, 0xce, 0x73, 0xc6, 0x31, 0xb5, 0xad, 
	0xa5, 0x29, 0xc6, 0x31, 0xd6, 0xb5, 0xd6, 0xb5, 
	0xd6, 0xb5, 0xe7, 0x39, 0xe7, 0x39, 0xce, 0x73, 
	0xc6, 0x31, 0xc6, 0x31, 0xb5, 0xad, 0xb5, 0xad, 
	0xb5, 0xad, 0xb5, 0xad, 0xc6, 0x31, 0xc6, 0x31, 
	0xb5, 0xad, 0xa5, 0x29, 0x94, 0xa5, 0x94, 0xa5, 
	0xa5, 0x29, 0xb5, 0xad, 0xb5, 0xad, 0xad, 0x6b, 
	0xa5, 0x29, 0x94, 0xa5, 0x94, 0xa5, 0xa5, 0x29, 
	0xb5, 0xad, 0xc6, 0x31, 0xc6, 0x31, 0xb5, 0xad, 
	0xc6, 0x31, 0xa5, 0x29, 0xb5, 0xad, 0xad, 0x6b, 
	0xa5, 0x29, 0xa5, 0x29, 0xad, 0x6b, 0xad, 0x6b, 
	0xad, 0x6b, 0xb5, 0xad, 0xb5, 0xad, 0xc6, 0x31, 
	0xce, 0x73, 0xce, 0x73, 0xce, 0x73, 0xc6, 0x31, 
	0xc6, 0x31, 0xce, 0x73, 0xb5, 0xad, 0xc6, 0x31, 
	0xce, 0x73, 0xd6, 0xb5, 0xe7, 0x39, 0xd6, 0xb5, 
	0xc6, 0x31, 0xb5, 0xad, 0xb5, 0xad, 0xc6, 0x31, 
	0xc6, 0x31, 0xb5, 0xad, 0xce, 0x73, 0xc6, 0x31, 
	0x94, 0xa5, 0xb5, 0xad, 0xd6, 0xb5, 0xe7, 0x39, 
	0xe7, 0x39, 0xe7, 0x39, 0xe7, 0x39, 0xd6, 0xb5, 
	0xce, 0x73, 0xd6, 0xb5, 0xd6, 0xb5, 0xc6, 0x31, 
	0xe7, 0x39, 0xd6, 0xb5, 0xce, 0x73, 0xc6, 0x31, 
	0xa5, 0x29, 0x8c, 0x63, 0x8c, 0x63, 0x84, 0x21, 
	0x8c, 0x63, 0xa5, 0x29, 0xad, 0x6b, 0xad, 0x6b, 
	0xb5, 0xad, 0xc6, 0x31, 0xc6, 0x31, 0xc6, 0x31, 
	0xc6, 0x31, 0xc6, 0x31, 0xb5, 0xad, 0xad, 0x6b, 
	0xad, 0x6b, 0x94, 0xa5, 0xad, 0x6b, 0x94, 0xa5, 
	0xa5, 0x29, 0xad, 0x6b, 0xb5, 0xad, 0xb5, 0xad, 
	0xb5, 0xad, 0xc6, 0x31, 0xce, 0x73, 0xd6, 0xb5, 
	0xd6, 0xb5, 0xe7, 0x39, 0xd6, 0xb5, 0xc6, 0x31, 
	0xc6, 0x31, 0xc6, 0x31, 0xb5, 0xad, 0xc6, 0x31, 
	0xc6, 0x31, 0xce, 0x73, 0xd6, 0xb5, 0xd6, 0xb5, 
	0xd6, 0xb5, 0xe7, 0x39, 0xe7, 0x39, 0xce, 0x73, 
	0xc6, 0x31, 0xb5, 0xad, 0xce, 0x73, 0xc6, 0x31, 
	0x94, 0xa5, 0xb5, 0xad, 0xd6, 0xb5, 0xe7, 0x39, 
	0xe7, 0x39, 0xd6, 0xb5, 0xe7, 0x39, 0xe7, 0x39, 
	0xd6, 0xb5, 0xd6, 0xb5, 0xd6, 0xb5, 0xd6, 0xb5, 
	0xe7, 0x39, 0xe7, 0x39, 0xe7, 0x39, 0xc6, 0x31, 
	0xb5, 0xad, 0xa5, 0x29, 0x8c, 0x63, 0x84, 0x21, 
	0x8c, 0x63, 0xad, 0x6b, 0xc6, 0x31, 0xce, 0x73, 
	0xd6, 0xb5, 0xe7, 0x39, 0xd6, 0xb5, 0xce, 0x73, 
	0xce, 0x73, 0xc6, 0x31, 0xce, 0x73, 0xc6, 0x31, 
	0xb5, 0xad, 0xa5, 0x29, 0x94, 0xa5, 0x84, 0x21, 
	0x94, 0xa5, 0xad, 0x6b, 0xb5, 0xad, 0xb5, 0xad, 
	0xb5, 0xad, 0xc6, 0x31, 0xce, 0x73, 0xd6, 0xb5, 
	0xd6, 0xb5, 0xce, 0x73, 0xb5, 0xad, 0xad, 0x6b, 
	0xc6, 0x31, 0xd6, 0xb5, 0xce, 0x73, 0xce, 0x73, 
	0xc6, 0x31, 0xb5, 0xad, 0xc6, 0x31, 0xd6, 0xb5, 
	0xe7, 0x39, 0xe7, 0x39, 0xd6, 0xb5, 0xad, 0x6b, 
	0x8c, 0x63, 0xa5, 0x29, 0xa5, 0x29, 0x94, 0xa5, 
	0x8c, 0x63, 0xce, 0x73, 0xd6, 0xb5, 0xce, 0x73, 
	0xd6, 0xb5, 0xce, 0x73, 0xc6, 0x31, 0xd6, 0xb5, 
	0xd6, 0xb5, 0xd6, 0xb5, 0xd6, 0xb5, 0xce, 0x73, 
	0xd6, 0xb5, 0xd6, 0xb5, 0xd6, 0xb5, 0xe7, 0x39, 
	0xe7, 0x39, 0xd6, 0xb5, 0xad, 0x6b, 0xa5, 0x29, 
	0xad, 0x6b, 0xc6, 0x31, 0xce, 0x73, 0xce, 0x73, 
	0xd6, 0xb5, 0xce, 0x73, 0xce, 0x73, 0xc6, 0x31, 
	0xd6, 0xb5, 0xc6, 0x31, 0xce, 0x73, 0xce, 0x73, 
	0xb5, 0xad, 0xb5, 0xad, 0xad, 0x6b, 0x94, 0xa5, 
	0xad, 0x6b, 0xad, 0x6b, 0xa5, 0x29, 0xad, 0x6b, 
	0xb5, 0xad, 0xc6, 0x31, 0xce, 0x73, 0xc6, 0x31, 
	0xc6, 0x31, 0xc6, 0x31, 0xc6, 0x31, 0xd6, 0xb5, 
	0xd6, 0xb5, 0xd6, 0xb5, 0xce, 0x73, 0xc6, 0x31, 
	0xb5, 0xad, 0xad, 0x6b, 0xc6, 0x31, 0xce, 0x73, 
	0xce, 0x73, 0xce, 0x73, 0xc6, 0x31, 0xad, 0x6b, 
	0x94, 0xa5, 0x94, 0xa5, 0x94, 0xa5, 0x84, 0x21, 
	0x73, 0x9d, 0xb5, 0xad, 0xb5, 0xad, 0xad, 0x6b, 
	0xc6, 0x31, 0xc6, 0x31, 0xce, 0x73, 0xce, 0x73, 
	0xd6, 0xb5, 0xe7, 0x39, 0xe7, 0x39, 0xce, 0x73, 
	0xb5, 0xad, 0xad, 0x6b, 0xc6, 0x31, 0xd6, 0xb5, 
	0xd6, 0xb5, 0xce, 0x73, 0xce, 0x73, 0xce, 0x73, 
	0xce, 0x73, 0xce, 0x73, 0xce, 0x73, 0xce, 0x73, 
	0xc6, 0x31, 0xc6, 0x31, 0xce, 0x73, 0xb5, 0xad, 
	0xc6, 0x31, 0xc6, 0x31, 0xb5, 0xad, 0xb5, 0xad, 
	0xad, 0x6b, 0xad, 0x6b, 0xa5, 0x29, 0xa5, 0x29, 
	0xad, 0x6b, 0x94, 0xa5, 0x94, 0xa5, 0x94, 0xa5, 
	0x94, 0xa5, 0xa5, 0x29, 0xc6, 0x31, 0xc6, 0x31, 
	0xc6, 0x31, 0xb5, 0xad, 0xc6, 0x31, 0xce, 0x73, 
	0xce, 0x73, 0xce, 0x73, 0xc6, 0x31, 0xb5, 0xad, 
	0xad, 0x6b, 0xad, 0x6b, 0xb5, 0xad, 0xad, 0x6b, 
	0x94, 0xa5, 0x94, 0xa5, 0x94, 0xa5, 0xa5, 0x29, 
	0x94, 0xa5, 0x94, 0xa5, 0xa5, 0x29, 0x84, 0x21, 
	0x6b, 0x5b, 0xad, 0x6b, 0xc6, 0x31, 0xc6, 0x31, 
	0xb5, 0xad, 0xb5, 0xad, 0xc6, 0x31, 0xc6, 0x31, 
	0xce, 0x73, 0xc6, 0x31, 0xad, 0x6b, 0xc6, 0x31, 
	0xd6, 0xb5, 0xd6, 0xb5, 0xce, 0x73, 0xce, 0x73, 
	0xce, 0x73, 0xce, 0x73, 0xce, 0x73, 0xc6, 0x31, 
	0xad, 0x6b, 0xc6, 0x31, 0xce, 0x73, 0xd6, 0xb5, 
	0xd6, 0xb5, 0xd6, 0xb5, 0xd6, 0xb5, 0xce, 0x73, 
	0xc6, 0x31, 0xc6, 0x31, 0xce, 0x73, 0xc6, 0x31, 
	0xad, 0x6b, 0xad, 0x6b, 0xad, 0x6b, 0xa5, 0x29, 
	0xc6, 0x31, 0xad, 0x6b, 0xa5, 0x29, 0xad, 0x6b, 
	0xb5, 0xad, 0xb5, 0xad, 0xb5, 0xad, 0xc6, 0x31, 
	0xb5, 0xad, 0xb5, 0xad, 0xb5, 0xad, 0xce, 0x73, 
	0xce, 0x73, 0xce, 0x73, 0xc6, 0x31, 0xad, 0x6b, 
	0xa5, 0x29, 0xad, 0x6b, 0xad, 0x6b, 0xa5, 0x29, 
	0x94, 0xa5, 0x94, 0xa5, 0x8c, 0x63, 0x8c, 0x63, 
	0xa5, 0x29, 0xad, 0x6b, 0xc6, 0x31, 0xc6, 0x31, 
	0xa5, 0x29, 0xb5, 0xad, 0xce, 0x73, 0xc6, 0x31, 
	0xb5, 0xad, 0xb5, 0xad, 0xc6, 0x31, 0xc6, 0x31, 
	0xce, 0x73, 0xd6, 0xb5, 0xce, 0x73, 0xce, 0x73, 
	0xd6, 0xb5, 0xe7, 0x39, 0xe7, 0x39, 0xd6, 0xb5, 
	0xce, 0x73, 0xce, 0x73, 0xce, 0x73, 0xb5, 0xad, 
	0xad, 0x6b, 0xb5, 0xad, 0xc6, 0x31, 0xce, 0x73, 
	0xce, 0x73, 0xc6, 0x31, 0xc6, 0x31, 0xb5, 0xad, 
	0xc6, 0x31, 0xce, 0x73, 0xce, 0x73, 0xc6, 0x31, 
	0xa5, 0x29, 0xc6, 0x31, 0xb5, 0xad, 0x94, 0xa5, 
	0xc6, 0x31, 0xce, 0x73, 0xd6, 0xb5, 0xe7, 0x39, 
	0xe7, 0x39, 0xe7, 0x39, 0xe7, 0x39, 0xe7, 0x39, 
	0xd6, 0xb5, 0xc6, 0x31, 0xb5, 0xad, 0xc6, 0x31, 
	0xc6, 0x31, 0xb5, 0xad, 0xad, 0x6b, 0x94, 0xa5, 
	0x94, 0xa5, 0x94, 0xa5, 0x94, 0xa5, 0x94, 0xa5, 
	0x94, 0xa5, 0xa5, 0x29, 0x94, 0xa5, 0xa5, 0x29, 
	0xb5, 0xad, 0xc6, 0x31, 0xc6, 0x31, 0xad, 0x6b, 
	0x94, 0xa5, 0xb5, 0xad, 0xc6, 0x31, 0xce, 0x73, 
	0xce, 0x73, 0xb5, 0xad, 0xc6, 0x31, 0xc6, 0x31, 
	0xc6, 0x31, 0xce, 0x73, 0xd6, 0xb5, 0xd6, 0xb5, 
	0xd6, 0xb5, 0xd6, 0xb5, 0xd6, 0xb5, 0xce, 0x73, 
	0xce, 0x73, 0xc6, 0x31, 0xb5, 0xad, 0xad, 0x6b, 
	0xad, 0x6b, 0xad, 0x6b, 0xa5, 0x29, 0x94, 0xa5, 
	0x94, 0xa5, 0x94, 0xa5, 0x94, 0xa5, 0x94, 0xa5, 
	0xb5, 0xad, 0xc6, 0x31, 0xce, 0x73, 0xc6, 0x31, 
	0xad, 0x6b, 0xc6, 0x31, 0xb5, 0xad, 0x94, 0xa5, 
	0xce, 0x73, 0xd6, 0xb5, 0xd6, 0xb5, 0xd6, 0xb5, 
	0xe7, 0x39, 0xe7, 0x39, 0xe7, 0x39, 0xe7, 0x39, 
	0xe7, 0x39, 0xce, 0x73, 0xc6, 0x31, 0xc6, 0x31, 
	0xb5, 0xad, 0xa5, 0x29, 0x94, 0xa5, 0xa5, 0x29, 
	0xa5, 0x29, 0xa5, 0x29, 0x8c, 0x63, 0xb5, 0xad, 
	0xb5, 0xad, 0xa5, 0x29, 0xa5, 0x29, 0x94, 0xa5, 
	0xad, 0x6b, 0xd6, 0xb5, 0xc6, 0x31, 0xb5, 0xad, 
	0x94, 0xa5, 0xc6, 0x31, 0xce, 0x73, 0xd6, 0xb5, 
	0xc6, 0x31, 0xa5, 0x29, 0xa5, 0x29, 0xc6, 0x31, 
	0xc6, 0x31, 0xd6, 0xb5, 0xce, 0x73, 0xce, 0x73, 
	0xc6, 0x31, 0xb5, 0xad, 0xce, 0x73, 0xce, 0x73, 
	0xc6, 0x31, 0xc6, 0x31, 0xad, 0x6b, 0xa5, 0x29, 
	0xad, 0x6b, 0xad, 0x6b, 0xad, 0x6b, 0xa5, 0x29, 
	0xa5, 0x29, 0x94, 0xa5, 0x8c, 0x63, 0x94, 0xa5, 
	0xa5, 0x29, 0xb5, 0xad, 0xb5, 0xad, 0xc6, 0x31, 
	0xd6, 0xb5, 0xb5, 0xad, 0xad, 0x6b, 0x8c, 0x63, 
	0xb5, 0xad, 0xc6, 0x31, 0xc6, 0x31, 0xb5, 0xad, 
	0xc6, 0x31, 0xa5, 0x29, 0xa5, 0x29, 0xc6, 0x31, 
	0xc6, 0x31, 0xb5, 0xad, 0xad, 0x6b, 0xb5, 0xad, 
	0xad, 0x6b, 0x94, 0xa5, 0x94, 0xa5, 0x94, 0xa5, 
	0x94, 0xa5, 0xa5, 0x29, 0xa5, 0x29, 0xa5, 0x29, 
	0xa5, 0x29, 0xa5, 0x29, 0xa5, 0x29, 0x94, 0xa5, 
	0xa5, 0x29, 0xc6, 0x31, 0xc6, 0x31, 0xb5, 0xad, 
	0xa5, 0x29, 0xc6, 0x31, 0xd6, 0xb5, 0xd6, 0xb5, 
	0xc6, 0x31, 0xad, 0x6b, 0xb5, 0xad, 0xc6, 0x31, 
	0xc6, 0x31, 0xc6, 0x31, 0xa5, 0x29, 0xad, 0x6b, 
	0xad, 0x6b, 0xa5, 0x29, 0xb5, 0xad, 0xb5, 0xad, 
	0xad, 0x6b, 0xa5, 0x29, 0x84, 0x21, 0x84, 0x21, 
	0x94, 0xa5, 0xa5, 0x29, 0xa5, 0x29, 0xa5, 0x29, 
	0xa5, 0x29, 0xad, 0x6b, 0xad, 0x6b, 0xad, 0x6b, 
	0x94, 0xa5, 0x94, 0xa5, 0xb5, 0xad, 0xb5, 0xad, 
	0xc6, 0x31, 0xa5, 0x29, 0x94, 0xa5, 0x73, 0x9d, 
	0x94, 0xa5, 0xa5, 0x29, 0xa5, 0x29, 0x8c, 0x63, 
	0xa5, 0x29, 0x94, 0xa5, 0x94, 0xa5, 0xa5, 0x29, 
	0xa5, 0x29, 0x94, 0xa5, 0x94, 0xa5, 0x94, 0xa5, 
	0x94, 0xa5, 0x94, 0xa5, 0x94, 0xa5, 0x8c, 0x63, 
	0x73, 0x9d, 0x73, 0x9d, 0x73, 0x9d, 0x73, 0x9d, 
	0x73, 0x9d, 0x84, 0x21, 0x84, 0x21, 0x94, 0xa5, 
	0x8c, 0x63, 0x94, 0xa5, 0x94, 0xa5, 0xb5, 0xad, 
	0x94, 0xa5, 0xb5, 0xad, 0xce, 0x73, 0xc6, 0x31, 
	0xb5, 0xad, 0xa5, 0x29, 0xa5, 0x29, 0xad, 0x6b, 
	0xad, 0x6b, 0xad, 0x6b, 0xb5, 0xad, 0xa5, 0x29, 
	0x8c, 0x63, 0x8c, 0x63, 0x8c, 0x63, 0xad, 0x6b, 
	0xa5, 0x29, 0xad, 0x6b, 0xad, 0x6b, 0xad, 0x6b, 
	0xad, 0x6b, 0xb5, 0xad, 0xa5, 0x29, 0x94, 0xa5, 
	0x94, 0xa5, 0xa5, 0x29, 0xb5, 0xad, 0xad, 0x6b, 
	0xa5, 0x29, 0xa5, 0x29, 0xad, 0x6b, 0xad, 0x6b, 
	0xad, 0x6b, 0x94, 0xa5, 0x8c, 0x63, 0x84, 0x21, 
	0x94, 0xa5, 0xad, 0x6b, 0x94, 0xa5, 0x6b, 0x5b, 
	0x8c, 0x63, 0x8c, 0x63, 0x94, 0xa5, 0x94, 0xa5, 
	0x8c, 0x63, 0x84, 0x21, 0x84, 0x21, 0x8c, 0x63, 
	0x84, 0x21, 0x73, 0x9d, 0x6b, 0x5b, 0x73, 0x9d, 
	0x6b, 0x5b, 0x73, 0x9d, 0x63, 0x19, 0x6b, 0x5b, 
	0x6b, 0x5b, 0x73, 0x9d, 0x84, 0x21, 0x84, 0x21, 
	0x8c, 0x63, 0x8c, 0x63, 0x8c, 0x63, 0xc6, 0x31, 
	0x94, 0xa5, 0xb5, 0xad, 0xc6, 0x31, 0xad, 0x6b, 
	0x8c, 0x63, 0x6b, 0x5b, 0x6b, 0x5b, 0xa5, 0x29, 
	0x8c, 0x63, 0x94, 0xa5, 0xa5, 0x29, 0xa5, 0x29, 
	0x73, 0x9d, 0x84, 0x21, 0x84, 0x21, 0x8c, 0x63, 
	0x8c, 0x63, 0x6b, 0x5b, 0xad, 0x6b, 0xa5, 0x29, 
	0xa5, 0x29, 0xa5, 0x29, 0xa5, 0x29, 0x94, 0xa5, 
	0x8c, 0x63, 0x84, 0x21, 0x8c, 0x63, 0x94, 0xa5, 
	0x94, 0xa5, 0xa5, 0x29, 0xb5, 0xad, 0xa5, 0x29, 
	0xad, 0x6b, 0x94, 0xa5, 0x8c, 0x63, 0x84, 0x21, 
	0x8c, 0x63, 0x94, 0xa5, 0x6b, 0x5b, 0x63, 0x19, 
	0x63, 0x19, 0x73, 0x9d, 0x84, 0x21, 0x84, 0x21, 
	0x73, 0x9d, 0x84, 0x21, 0x84, 0x21, 0x73, 0x9d, 
	0x73, 0x9d, 0x63, 0x19, 0x63, 0x19, 0x73, 0x9d, 
	0x73, 0x9d, 0x52, 0x95, 0x52, 0x95, 0x63, 0x19, 
	0x63, 0x19, 0x63, 0x19, 0x52, 0x95, 0x52, 0x95, 
	0x63, 0x19, 0x73, 0x9d, 0x94, 0xa5, 0x94, 0xa5, 
	0x84, 0x21, 0xad, 0x6b, 0xb5, 0xad, 0x73, 0x9d, 
	0x6b, 0x5b, 0x6b, 0x5b, 0x84, 0x21, 0x94, 0xa5, 
	0x84, 0x21, 0x84, 0x21, 0x84, 0x21, 0x8c, 0x63, 
	0x94, 0xa5, 0x94, 0xa5, 0x8c, 0x63, 0x8c, 0x63, 
	0x73, 0x9d, 0x84, 0x21, 0x84, 0x21, 0x73, 0x9d, 
	0x73, 0x9d, 0x84, 0x21, 0x8c, 0x63, 0x8c, 0x63, 
	0x8c, 0x63, 0x73, 0x9d, 0x73, 0x9d, 0x84, 0x21, 
	0x84, 0x21, 0x8c, 0x63, 0xa5, 0x29, 0x94, 0xa5, 
	0x94, 0xa5, 0x84, 0x21, 0x84, 0x21, 0x6b, 0x5b, 
	0x73, 0x9d, 0x73, 0x9d, 0x6b, 0x5b, 0x73, 0x9d, 
	0x63, 0x19, 0x6b, 0x5b, 0x73, 0x9d, 0x84, 0x21, 
	0x8c, 0x63, 0x84, 0x21, 0x84, 0x21, 0x84, 0x21, 
	0x6b, 0x5b, 0x6b, 0x5b, 0x84, 0x21, 0x84, 0x21, 
	0x73, 0x9d, 0x6b, 0x5b, 0x6b, 0x5b, 0x63, 0x19, 
	0x63, 0x19, 0x63, 0x19, 0x63, 0x19, 0x6b, 0x5b, 
	0x73, 0x9d, 0x8c, 0x63, 0x94, 0xa5, 0x84, 0x21, 
	0x63, 0x19, 0x94, 0xa5, 0xa5, 0x29, 0xa5, 0x29, 
	0xa5, 0x29, 0x94, 0xa5, 0x94, 0xa5, 0x94, 0xa5, 
	0x8c, 0x63, 0x8c, 0x63, 0x94, 0xa5, 0x94, 0xa5, 
	0x73, 0x9d, 0x84, 0x21, 0x84, 0x21, 0x84, 0x21, 
	0x84, 0x21, 0x84, 0x21, 0x73, 0x9d, 0x73, 0x9d, 
	0x73, 0x9d, 0x84, 0x21, 0x84, 0x21, 0x6b, 0x5b, 
	0x6b, 0x5b, 0x6b, 0x5b, 0x6b, 0x5b, 0x6b, 0x5b, 
	0x6b, 0x5b, 0x73, 0x9d, 0x73, 0x9d, 0x6b, 0x5b, 
	0x63, 0x19, 0x63, 0x19, 0x6b, 0x5b, 0x52, 0x95, 
	0x63, 0x19, 0x6b, 0x5b, 0x6b, 0x5b, 0x6b, 0x5b, 
	0x6b, 0x5b, 0x6b, 0x5b, 0x73, 0x9d, 0x73, 0x9d, 
	0x73, 0x9d, 0x63, 0x19, 0x6b, 0x5b, 0x6b, 0x5b, 
	0x6b, 0x5b, 0x6b, 0x5b, 0x6b, 0x5b, 0x73, 0x9d, 
	0x73, 0x9d, 0x73, 0x9d, 0x73, 0x9d, 0x73, 0x9d, 
	0x73, 0x9d, 0x73, 0x9d, 0x84, 0x21, 0x84, 0x21, 
	0x84, 0x21, 0x84, 0x21, 0x8c, 0x63, 0x73, 0x9d, 
	0x52, 0x95, 0x63, 0x19, 0x84, 0x21, 0x73, 0x9d, 
	0x73, 0x9d, 0x73, 0x9d, 0x84, 0x21, 0x6b, 0x5b, 
	0x6b, 0x5b, 0x73, 0x9d, 0x8c, 0x63, 0x84, 0x21, 
	0x63, 0x19, 0x63, 0x19, 0x52, 0x95, 0x52, 0x95, 
	0x52, 0x95, 0x52, 0x95, 0x52, 0x95, 0x52, 0x95, 
	0x52, 0x95, 0x52, 0x95, 0x52, 0x95, 0x52, 0x95, 
	0x52, 0x95, 0x52, 0x95, 0x52, 0x95, 0x52, 0x95, 
	0x52, 0x95, 0x52, 0x95, 0x52, 0x95, 0x52, 0x95, 
	0x52, 0x95, 0x52, 0x95, 0x52, 0x95, 0x52, 0x95, 
	0x52, 0x95, 0x52, 0x95, 0x52, 0x95, 0x52, 0x95, 
	0x52, 0x95, 0x52, 0x95, 0x52, 0x95, 0x52, 0x95, 
	0x52, 0x95, 0x52, 0x95, 0x52, 0x95, 0x52, 0x95, 
	0x52, 0x95, 0x52, 0x95, 0x52, 0x95, 0x52, 0x95, 
	0x52, 0x95, 0x52, 0x95, 0x52, 0x95, 0x52, 0x95, 
	0x6b, 0x5b, 0x63, 0x19, 0x63, 0x19, 0x63, 0x19, 
	0x52, 0x95, 0x52, 0x95, 0x52, 0x95, 0x52, 0x95, 
	0x52, 0x95, 0x52, 0x95, 0x52, 0x95, 0x52, 0x95, 
	0x52, 0x95, 0x52, 0x95, 0x52, 0x95, 0x52, 0x95, 
	0x52, 0x95, 0x52, 0x95, 0x52, 0x95, 0x52, 0x95, 
	0x52, 0x95, 0x52, 0x95, 0x52, 0x95, 0x52, 0x95, 
	0x52, 0x95, 0x52, 0x95, 0x52, 0x95, 0x52, 0x95, 
	0x52, 0x95, 0x52, 0x95, 0x52, 0x95, 0x52, 0x95, 
	0x52, 0x95, 0x52, 0x95, 0x52, 0x95, 0x52, 0x95, 
	0x52, 0x95, 0x52, 0x95, 0x52, 0x95, 0x52, 0x95, 
	0x52, 0x95, 0x52, 0x95, 0x52, 0x95, 0x52, 0x95, 
	0x52, 0x95, 0x52, 0x95, 0x52, 0x95, 0x52, 0x95, 
	0x52, 0x95, 0x52, 0x95, 0x52, 0x95, 0x52, 0x95, 
	0x52, 0x95, 0x52, 0x95, 0x52, 0x95, 0x52, 0x95, 
	0x52, 0x95, 0x52, 0x95, 0x52, 0x95, 0x52, 0x95, 
	0x52, 0x95, 0x52, 0x95, 0x52, 0x95, 0x52, 0x95, 
	0x52, 0x95, 0x52, 0x95, 0x52, 0x95, 0x52, 0x95, 
	0x52, 0x95, 0x52, 0x95, 0x52, 0x95, 0x52, 0x95, 
	0x52, 0x95, 0x52, 0x95, 0x52, 0x95, 0x52, 0x95, 
	0x52, 0x95, 0x52, 0x95, 0x52, 0x95, 0x52, 0x95, 
	0x52, 0x95, 0x52, 0x95, 0x52, 0x95, 0x52, 0x95, 
	0x6b, 0x5b, 0x63, 0x19, 0x63, 0x19, 0x6b, 0x5b, 
	0x6b, 0x5b, 0x6b, 0x5b, 0x73, 0x9d, 0x63, 0x19, 
	0x52, 0x95, 0x52, 0x95, 0x63, 0x19, 0x84, 0x21, 
	0x94, 0xa5, 0x94, 0xa5, 0x94, 0xa5, 0x94, 0xa5, 
	0x94, 0xa5, 0x8c, 0x63, 0x84, 0x21, 0x84, 0x21, 
	0x8c, 0x63, 0x8c, 0x63, 0x94, 0xa5, 0x8c, 0x63, 
	0x84, 0x21, 0x84, 0x21, 0x84, 0x21, 0x84, 0x21, 
	0x84, 0x21, 0x84, 0x21, 0x84, 0x21, 0x84, 0x21, 
	0x8c, 0x63, 0x8c, 0x63, 0x84, 0x21, 0x8c, 0x63, 
	0x8c, 0x63, 0x8c, 0x63, 0x8c, 0x63, 0x8c, 0x63, 
	0x84, 0x21, 0x52, 0x95, 0x84, 0x21, 0x84, 0x21, 
	0x84, 0x21, 0x84, 0x21, 0x84, 0x21, 0x84, 0x21, 
	0x73, 0x9d, 0x6b, 0x5b, 0x6b, 0x5b, 0x63, 0x19, 
	0x63, 0x19, 0x52, 0x95, 0x52, 0x95, 0x52, 0x95, 
	0x52, 0x95, 0x52, 0x95, 0x52, 0x95, 0x52, 0x95, 
	0x52, 0x95, 0x73, 0x9d, 0x73, 0x9d, 0x6b, 0x5b, 
	0x6b, 0x5b, 0x6b, 0x5b, 0x6b, 0x5b, 0x6b, 0x5b, 
	0x63, 0x19, 0x6b, 0x5b, 0x84, 0x21, 0x6b, 0x5b, 
	0x52, 0x95, 0x52, 0x95, 0x52, 0x95, 0x6b, 0x5b, 
	0x73, 0x9d, 0x6b, 0x5b, 0x6b, 0x5b, 0x73, 0x9d, 
	0x84, 0x21, 0x6b, 0x5b, 0x6b, 0x5b, 0x73, 0x9d, 
	0x6b, 0x5b, 0x6b, 0x5b, 0x84, 0x21, 0x6b, 0x5b, 
	0x6b, 0x5b, 0x6b, 0x5b, 0x6b, 0x5b, 0x6b, 0x5b, 
	0x6b, 0x5b, 0x6b, 0x5b, 0x6b, 0x5b, 0x6b, 0x5b, 
	0x63, 0x19, 0x63, 0x19, 0x63, 0x19, 0x6b, 0x5b, 
	0x73, 0x9d, 0x84, 0x21, 0x73, 0x9d, 0x73, 0x9d, 
	0x63, 0x19, 0x52, 0x95, 0x73, 0x9d, 0x84, 0x21, 
	0x73, 0x9d, 0x84, 0x21, 0x84, 0x21, 0x6b, 0x5b, 
	0x63, 0x19, 0x6b, 0x5b, 0x6b, 0x5b, 0x73, 0x9d, 
	0x73, 0x9d, 0x6b, 0x5b, 0x63, 0x19, 0x52, 0x95, 
	0x52, 0x95, 0x52, 0x95, 0x52, 0x95, 0x52, 0x95, 
	0x52, 0x95, 0x6b, 0x5b, 0x6b, 0x5b, 0x63, 0x19, 
	0x52, 0x95, 0x52, 0x95, 0x63, 0x19, 0x6b, 0x5b, 
	0x6b, 0x5b, 0x6b, 0x5b, 0x73, 0x9d, 0x63, 0x19, 
	0x52, 0x95, 0x52, 0x95, 0x52, 0x95, 0x52, 0x95, 
	0x63, 0x19, 0x63, 0x19, 0x52, 0x95, 0x63, 0x19, 
	0x63, 0x19, 0x63, 0x19, 0x63, 0x19, 0x6b, 0x5b, 
	0x63, 0x19, 0x63, 0x19, 0x63, 0x19, 0x63, 0x19, 
	0x6b, 0x5b, 0x6b, 0x5b, 0x6b, 0x5b, 0x6b, 0x5b, 
	0x63, 0x19, 0x52, 0x95, 0x52, 0x95, 0x52, 0x95, 
	0x52, 0x95, 0x52, 0x95, 0x52, 0x95, 0x63, 0x19, 
	0x6b, 0x5b, 0x6b, 0x5b, 0x6b, 0x5b, 0x63, 0x19, 
	0x52, 0x95, 0x52, 0x95, 0x63, 0x19, 0x63, 0x19, 
	0x63, 0x19, 0x73, 0x9d, 0x73, 0x9d, 0x6b, 0x5b, 
	0x63, 0x19, 0x63, 0x19, 0x6b, 0x5b, 0x73, 0x9d, 
	0x84, 0x21, 0x73, 0x9d, 0x6b, 0x5b, 0x6b, 0x5b, 
	0x63, 0x19, 0x63, 0x19, 0x6b, 0x5b, 0x63, 0x19, 
	0x52, 0x95, 0x52, 0x95, 0x63, 0x19, 0x52, 0x95, 
	0x52, 0x95, 0x52, 0x95, 0x52, 0x95, 0x6b, 0x5b, 
	0x6b, 0x5b, 0x63, 0x19, 0x52, 0x95, 0x52, 0x95, 
	0x52, 0x95, 0x52, 0x95, 0x52, 0x95, 0x52, 0x95, 
	0x52, 0x95, 0x52, 0x95, 0x52, 0x95, 0x52, 0x95, 
	0x52, 0x95, 0x52, 0x95, 0x63, 0x19, 0x63, 0x19, 
	0x63, 0x19, 0x63, 0x19, 0x63, 0x19, 0x52, 0x95, 
	0x52, 0x95, 0x52, 0x95, 0x63, 0x19, 0x52, 0x95, 
	0x52, 0x95, 0x52, 0x95, 0x52, 0x95, 0x52, 0x95, 
	0x52, 0x95, 0x52, 0x95, 0x52, 0x95, 0x52, 0x95, 
	0x52, 0x95, 0x63, 0x19, 0x6b, 0x5b, 0x63, 0x19, 
	0x52, 0x95, 0x52, 0x95, 0x6b, 0x5b, 0x6b, 0x5b, 
	0x63, 0x19, 0x6b, 0x5b, 0x6b, 0x5b, 0x63, 0x19, 
	0x63, 0x19, 0x52, 0x95, 0x63, 0x19, 0x6b, 0x5b, 
	0x6b, 0x5b, 0x6b, 0x5b, 0x6b, 0x5b, 0x6b, 0x5b, 
	0x6b, 0x5b, 0x6b, 0x5b, 0x6b, 0x5b, 0x63, 0x19, 
	0x52, 0x95, 0x52, 0x95, 0x52, 0x95, 0x52, 0x95, 
	0x6b, 0x5b, 0x6b, 0x5b, 0x73, 0x9d, 0x84, 0x21, 
	0x8c, 0x63, 0x73, 0x9d, 0x63, 0x19, 0x52, 0x95, 
	0x52, 0x95, 0x52, 0x95, 0x52, 0x95, 0x52, 0x95, 
	0x52, 0x95, 0x52, 0x95, 0x52, 0x95, 0x52, 0x95, 
	0x52, 0x95, 0x63, 0x19, 0x63, 0x19, 0x52, 0x95, 
	0x63, 0x19, 0x63, 0x19, 0x6b, 0x5b, 0x63, 0x19, 
	0x63, 0x19, 0x6b, 0x5b, 0x6b, 0x5b, 0x6b, 0x5b, 
	0x6b, 0x5b, 0x73, 0x9d, 0x73, 0x9d, 0x63, 0x19, 
	0x63, 0x19, 0x52, 0x95, 0x52, 0x95, 0x63, 0x19, 
	0x63, 0x19, 0x63, 0x19, 0x63, 0x19, 0x63, 0x19, 
	0x63, 0x19, 0x52, 0x95, 0x84, 0x21, 0x84, 0x21, 
	0x6b, 0x5b, 0x84, 0x21, 0x84, 0x21, 0x84, 0x21, 
	0x84, 0x21, 0x84, 0x21, 0x73, 0x9d, 0x73, 0x9d, 
	0x84, 0x21, 0x84, 0x21, 0x84, 0x21, 0x73, 0x9d, 
	0x6b, 0x5b, 0x63, 0x19, 0x63, 0x19, 0x6b, 0x5b, 
	0x63, 0x19, 0x6b, 0x5b, 0x63, 0x19, 0x63, 0x19, 
	0x63, 0x19, 0x6b, 0x5b, 0x73, 0x9d, 0x84, 0x21, 
	0x73, 0x9d, 0x6b, 0x5b, 0x63, 0x19, 0x52, 0x95, 
	0x52, 0x95, 0x52, 0x95, 0x52, 0x95, 0x63, 0x19, 
	0x6b, 0x5b, 0x73, 0x9d, 0x73, 0x9d, 0x73, 0x9d, 
	0x73, 0x9d, 0x84, 0x21, 0x73, 0x9d, 0x63, 0x19, 
	0x63, 0x19, 0x63, 0x19, 0x63, 0x19, 0x63, 0x19, 
	0x73, 0x9d, 0x73, 0x9d, 0x73, 0x9d, 0x6b, 0x5b, 
	0x6b, 0x5b, 0x73, 0x9d, 0x73, 0x9d, 0x6b, 0x5b, 
	0x63, 0x19, 0x6b, 0x5b, 0x73, 0x9d, 0x84, 0x21, 
	0x73, 0x9d, 0x6b, 0x5b, 0x6b, 0x5b, 0x63, 0x19, 
	0x52, 0x95, 0x63, 0x19, 0x6b, 0x5b, 0x73, 0x9d, 
	0x63, 0x19, 0x84, 0x21, 0x8c, 0x63, 0xa5, 0x29, 
	0x8c, 0x63, 0x8c, 0x63, 0x8c, 0x63, 0x8c, 0x63, 
	0x8c, 0x63, 0x8c, 0x63, 0x84, 0x21, 0x73, 0x9d, 
	0x6b, 0x5b, 0x6b, 0x5b, 0x6b, 0x5b, 0x73, 0x9d, 
	0x6b, 0x5b, 0x73, 0x9d, 0x73, 0x9d, 0x6b, 0x5b, 
	
};

Gfx hyrule_dl_way_rgba16_aligner[] = {gsSPEndDisplayList()};
u8 hyrule_dl_way_rgba16[] = {
	0xe7, 0x39, 0xe7, 0x39, 0xe7, 0x39, 0xe7, 0x39, 
	0xe7, 0x39, 0xd6, 0xb5, 0xd6, 0xb5, 0xd6, 0xb5, 
	0xe7, 0x39, 0xe7, 0x39, 0xe7, 0x39, 0xe7, 0x39, 
	0xe7, 0x39, 0xd6, 0xb5, 0xe7, 0x39, 0xe7, 0x39, 
	0xe7, 0x39, 0xe7, 0x39, 0xd6, 0xb5, 0xd6, 0xb5, 
	0xd6, 0xb5, 0xce, 0x73, 0xb5, 0xad, 0x8c, 0x63, 
	0xb5, 0xad, 0xce, 0x73, 0xd6, 0xb5, 0xe7, 0x39, 
	0xe7, 0x39, 0xe7, 0x39, 0xe7, 0x39, 0xe7, 0x39, 
	0xe7, 0x39, 0xe7, 0x39, 0xe7, 0x39, 0xe7, 0x39, 
	0xe7, 0x39, 0xe7, 0x39, 0xe7, 0x39, 0xe7, 0x39, 
	0xe7, 0x39, 0xe7, 0x39, 0xd6, 0xb5, 0xd6, 0xb5, 
	0xd6, 0xb5, 0xd6, 0xb5, 0xce, 0x73, 0xce, 0x73, 
	0xc6, 0x31, 0xc6, 0x31, 0xce, 0x73, 0xb5, 0xad, 
	0x73, 0x9d, 0xad, 0x6b, 0xe7, 0x39, 0xe7, 0x39, 
	0xe7, 0x39, 0xe7, 0x39, 0xe7, 0x39, 0xe7, 0x39, 
	0xe7, 0x39, 0xe7, 0x39, 0xe7, 0x39, 0xe7, 0x39, 
	0xd6, 0xb5, 0xe7, 0x39, 0xe7, 0x39, 0xe7, 0x39, 
	0xe7, 0x39, 0xe7, 0x39, 0xe7, 0x39, 0xe7, 0x39, 
	0xe7, 0x39, 0xe7, 0x39, 0xe7, 0x39, 0xe7, 0x39, 
	0xd6, 0xb5, 0xe7, 0x39, 0xe7, 0x39, 0xe7, 0x39, 
	0xe7, 0x39, 0xe7, 0x39, 0xe7, 0x39, 0xe7, 0x39, 
	0xe7, 0x39, 0xe7, 0x39, 0xce, 0x73, 0x94, 0xa5, 
	0xc6, 0x31, 0xd6, 0xb5, 0xe7, 0x39, 0xe7, 0x39, 
	0xe7, 0x39, 0xe7, 0x39, 0xe7, 0x39, 0xe7, 0x39, 
	0xe7, 0x39, 0xe7, 0x39, 0xe7, 0x39, 0xe7, 0x39, 
	0xe7, 0x39, 0xd6, 0xb5, 0xd6, 0xb5, 0xe7, 0x39, 
	0xd6, 0xb5, 0xd6, 0xb5, 0xd6, 0xb5, 0xe7, 0x39, 
	0xe7, 0x39, 0xce, 0x73, 0xce, 0x73, 0xce, 0x73, 
	0xc6, 0x31, 0xce, 0x73, 0xd6, 0xb5, 0xc6, 0x31, 
	0x73, 0x9d, 0xad, 0x6b, 0xd6, 0xb5, 0xe7, 0x39, 
	0xe7, 0x39, 0xd6, 0xb5, 0xd6, 0xb5, 0xe7, 0x39, 
	0xe7, 0x39, 0xe7, 0x39, 0xe7, 0x39, 0xe7, 0x39, 
	0xe7, 0x39, 0xe7, 0x39, 0xe7, 0x39, 0xe7, 0x39, 
	0xe7, 0x39, 0xe7, 0x39, 0xe7, 0x39, 0xe7, 0x39, 
	0xe7, 0x39, 0xe7, 0x39, 0xe7, 0x39, 0xe7, 0x39, 
	0xd6, 0xb5, 0xd6, 0xb5, 0xe7, 0x39, 0xd6, 0xb5, 
	0xd6, 0xb5, 0xe7, 0x39, 0xd6, 0xb5, 0xd6, 0xb5, 
	0xc6, 0x31, 0xd6, 0xb5, 0xce, 0x73, 0xad, 0x6b, 
	0xd6, 0xb5, 0xe7, 0x39, 0xe7, 0x39, 0xd6, 0xb5, 
	0xc6, 0x31, 0xc6, 0x31, 0xd6, 0xb5, 0xd6, 0xb5, 
	0xd6, 0xb5, 0xd6, 0xb5, 0xe7, 0x39, 0xe7, 0x39, 
	0xe7, 0x39, 0xd6, 0xb5, 0xd6, 0xb5, 0xe7, 0x39, 
	0xd6, 0xb5, 0xd6, 0xb5, 0xd6, 0xb5, 0xe7, 0x39, 
	0xd6, 0xb5, 0xce, 0x73, 0xc6, 0x31, 0xd6, 0xb5, 
	0xc6, 0x31, 0xce, 0x73, 0xd6, 0xb5, 0xc6, 0x31, 
	0x84, 0x21, 0xad, 0x6b, 0xce, 0x73, 0xd6, 0xb5, 
	0xd6, 0xb5, 0xd6, 0xb5, 0xd6, 0xb5, 0xd6, 0xb5, 
	0xe7, 0x39, 0xe7, 0x39, 0xe7, 0x39, 0xe7, 0x39, 
	0xe7, 0x39, 0xe7, 0x39, 0xe7, 0x39, 0xe7, 0x39, 
	0xd6, 0xb5, 0xce, 0x73, 0xc6, 0x31, 0xce, 0x73, 
	0xd6, 0xb5, 0xe7, 0x39, 0xd6, 0xb5, 0xc6, 0x31, 
	0xb5, 0xad, 0xb5, 0xad, 0xc6, 0x31, 0xd6, 0xb5, 
	0xd6, 0xb5, 0xd6, 0xb5, 0xce, 0x73, 0xc6, 0x31, 
	0xce, 0x73, 0xd6, 0xb5, 0xd6, 0xb5, 0xad, 0x6b, 
	0xd6, 0xb5, 0xe7, 0x39, 0xd6, 0xb5, 0xd6, 0xb5, 
	0xad, 0x6b, 0xa5, 0x29, 0xb5, 0xad, 0xb5, 0xad, 
	0xad, 0x6b, 0xc6, 0x31, 0xd6, 0xb5, 0xd6, 0xb5, 
	0xce, 0x73, 0xd6, 0xb5, 0xe7, 0x39, 0xe7, 0x39, 
	0xce, 0x73, 0xce, 0x73, 0xd6, 0xb5, 0xce, 0x73, 
	0xc6, 0x31, 0xce, 0x73, 0xb5, 0xad, 0xc6, 0x31, 
	0xb5, 0xad, 0xc6, 0x31, 0xd6, 0xb5, 0xce, 0x73, 
	0x94, 0xa5, 0xa5, 0x29, 0xc6, 0x31, 0xce, 0x73, 
	0xce, 0x73, 0xc6, 0x31, 0xc6, 0x31, 0xce, 0x73, 
	0xc6, 0x31, 0xc6, 0x31, 0xd6, 0xb5, 0xd6, 0xb5, 
	0xe7, 0x39, 0xe7, 0x39, 0xe7, 0x39, 0xe7, 0x39, 
	0xce, 0x73, 0xc6, 0x31, 0xc6, 0x31, 0xc6, 0x31, 
	0xce, 0x73, 0xe7, 0x39, 0xe7, 0x39, 0xd6, 0xb5, 
	0xe7, 0x39, 0xe7, 0x39, 0xe7, 0x39, 0xd6, 0xb5, 
	0xd6, 0xb5, 0xd6, 0xb5, 0xc6, 0x31, 0xce, 0x73, 
	0xe7, 0x39, 0xe7, 0x39, 0xe7, 0x39, 0xad, 0x6b, 
	0xc6, 0x31, 0xe7, 0x39, 0xe7, 0x39, 0xd6, 0xb5, 
	0xb5, 0xad, 0xb5, 0xad, 0xc6, 0x31, 0xc6, 0x31, 
	0xc6, 0x31, 0xc6, 0x31, 0xc6, 0x31, 0xc6, 0x31, 
	0xce, 0x73, 0xce, 0x73, 0xc6, 0x31, 0xad, 0x6b, 
	0xc6, 0x31, 0xb5, 0xad, 0xc6, 0x31, 0xb5, 0xad, 
	0xc6, 0x31, 0xce, 0x73, 0xb5, 0xad, 0xad, 0x6b, 
	0xad, 0x6b, 0xb5, 0xad, 0xce, 0x73, 0xce, 0x73, 
	0xa5, 0x29, 0xb5, 0xad, 0xc6, 0x31, 0xce, 0x73, 
	0xce, 0x73, 0xce, 0x73, 0xce, 0x73, 0xce, 0x73, 
	0xd6, 0xb5, 0xce, 0x73, 0xe7, 0x39, 0xd6, 0xb5, 
	0xe7, 0x39, 0xe7, 0x39, 0xe7, 0x39, 0xe7, 0x39, 
	0xe7, 0x39, 0xce, 0x73, 0xce, 0x73, 0xc6, 0x31, 
	0xc6, 0x31, 0xc6, 0x31, 0xd6, 0xb5, 0xe7, 0x39, 
	0xe7, 0x39, 0xe7, 0x39, 0xe7, 0x39, 0xe7, 0x39, 
	0xe7, 0x39, 0xe7, 0x39, 0xd6, 0xb5, 0xd6, 0xb5, 
	0xe7, 0x39, 0xe7, 0x39, 0xce, 0x73, 0xad, 0x6b, 
	0xd6, 0xb5, 0xe7, 0x39, 0xe7, 0x39, 0xe7, 0x39, 
	0xe7, 0x39, 0xd6, 0xb5, 0xe7, 0x39, 0xd6, 0xb5, 
	0xc6, 0x31, 0xb5, 0xad, 0xad, 0x6b, 0xb5, 0xad, 
	0xc6, 0x31, 0xce, 0x73, 0xce, 0x73, 0xad, 0x6b, 
	0xc6, 0x31, 0xc6, 0x31, 0xce, 0x73, 0xce, 0x73, 
	0xce, 0x73, 0xc6, 0x31, 0xad, 0x6b, 0xa5, 0x29, 
	0xa5, 0x29, 0xad, 0x6b, 0xc6, 0x31, 0xc6, 0x31, 
	0xa5, 0x29, 0xb5, 0xad, 0xc6, 0x31, 0xce, 0x73, 
	0xce, 0x73, 0xd6, 0xb5, 0xd6, 0xb5, 0xe7, 0x39, 
	0xe7, 0x39, 0xe7, 0x39, 0xe7, 0x39, 0xe7, 0x39, 
	0xe7, 0x39, 0xe7, 0x39, 0xe7, 0x39, 0xe7, 0x39, 
	0xd6, 0xb5, 0xce, 0x73, 0xce, 0x73, 0xb5, 0xad, 
	0xad, 0x6b, 0xb5, 0xad, 0xc6, 0x31, 0xce, 0x73, 
	0xce, 0x73, 0xc6, 0x31, 0xc6, 0x31, 0xb5, 0xad, 
	0xce, 0x73, 0xd6, 0xb5, 0xce, 0x73, 0xce, 0x73, 
	0xe7, 0x39, 0xd6, 0xb5, 0xb5, 0xad, 0xa5, 0x29, 
	0xd6, 0xb5, 0xe7, 0x39, 0xe7, 0x39, 0xe7, 0x39, 
	0xe7, 0x39, 0xe7, 0x39, 0xe7, 0x39, 0xe7, 0x39, 
	0xd6, 0xb5, 0xce, 0x73, 0xd6, 0xb5, 0xce, 0x73, 
	0xb5, 0xad, 0xb5, 0xad, 0xc6, 0x31, 0xc6, 0x31, 
	0xd6, 0xb5, 0xd6, 0xb5, 0xce, 0x73, 0xb5, 0xad, 
	0xb5, 0xad, 0xad, 0x6b, 0xa5, 0x29, 0xad, 0x6b, 
	0xb5, 0xad, 0xc6, 0x31, 0xc6, 0x31, 0xad, 0x6b, 
	0x94, 0xa5, 0xb5, 0xad, 0xc6, 0x31, 0xce, 0x73, 
	0xc6, 0x31, 0xad, 0x6b, 0xc6, 0x31, 0xce, 0x73, 
	0xce, 0x73, 0xce, 0x73, 0xd6, 0xb5, 0xd6, 0xb5, 
	0xd6, 0xb5, 0xd6, 0xb5, 0xd6, 0xb5, 0xce, 0x73, 
	0xce, 0x73, 0xc6, 0x31, 0xb5, 0xad, 0xad, 0x6b, 
	0xad, 0x6b, 0xad, 0x6b, 0xa5, 0x29, 0x94, 0xa5, 
	0x94, 0xa5, 0x94, 0xa5, 0x94, 0xa5, 0x94, 0xa5, 
	0xb5, 0xad, 0xc6, 0x31, 0xce, 0x73, 0xd6, 0xb5, 
	0xd6, 0xb5, 0xce, 0x73, 0xb5, 0xad, 0x94, 0xa5, 
	0xce, 0x73, 0xd6, 0xb5, 0xd6, 0xb5, 0xd6, 0xb5, 
	0xe7, 0x39, 0xe7, 0x39, 0xe7, 0x39, 0xe7, 0x39, 
	0xe7, 0x39, 0xd6, 0xb5, 0xd6, 0xb5, 0xce, 0x73, 
	0xc6, 0x31, 0xc6, 0x31, 0xce, 0x73, 0xce, 0x73, 
	0xd6, 0xb5, 0xd6, 0xb5, 0xd6, 0xb5, 0xce, 0x73, 
	0xb5, 0xad, 0xb5, 0xad, 0xad, 0x6b, 0xc6, 0x31, 
	0xd6, 0xb5, 0xd6, 0xb5, 0xc6, 0x31, 0xb5, 0xad, 
	0x94, 0xa5, 0xc6, 0x31, 0xce, 0x73, 0xd6, 0xb5, 
	0xb5, 0xad, 0xa5, 0x29, 0xa5, 0x29, 0xc6, 0x31, 
	0xc6, 0x31, 0xd6, 0xb5, 0xce, 0x73, 0xce, 0x73, 
	0xc6, 0x31, 0xc6, 0x31, 0xce, 0x73, 0xce, 0x73, 
	0xce, 0x73, 0xc6, 0x31, 0xad, 0x6b, 0xa5, 0x29, 
	0xad, 0x6b, 0xad, 0x6b, 0xad, 0x6b, 0x94, 0xa5, 
	0x94, 0xa5, 0x8c, 0x63, 0x8c, 0x63, 0x94, 0xa5, 
	0xad, 0x6b, 0xb5, 0xad, 0xb5, 0xad, 0xc6, 0x31, 
	0xce, 0x73, 0xb5, 0xad, 0xad, 0x6b, 0x8c, 0x63, 
	0xb5, 0xad, 0xc6, 0x31, 0xc6, 0x31, 0xc6, 0x31, 
	0xc6, 0x31, 0xc6, 0x31, 0xd6, 0xb5, 0xe7, 0x39, 
	0xce, 0x73, 0xc6, 0x31, 0xd6, 0xb5, 0xd6, 0xb5, 
	0xd6, 0xb5, 0xd6, 0xb5, 0xd6, 0xb5, 0xd6, 0xb5, 
	0xd6, 0xb5, 0xd6, 0xb5, 0xce, 0x73, 0xd6, 0xb5, 
	0xd6, 0xb5, 0xd6, 0xb5, 0xce, 0x73, 0xce, 0x73, 
	0xce, 0x73, 0xce, 0x73, 0xc6, 0x31, 0xb5, 0xad, 
	0xa5, 0x29, 0xc6, 0x31, 0xd6, 0xb5, 0xd6, 0xb5, 
	0xc6, 0x31, 0xad, 0x6b, 0xb5, 0xad, 0xc6, 0x31, 
	0xc6, 0x31, 0xc6, 0x31, 0xb5, 0xad, 0xb5, 0xad, 
	0xad, 0x6b, 0xb5, 0xad, 0xc6, 0x31, 0xc6, 0x31, 
	0xb5, 0xad, 0xa5, 0x29, 0x94, 0xa5, 0x94, 0xa5, 
	0xa5, 0x29, 0xb5, 0xad, 0xb5, 0xad, 0xad, 0x6b, 
	0xa5, 0x29, 0x94, 0xa5, 0x94, 0xa5, 0xa5, 0x29, 
	0xb5, 0xad, 0xc6, 0x31, 0xc6, 0x31, 0xb5, 0xad, 
	0xc6, 0x31, 0xa5, 0x29, 0x94, 0xa5, 0x73, 0x9d, 
	0x94, 0xa5, 0xa5, 0x29, 0xad, 0x6b, 0xad, 0x6b, 
	0xad, 0x6b, 0xad, 0x6b, 0xad, 0x6b, 0xad, 0x6b, 
	0xb5, 0xad, 0xb5, 0xad, 0xc6, 0x31, 0xce, 0x73, 
	0xce, 0x73, 0xce, 0x73, 0xd6, 0xb5, 0xce, 0x73, 
	0xce, 0x73, 0xce, 0x73, 0xce, 0x73, 0xce, 0x73, 
	0xd6, 0xb5, 0xce, 0x73, 0xc6, 0x31, 0xc6, 0x31, 
	0xc6, 0x31, 0xb5, 0xad, 0xce, 0x73, 0xc6, 0x31, 
	0x94, 0xa5, 0xb5, 0xad, 0xce, 0x73, 0xc6, 0x31, 
	0xb5, 0xad, 0xad, 0x6b, 0xad, 0x6b, 0xad, 0x6b, 
	0xad, 0x6b, 0xb5, 0xad, 0xb5, 0xad, 0xa5, 0x29, 
	0xb5, 0xad, 0xc6, 0x31, 0xc6, 0x31, 0xb5, 0xad, 
	0xa5, 0x29, 0x8c, 0x63, 0x8c, 0x63, 0x84, 0x21, 
	0x8c, 0x63, 0xa5, 0x29, 0xad, 0x6b, 0xad, 0x6b, 
	0xb5, 0xad, 0xc6, 0x31, 0xc6, 0x31, 0xc6, 0x31, 
	0xc6, 0x31, 0xc6, 0x31, 0xb5, 0xad, 0xa5, 0x29, 
	0xad, 0x6b, 0x94, 0xa5, 0x8c, 0x63, 0x84, 0x21, 
	0x94, 0xa5, 0xad, 0x6b, 0xb5, 0xad, 0xb5, 0xad, 
	0xad, 0x6b, 0xb5, 0xad, 0xb5, 0xad, 0xa5, 0x29, 
	0xa5, 0x29, 0xad, 0x6b, 0xad, 0x6b, 0xad, 0x6b, 
	0xb5, 0xad, 0xc6, 0x31, 0xc6, 0x31, 0xce, 0x73, 
	0xd6, 0xb5, 0xd6, 0xb5, 0xc6, 0x31, 0xc6, 0x31, 
	0xc6, 0x31, 0xc6, 0x31, 0xad, 0x6b, 0xb5, 0xad, 
	0xad, 0x6b, 0xad, 0x6b, 0xce, 0x73, 0xc6, 0x31, 
	0x94, 0xa5, 0xb5, 0xad, 0xc6, 0x31, 0xb5, 0xad, 
	0xad, 0x6b, 0x94, 0xa5, 0xa5, 0x29, 0xa5, 0x29, 
	0x84, 0x21, 0x94, 0xa5, 0x94, 0xa5, 0xad, 0x6b, 
	0xa5, 0x29, 0xc6, 0x31, 0xc6, 0x31, 0xb5, 0xad, 
	0x94, 0xa5, 0x8c, 0x63, 0x8c, 0x63, 0x84, 0x21, 
	0x8c, 0x63, 0xad, 0x6b, 0xc6, 0x31, 0xce, 0x73, 
	0xd6, 0xb5, 0xe7, 0x39, 0xe7, 0x39, 0xce, 0x73, 
	0xc6, 0x31, 0xc6, 0x31, 0xb5, 0xad, 0xa5, 0x29, 
	0xad, 0x6b, 0x94, 0xa5, 0x8c, 0x63, 0x84, 0x21, 
	0x8c, 0x63, 0xa5, 0x29, 0xa5, 0x29, 0xa5, 0x29, 
	0xa5, 0x29, 0xa5, 0x29, 0xad, 0x6b, 0xa5, 0x29, 
	0x94, 0xa5, 0xad, 0x6b, 0xb5, 0xad, 0xad, 0x6b, 
	0xa5, 0x29, 0x94, 0xa5, 0xa5, 0x29, 0xa5, 0x29, 
	0xa5, 0x29, 0xa5, 0x29, 0x94, 0xa5, 0xa5, 0x29, 
	0x94, 0xa5, 0x94, 0xa5, 0x94, 0xa5, 0xa5, 0x29, 
	0x94, 0xa5, 0x94, 0xa5, 0xa5, 0x29, 0x94, 0xa5, 
	0x84, 0x21, 0xad, 0x6b, 0xb5, 0xad, 0xb5, 0xad, 
	0xc6, 0x31, 0xad, 0x6b, 0x94, 0xa5, 0xa5, 0x29, 
	0x94, 0xa5, 0x8c, 0x63, 0x94, 0xa5, 0x94, 0xa5, 
	0xa5, 0x29, 0xb5, 0xad, 0xb5, 0xad, 0xad, 0x6b, 
	0xad, 0x6b, 0xa5, 0x29, 0xa5, 0x29, 0x94, 0xa5, 
	0xa5, 0x29, 0xb5, 0xad, 0xc6, 0x31, 0xc6, 0x31, 
	0xc6, 0x31, 0xc6, 0x31, 0xb5, 0xad, 0xad, 0x6b, 
	0xb5, 0xad, 0xc6, 0x31, 0xb5, 0xad, 0xa5, 0x29, 
	0x94, 0xa5, 0x84, 0x21, 0x84, 0x21, 0x6b, 0x5b, 
	0x73, 0x9d, 0x73, 0x9d, 0x73, 0x9d, 0x73, 0x9d, 
	0x73, 0x9d, 0x84, 0x21, 0x8c, 0x63, 0x94, 0xa5, 
	0xa5, 0x29, 0xad, 0x6b, 0xb5, 0xad, 0xad, 0x6b, 
	0xa5, 0x29, 0x94, 0xa5, 0x94, 0xa5, 0x8c, 0x63, 
	0x8c, 0x63, 0x8c, 0x63, 0x94, 0xa5, 0x94, 0xa5, 
	0x8c, 0x63, 0x94, 0xa5, 0x94, 0xa5, 0x94, 0xa5, 
	0x94, 0xa5, 0x94, 0xa5, 0x94, 0xa5, 0x84, 0x21, 
	0x63, 0x19, 0x94, 0xa5, 0xa5, 0x29, 0xa5, 0x29, 
	0xad, 0x6b, 0xa5, 0x29, 0x94, 0xa5, 0x94, 0xa5, 
	0x94, 0xa5, 0x8c, 0x63, 0x94, 0xa5, 0x8c, 0x63, 
	0x84, 0x21, 0x94, 0xa5, 0x94, 0xa5, 0x94, 0xa5, 
	0x94, 0xa5, 0x94, 0xa5, 0x94, 0xa5, 0x94, 0xa5, 
	0x94, 0xa5, 0xa5, 0x29, 0x94, 0xa5, 0x84, 0x21, 
	0x84, 0x21, 0x84, 0x21, 0x84, 0x21, 0x84, 0x21, 
	0x84, 0x21, 0x94, 0xa5, 0x94, 0xa5, 0x73, 0x9d, 
	0x73, 0x9d, 0x73, 0x9d, 0x73, 0x9d, 0x6b, 0x5b, 
	0x73, 0x9d, 0x73, 0x9d, 0x73, 0x9d, 0x84, 0x21, 
	0x84, 0x21, 0x84, 0x21, 0x84, 0x21, 0x8c, 0x63, 
	0x8c, 0x63, 0x8c, 0x63, 0x8c, 0x63, 0x84, 0x21, 
	0x84, 0x21, 0x84, 0x21, 0x73, 0x9d, 0x8c, 0x63, 
	0x94, 0xa5, 0x94, 0xa5, 0x8c, 0x63, 0x94, 0xa5, 
	0x94, 0xa5, 0x94, 0xa5, 0x94, 0xa5, 0x94, 0xa5, 
	0x94, 0xa5, 0x94, 0xa5, 0xa5, 0x29, 0x84, 0x21, 
	0x52, 0x95, 0x6b, 0x5b, 0x94, 0xa5, 0x8c, 0x63, 
	0x84, 0x21, 0x8c, 0x63, 0x94, 0xa5, 0x84, 0x21, 
	0x73, 0x9d, 0x8c, 0x63, 0xa5, 0x29, 0x94, 0xa5, 
	0x94, 0xa5, 0x94, 0xa5, 0x84, 0x21, 0x84, 0x21, 
	0x8c, 0x63, 0x84, 0x21, 0x84, 0x21, 0x73, 0x9d, 
	0x73, 0x9d, 0x84, 0x21, 0x84, 0x21, 0x73, 0x9d, 
	0x6b, 0x5b, 0x6b, 0x5b, 0x6b, 0x5b, 0x6b, 0x5b, 
	0x73, 0x9d, 0x73, 0x9d, 0x73, 0x9d, 0x6b, 0x5b, 
	0x6b, 0x5b, 0x52, 0x95, 0x73, 0x9d, 0x6b, 0x5b, 
	0x73, 0x9d, 0x8c, 0x63, 0x84, 0x21, 0x8c, 0x63, 
	0x8c, 0x63, 0x84, 0x21, 0x73, 0x9d, 0x73, 0x9d, 
	0x6b, 0x5b, 0x73, 0x9d, 0x73, 0x9d, 0x73, 0x9d, 
	0x73, 0x9d, 0x73, 0x9d, 0x6b, 0x5b, 0x6b, 0x5b, 
	0x6b, 0x5b, 0x73, 0x9d, 0x73, 0x9d, 0x8c, 0x63, 
	0xa5, 0x29, 0x94, 0xa5, 0x94, 0xa5, 0x94, 0xa5, 
	0x8c, 0x63, 0x84, 0x21, 0x84, 0x21, 0x73, 0x9d, 
	0x52, 0x95, 0x6b, 0x5b, 0x8c, 0x63, 0x84, 0x21, 
	0x84, 0x21, 0x84, 0x21, 0x84, 0x21, 0x84, 0x21, 
	0x6b, 0x5b, 0x73, 0x9d, 0x84, 0x21, 0x84, 0x21, 
	0x8c, 0x63, 0x84, 0x21, 0x73, 0x9d, 0x73, 0x9d, 
	0x6b, 0x5b, 0x6b, 0x5b, 0x6b, 0x5b, 0x63, 0x19, 
	0x63, 0x19, 0x73, 0x9d, 0x73, 0x9d, 0x6b, 0x5b, 
	0x6b, 0x5b, 0x6b, 0x5b, 0x63, 0x19, 0x63, 0x19, 
	0x6b, 0x5b, 0x73, 0x9d, 0x73, 0x9d, 0x73, 0x9d, 
	0x73, 0x9d, 0x6b, 0x5b, 0x73, 0x9d, 0x52, 0x95, 
	0x52, 0x95, 0x52, 0x95, 0x52, 0x95, 0x63, 0x19, 
	0x63, 0x19, 0x6b, 0x5b, 0x6b, 0x5b, 0x63, 0x19, 
	0x63, 0x19, 0x63, 0x19, 0x63, 0x19, 0x63, 0x19, 
	0x63, 0x19, 0x63, 0x19, 0x63, 0x19, 0x6b, 0x5b, 
	0x84, 0x21, 0x84, 0x21, 0x84, 0x21, 0x84, 0x21, 
	0x84, 0x21, 0x73, 0x9d, 0x84, 0x21, 0x8c, 0x63, 
	0x94, 0xa5, 0x84, 0x21, 0x73, 0x9d, 0x63, 0x19, 
	0x52, 0x95, 0x6b, 0x5b, 0x73, 0x9d, 0x73, 0x9d, 
	0x73, 0x9d, 0x73, 0x9d, 0x73, 0x9d, 0x73, 0x9d, 
	0x63, 0x19, 0x52, 0x95, 0x6b, 0x5b, 0x84, 0x21, 
	0x6b, 0x5b, 0x73, 0x9d, 0x6b, 0x5b, 0x84, 0x21, 
	0x73, 0x9d, 0x73, 0x9d, 0x73, 0x9d, 0x6b, 0x5b, 
	0x63, 0x19, 0x73, 0x9d, 0x73, 0x9d, 0x73, 0x9d, 
	0x6b, 0x5b, 0x52, 0x95, 0x52, 0x95, 0x52, 0x95, 
	0x52, 0x95, 0x52, 0x95, 0x6b, 0x5b, 0x52, 0x95, 
	0x52, 0x95, 0x52, 0x95, 0x63, 0x19, 0x63, 0x19, 
	0x63, 0x19, 0x63, 0x19, 0x63, 0x19, 0x52, 0x95, 
	0x52, 0x95, 0x6b, 0x5b, 0x6b, 0x5b, 0x6b, 0x5b, 
	0x6b, 0x5b, 0x6b, 0x5b, 0x73, 0x9d, 0x73, 0x9d, 
	0x6b, 0x5b, 0x6b, 0x5b, 0x63, 0x19, 0x63, 0x19, 
	0x63, 0x19, 0x6b, 0x5b, 0x73, 0x9d, 0x84, 0x21, 
	0x84, 0x21, 0x8c, 0x63, 0x8c, 0x63, 0xa5, 0x29, 
	0xad, 0x6b, 0xb5, 0xad, 0xb5, 0xad, 0xc6, 0x31, 
	0xb5, 0xad, 0xb5, 0xad, 0xb5, 0xad, 0xb5, 0xad, 
	0xb5, 0xad, 0xb5, 0xad, 0xb5, 0xad, 0xad, 0x6b, 
	0xa5, 0x29, 0x94, 0xa5, 0x94, 0xa5, 0x94, 0xa5, 
	0xe7, 0x39, 0xc6, 0x31, 0xce, 0x73, 0xce, 0x73, 
	0xd6, 0xb5, 0xce, 0x73, 0xce, 0x73, 0xd6, 0xb5, 
	0xe7, 0x39, 0xe7, 0x39, 0xd6, 0xb5, 0xce, 0x73, 
	0xd6, 0xb5, 0xce, 0x73, 0xd6, 0xb5, 0xe7, 0x39, 
	0xd6, 0xb5, 0xe7, 0x39, 0xe7, 0x39, 0xe7, 0x39, 
	0xc6, 0x31, 0xce, 0x73, 0xce, 0x73, 0xd6, 0xb5, 
	0xd6, 0xb5, 0xd6, 0xb5, 0xd6, 0xb5, 0xd6, 0xb5, 
	0xe7, 0x39, 0xe7, 0x39, 0xd6, 0xb5, 0xd6, 0xb5, 
	0xc6, 0x31, 0xc6, 0x31, 0xb5, 0xad, 0xe7, 0x39, 
	0xd6, 0xb5, 0xd6, 0xb5, 0xce, 0x73, 0xc6, 0x31, 
	0xce, 0x73, 0xe7, 0x39, 0xd6, 0xb5, 0xc6, 0x31, 
	0xd6, 0xb5, 0xd6, 0xb5, 0xb5, 0xad, 0xd6, 0xb5, 
	0xd6, 0xb5, 0xc6, 0x31, 0xd6, 0xb5, 0xb5, 0xad, 
	0xc6, 0x31, 0xd6, 0xb5, 0xe7, 0x39, 0xe7, 0x39, 
	0xe7, 0x39, 0xe7, 0x39, 0xd6, 0xb5, 0xad, 0x6b, 
	0xc6, 0x31, 0xce, 0x73, 0xc6, 0x31, 0xce, 0x73, 
	0xe7, 0x39, 0xe7, 0x39, 0xc6, 0x31, 0xce, 0x73, 
	0xd6, 0xb5, 0xc6, 0x31, 0xce, 0x73, 0xc6, 0x31, 
	0xce, 0x73, 0xce, 0x73, 0xce, 0x73, 0xce, 0x73, 
	0xce, 0x73, 0xd6, 0xb5, 0xce, 0x73, 0xd6, 0xb5, 
	0xd6, 0xb5, 0xe7, 0x39, 0xd6, 0xb5, 0xd6, 0xb5, 
	0xd6, 0xb5, 0xce, 0x73, 0xd6, 0xb5, 0xd6, 0xb5, 
	0xc6, 0x31, 0xce, 0x73, 0xd6, 0xb5, 0xd6, 0xb5, 
	0xd6, 0xb5, 0xd6, 0xb5, 0xd6, 0xb5, 0xd6, 0xb5, 
	0xce, 0x73, 0xce, 0x73, 0xc6, 0x31, 0xd6, 0xb5, 
	0xce, 0x73, 0xce, 0x73, 0xc6, 0x31, 0xc6, 0x31, 
	0xc6, 0x31, 0xce, 0x73, 0xd6, 0xb5, 0xd6, 0xb5, 
	0xd6, 0xb5, 0xce, 0x73, 0xc6, 0x31, 0xce, 0x73, 
	0xc6, 0x31, 0xd6, 0xb5, 0xd6, 0xb5, 0xc6, 0x31, 
	0xc6, 0x31, 0xce, 0x73, 0xe7, 0x39, 0xe7, 0x39, 
	0xce, 0x73, 0xe7, 0x39, 0xe7, 0x39, 0xce, 0x73, 
	0xad, 0x6b, 0xc6, 0x31, 0xd6, 0xb5, 0xe7, 0x39, 
	0xe7, 0x39, 0xe7, 0x39, 0xd6, 0xb5, 0xe7, 0x39, 
	0xd6, 0xb5, 0xc6, 0x31, 0xad, 0x6b, 0xb5, 0xad, 
	0xc6, 0x31, 0xc6, 0x31, 0xc6, 0x31, 0xb5, 0xad, 
	0xce, 0x73, 0xe7, 0x39, 0xc6, 0x31, 0xe7, 0x39, 
	0xe7, 0x39, 0xe7, 0x39, 0xc6, 0x31, 0xd6, 0xb5, 
	0xd6, 0xb5, 0xb5, 0xad, 0xce, 0x73, 0xc6, 0x31, 
	0xce, 0x73, 0xd6, 0xb5, 0xe7, 0x39, 0xd6, 0xb5, 
	0xd6, 0xb5, 0xc6, 0x31, 0xd6, 0xb5, 0xce, 0x73, 
	0xe7, 0x39, 0xe7, 0x39, 0xce, 0x73, 0xc6, 0x31, 
	0xce, 0x73, 0xc6, 0x31, 0xc6, 0x31, 0xce, 0x73, 
	0xc6, 0x31, 0xd6, 0xb5, 0xc6, 0x31, 0xc6, 0x31, 
	0xc6, 0x31, 0xce, 0x73, 0xd6, 0xb5, 0xc6, 0x31, 
	0xc6, 0x31, 0xce, 0x73, 0xc6, 0x31, 0xce, 0x73, 
	0xc6, 0x31, 0xce, 0x73, 0xce, 0x73, 0xe7, 0x39, 
	0xce, 0x73, 0xce, 0x73, 0xd6, 0xb5, 0xc6, 0x31, 
	0xad, 0x6b, 0xb5, 0xad, 0xce, 0x73, 0xd6, 0xb5, 
	0xe7, 0x39, 0xe7, 0x39, 0xc6, 0x31, 0xd6, 0xb5, 
	0xc6, 0x31, 0xce, 0x73, 0xc6, 0x31, 0xd6, 0xb5, 
	0xe7, 0x39, 0xce, 0x73, 0xd6, 0xb5, 0xd6, 0xb5, 
	0xce, 0x73, 0xce, 0x73, 0xd6, 0xb5, 0xe7, 0x39, 
	0xe7, 0x39, 0xce, 0x73, 0xc6, 0x31, 0xce, 0x73, 
	0xc6, 0x31, 0xad, 0x6b, 0xd6, 0xb5, 0xd6, 0xb5, 
	0xe7, 0x39, 0xd6, 0xb5, 0xe7, 0x39, 0xd6, 0xb5, 
	0xc6, 0x31, 0xb5, 0xad, 0xc6, 0x31, 0xd6, 0xb5, 
	0xd6, 0xb5, 0xb5, 0xad, 0xb5, 0xad, 0xce, 0x73, 
	0xce, 0x73, 0xce, 0x73, 0xd6, 0xb5, 0xce, 0x73, 
	0xc6, 0x31, 0xc6, 0x31, 0xad, 0x6b, 0xc6, 0x31, 
	0xce, 0x73, 0xc6, 0x31, 0xce, 0x73, 0xc6, 0x31, 
	0xc6, 0x31, 0xb5, 0xad, 0xe7, 0x39, 0xd6, 0xb5, 
	0xc6, 0x31, 0xa5, 0x29, 0xce, 0x73, 0xd6, 0xb5, 
	0xb5, 0xad, 0xd6, 0xb5, 0xc6, 0x31, 0xad, 0x6b, 
	0xb5, 0xad, 0xc6, 0x31, 0xd6, 0xb5, 0xce, 0x73, 
	0xd6, 0xb5, 0xe7, 0x39, 0xd6, 0xb5, 0xc6, 0x31, 
	0xc6, 0x31, 0xb5, 0xad, 0xd6, 0xb5, 0xce, 0x73, 
	0xc6, 0x31, 0xc6, 0x31, 0xc6, 0x31, 0xc6, 0x31, 
	0xce, 0x73, 0xd6, 0xb5, 0xc6, 0x31, 0xce, 0x73, 
	0xce, 0x73, 0xd6, 0xb5, 0xd6, 0xb5, 0xc6, 0x31, 
	0xb5, 0xad, 0xce, 0x73, 0xd6, 0xb5, 0xd6, 0xb5, 
	0xd6, 0xb5, 0xce, 0x73, 0xe7, 0x39, 0xd6, 0xb5, 
	0xc6, 0x31, 0xce, 0x73, 0xce, 0x73, 0xce, 0x73, 
	0xc6, 0x31, 0xc6, 0x31, 0xc6, 0x31, 0xc6, 0x31, 
	0xe7, 0x39, 0xe7, 0x39, 0xe7, 0x39, 0xce, 0x73, 
	0xce, 0x73, 0xce, 0x73, 0xce, 0x73, 0xce, 0x73, 
	0xc6, 0x31, 0xc6, 0x31, 0xc6, 0x31, 0xb5, 0xad, 
	0xb5, 0xad, 0xb5, 0xad, 0xce, 0x73, 0xce, 0x73, 
	0xc6, 0x31, 0xb5, 0xad, 0xce, 0x73, 0xc6, 0x31, 
	0xd6, 0xb5, 0xe7, 0x39, 0xc6, 0x31, 0xc6, 0x31, 
	0xd6, 0xb5, 0xd6, 0xb5, 0xb5, 0xad, 0xc6, 0x31, 
	0xe7, 0x39, 0xd6, 0xb5, 0xc6, 0x31, 0xb5, 0xad, 
	0xd6, 0xb5, 0xc6, 0x31, 0xb5, 0xad, 0xce, 0x73, 
	0xd6, 0xb5, 0xe7, 0x39, 0xc6, 0x31, 0xe7, 0x39, 
	0xd6, 0xb5, 0xd6, 0xb5, 0xe7, 0x39, 0xd6, 0xb5, 
	0xe7, 0x39, 0xd6, 0xb5, 0xd6, 0xb5, 0xc6, 0x31, 
	0xc6, 0x31, 0xce, 0x73, 0xd6, 0xb5, 0xd6, 0xb5, 
	0xc6, 0x31, 0xc6, 0x31, 0xce, 0x73, 0xe7, 0x39, 
	0xe7, 0x39, 0xe7, 0x39, 0xc6, 0x31, 0xce, 0x73, 
	0xc6, 0x31, 0xc6, 0x31, 0xce, 0x73, 0xd6, 0xb5, 
	0xd6, 0xb5, 0xd6, 0xb5, 0xad, 0x6b, 0xb5, 0xad, 
	0xb5, 0xad, 0xce, 0x73, 0xd6, 0xb5, 0xce, 0x73, 
	0xc6, 0x31, 0xc6, 0x31, 0xb5, 0xad, 0xad, 0x6b, 
	0xb5, 0xad, 0xce, 0x73, 0xce, 0x73, 0xd6, 0xb5, 
	0xa5, 0x29, 0x94, 0xa5, 0xb5, 0xad, 0xc6, 0x31, 
	0xce, 0x73, 0xd6, 0xb5, 0xd6, 0xb5, 0xc6, 0x31, 
	0xd6, 0xb5, 0xce, 0x73, 0xce, 0x73, 0xce, 0x73, 
	0xd6, 0xb5, 0xd6, 0xb5, 0xc6, 0x31, 0xce, 0x73, 
	0xd6, 0xb5, 0xc6, 0x31, 0xce, 0x73, 0xd6, 0xb5, 
	0xc6, 0x31, 0xce, 0x73, 0xc6, 0x31, 0xce, 0x73, 
	0xce, 0x73, 0xe7, 0x39, 0xe7, 0x39, 0xe7, 0x39, 
	0xe7, 0x39, 0xd6, 0xb5, 0xd6, 0xb5, 0xe7, 0x39, 
	0xce, 0x73, 0xce, 0x73, 0xd6, 0xb5, 0xd6, 0xb5, 
	0xce, 0x73, 0xd6, 0xb5, 0xe7, 0x39, 0xd6, 0xb5, 
	0xc6, 0x31, 0xce, 0x73, 0xce, 0x73, 0xc6, 0x31, 
	0xce, 0x73, 0xd6, 0xb5, 0xce, 0x73, 0xc6, 0x31, 
	0xd6, 0xb5, 0xce, 0x73, 0xad, 0x6b, 0xc6, 0x31, 
	0xa5, 0x29, 0xc6, 0x31, 0xce, 0x73, 0xc6, 0x31, 
	0xb5, 0xad, 0xc6, 0x31, 0xd6, 0xb5, 0xb5, 0xad, 
	0xc6, 0x31, 0xb5, 0xad, 0xce, 0x73, 0xd6, 0xb5, 
	0xad, 0x6b, 0xb5, 0xad, 0xb5, 0xad, 0xce, 0x73, 
	0xc6, 0x31, 0xce, 0x73, 0xe7, 0x39, 0xd6, 0xb5, 
	0xd6, 0xb5, 0xc6, 0x31, 0xce, 0x73, 0xd6, 0xb5, 
	0xce, 0x73, 0xb5, 0xad, 0xc6, 0x31, 0xc6, 0x31, 
	0xd6, 0xb5, 0xd6, 0xb5, 0xd6, 0xb5, 0xce, 0x73, 
	0xb5, 0xad, 0xad, 0x6b, 0xc6, 0x31, 0xce, 0x73, 
	0xce, 0x73, 0xd6, 0xb5, 0xe7, 0x39, 0xe7, 0x39, 
	0xe7, 0x39, 0xe7, 0x39, 0xd6, 0xb5, 0xe7, 0x39, 
	0xc6, 0x31, 0xc6, 0x31, 0xd6, 0xb5, 0xce, 0x73, 
	0xc6, 0x31, 0xce, 0x73, 0xce, 0x73, 0xce, 0x73, 
	0xd6, 0xb5, 0xce, 0x73, 0xc6, 0x31, 0xce, 0x73, 
	0xd6, 0xb5, 0xd6, 0xb5, 0xce, 0x73, 0xd6, 0xb5, 
	0xe7, 0x39, 0xc6, 0x31, 0xd6, 0xb5, 0xc6, 0x31, 
	0xc6, 0x31, 0xce, 0x73, 0xc6, 0x31, 0xc6, 0x31, 
	0xce, 0x73, 0xd6, 0xb5, 0xce, 0x73, 0xc6, 0x31, 
	0xc6, 0x31, 0xc6, 0x31, 0xce, 0x73, 0xc6, 0x31, 
	0xce, 0x73, 0xc6, 0x31, 0xce, 0x73, 0xb5, 0xad, 
	0xc6, 0x31, 0xb5, 0xad, 0xd6, 0xb5, 0xd6, 0xb5, 
	0xc6, 0x31, 0xb5, 0xad, 0xd6, 0xb5, 0xd6, 0xb5, 
	0xce, 0x73, 0xd6, 0xb5, 0xe7, 0x39, 0xb5, 0xad, 
	0xc6, 0x31, 0xc6, 0x31, 0xb5, 0xad, 0xce, 0x73, 
	0xb5, 0xad, 0xa5, 0x29, 0xce, 0x73, 0xc6, 0x31, 
	0xc6, 0x31, 0xce, 0x73, 0xce, 0x73, 0xe7, 0x39, 
	0xd6, 0xb5, 0xe7, 0x39, 0xe7, 0x39, 0xe7, 0x39, 
	0xd6, 0xb5, 0xce, 0x73, 0xe7, 0x39, 0xe7, 0x39, 
	0xe7, 0x39, 0xc6, 0x31, 0xc6, 0x31, 0xd6, 0xb5, 
	0xd6, 0xb5, 0xd6, 0xb5, 0xd6, 0xb5, 0xce, 0x73, 
	0xce, 0x73, 0xce, 0x73, 0xce, 0x73, 0xce, 0x73, 
	0xce, 0x73, 0xc6, 0x31, 0xc6, 0x31, 0xc6, 0x31, 
	0xd6, 0xb5, 0xc6, 0x31, 0xb5, 0xad, 0xb5, 0xad, 
	0xce, 0x73, 0xce, 0x73, 0xd6, 0xb5, 0xc6, 0x31, 
	0xb5, 0xad, 0xb5, 0xad, 0xce, 0x73, 0xce, 0x73, 
	0xc6, 0x31, 0xc6, 0x31, 0xd6, 0xb5, 0xce, 0x73, 
	0xc6, 0x31, 0xb5, 0xad, 0xce, 0x73, 0xce, 0x73, 
	0xc6, 0x31, 0xce, 0x73, 0xd6, 0xb5, 0xd6, 0xb5, 
	0xce, 0x73, 0xce, 0x73, 0xce, 0x73, 0xd6, 0xb5, 
	0xce, 0x73, 0xc6, 0x31, 0xc6, 0x31, 0xce, 0x73, 
	0xad, 0x6b, 0xc6, 0x31, 0xd6, 0xb5, 0xc6, 0x31, 
	0xc6, 0x31, 0xc6, 0x31, 0xc6, 0x31, 0xce, 0x73, 
	0xce, 0x73, 0xce, 0x73, 0xd6, 0xb5, 0xe7, 0x39, 
	0xe7, 0x39, 0xe7, 0x39, 0xe7, 0x39, 0xe7, 0x39, 
	0xd6, 0xb5, 0xce, 0x73, 0xce, 0x73, 0xce, 0x73, 
	0xce, 0x73, 0xce, 0x73, 0xce, 0x73, 0xd6, 0xb5, 
	0xce, 0x73, 0xc6, 0x31, 0xc6, 0x31, 0xce, 0x73, 
	0xc6, 0x31, 0xad, 0x6b, 0xd6, 0xb5, 0xd6, 0xb5, 
	0xc6, 0x31, 0xb5, 0xad, 0xa5, 0x29, 0xad, 0x6b, 
	0xc6, 0x31, 0xc6, 0x31, 0xd6, 0xb5, 0xd6, 0xb5, 
	0xd6, 0xb5, 0xce, 0x73, 0xd6, 0xb5, 0xce, 0x73, 
	0xc6, 0x31, 0xb5, 0xad, 0xc6, 0x31, 0xd6, 0xb5, 
	0xce, 0x73, 0xc6, 0x31, 0xce, 0x73, 0xd6, 0xb5, 
	0xe7, 0x39, 0xd6, 0xb5, 0xd6, 0xb5, 0xc6, 0x31, 
	0xce, 0x73, 0xc6, 0x31, 0xb5, 0xad, 0xce, 0x73, 
	0xce, 0x73, 0xce, 0x73, 0xce, 0x73, 0xc6, 0x31, 
	0xb5, 0xad, 0xce, 0x73, 0xd6, 0xb5, 0xce, 0x73, 
	0xc6, 0x31, 0xce, 0x73, 0xc6, 0x31, 0xc6, 0x31, 
	0xce, 0x73, 0xce, 0x73, 0xc6, 0x31, 0xce, 0x73, 
	0xce, 0x73, 0xe7, 0x39, 0xe7, 0x39, 0xd6, 0xb5, 
	0xb5, 0xad, 0xc6, 0x31, 0xce, 0x73, 0xce, 0x73, 
	0xd6, 0xb5, 0xd6, 0xb5, 0xd6, 0xb5, 0xd6, 0xb5, 
	0xc6, 0x31, 0xd6, 0xb5, 0xce, 0x73, 0xd6, 0xb5, 
	0xd6, 0xb5, 0xe7, 0x39, 0xe7, 0x39, 0xce, 0x73, 
	0xc6, 0x31, 0xc6, 0x31, 0xc6, 0x31, 0xc6, 0x31, 
	0xce, 0x73, 0xce, 0x73, 0xe7, 0x39, 0xe7, 0x39, 
	0xce, 0x73, 0xce, 0x73, 0xc6, 0x31, 0xb5, 0xad, 
	0xb5, 0xad, 0xc6, 0x31, 0xc6, 0x31, 0xce, 0x73, 
	0xb5, 0xad, 0xce, 0x73, 0xce, 0x73, 0xce, 0x73, 
	0xe7, 0x39, 0xd6, 0xb5, 0xc6, 0x31, 0xce, 0x73, 
	0xc6, 0x31, 0xb5, 0xad, 0xc6, 0x31, 0xd6, 0xb5, 
	0xe7, 0x39, 0xc6, 0x31, 0xb5, 0xad, 0xc6, 0x31, 
	0xce, 0x73, 0xce, 0x73, 0xce, 0x73, 0xce, 0x73, 
	0xd6, 0xb5, 0xd6, 0xb5, 0xce, 0x73, 0xb5, 0xad, 
	0xd6, 0xb5, 0xd6, 0xb5, 0xc6, 0x31, 0xc6, 0x31, 
	0xc6, 0x31, 0xd6, 0xb5, 0xe7, 0x39, 0xc6, 0x31, 
	0xc6, 0x31, 0xce, 0x73, 0xd6, 0xb5, 0xce, 0x73, 
	0xd6, 0xb5, 0xce, 0x73, 0xce, 0x73, 0xce, 0x73, 
	0xce, 0x73, 0xc6, 0x31, 0xc6, 0x31, 0xd6, 0xb5, 
	0xb5, 0xad, 0xc6, 0x31, 0xd6, 0xb5, 0xd6, 0xb5, 
	0xce, 0x73, 0xce, 0x73, 0xce, 0x73, 0xe7, 0x39, 
	0xe7, 0x39, 0xc6, 0x31, 0xd6, 0xb5, 0xce, 0x73, 
	0xce, 0x73, 0xd6, 0xb5, 0xce, 0x73, 0xb5, 0xad, 
	0xc6, 0x31, 0xd6, 0xb5, 0xd6, 0xb5, 0xc6, 0x31, 
	0xad, 0x6b, 0xce, 0x73, 0xce, 0x73, 0xce, 0x73, 
	0xd6, 0xb5, 0xce, 0x73, 0xc6, 0x31, 0xc6, 0x31, 
	0xb5, 0xad, 0xce, 0x73, 0xce, 0x73, 0xd6, 0xb5, 
	0xce, 0x73, 0xce, 0x73, 0xc6, 0x31, 0xce, 0x73, 
	0xc6, 0x31, 0xce, 0x73, 0xd6, 0xb5, 0xd6, 0xb5, 
	0xc6, 0x31, 0xce, 0x73, 0xe7, 0x39, 0xce, 0x73, 
	0xce, 0x73, 0xd6, 0xb5, 0xe7, 0x39, 0xc6, 0x31, 
	0xc6, 0x31, 0xc6, 0x31, 0xce, 0x73, 0xce, 0x73, 
	0xd6, 0xb5, 0xd6, 0xb5, 0xd6, 0xb5, 0xc6, 0x31, 
	0xce, 0x73, 0xc6, 0x31, 0xce, 0x73, 0xc6, 0x31, 
	0xb5, 0xad, 0xce, 0x73, 0xd6, 0xb5, 0xe7, 0x39, 
	0xc6, 0x31, 0xb5, 0xad, 0xc6, 0x31, 0xc6, 0x31, 
	0xc6, 0x31, 0xce, 0x73, 0xc6, 0x31, 0xe7, 0x39, 
	0xd6, 0xb5, 0xd6, 0xb5, 0xd6, 0xb5, 0xc6, 0x31, 
	0xc6, 0x31, 0xc6, 0x31, 0xb5, 0xad, 0xce, 0x73, 
	0xce, 0x73, 0xb5, 0xad, 0xc6, 0x31, 0xc6, 0x31, 
	0xc6, 0x31, 0xd6, 0xb5, 0xd6, 0xb5, 0xe7, 0x39, 
	0xce, 0x73, 0xce, 0x73, 0xb5, 0xad, 0xa5, 0x29, 
	0xb5, 0xad, 0xc6, 0x31, 0xe7, 0x39, 0xd6, 0xb5, 
	0xc6, 0x31, 0xc6, 0x31, 0xb5, 0xad, 0xce, 0x73, 
	0xc6, 0x31, 0xd6, 0xb5, 0xce, 0x73, 0xc6, 0x31, 
	0xa5, 0x29, 0xce, 0x73, 0xd6, 0xb5, 0xe7, 0x39, 
	0xd6, 0xb5, 0xd6, 0xb5, 0xe7, 0x39, 0xd6, 0xb5, 
	0xce, 0x73, 0xd6, 0xb5, 0xd6, 0xb5, 0xce, 0x73, 
	0xc6, 0x31, 0xd6, 0xb5, 0xc6, 0x31, 0xc6, 0x31, 
	0xce, 0x73, 0xce, 0x73, 0xd6, 0xb5, 0xd6, 0xb5, 
	0xe7, 0x39, 0xd6, 0xb5, 0xd6, 0xb5, 0xc6, 0x31, 
	0xb5, 0xad, 0xa5, 0x29, 0xb5, 0xad, 0xb5, 0xad, 
	0xb5, 0xad, 0xce, 0x73, 0xd6, 0xb5, 0xce, 0x73, 
	0xb5, 0xad, 0xc6, 0x31, 0xc6, 0x31, 0xd6, 0xb5, 
	0xc6, 0x31, 0xa5, 0x29, 0xb5, 0xad, 0xc6, 0x31, 
	0xc6, 0x31, 0xce, 0x73, 0xce, 0x73, 0xc6, 0x31, 
	0xc6, 0x31, 0xd6, 0xb5, 0xd6, 0xb5, 0xce, 0x73, 
	0xce, 0x73, 0xd6, 0xb5, 0xce, 0x73, 0xc6, 0x31, 
	0xa5, 0x29, 0xb5, 0xad, 0xb5, 0xad, 0xc6, 0x31, 
	0xb5, 0xad, 0xb5, 0xad, 0xc6, 0x31, 0xc6, 0x31, 
	0xb5, 0xad, 0xce, 0x73, 0xb5, 0xad, 0xb5, 0xad, 
	0xb5, 0xad, 0xc6, 0x31, 0xd6, 0xb5, 0xd6, 0xb5, 
	0xce, 0x73, 0xc6, 0x31, 0xce, 0x73, 0xb5, 0xad, 
	0xd6, 0xb5, 0xe7, 0x39, 0xd6, 0xb5, 0xb5, 0xad, 
	0xb5, 0xad, 0xd6, 0xb5, 0xce, 0x73, 0xd6, 0xb5, 
	0xce, 0x73, 0xce, 0x73, 0xd6, 0xb5, 0xb5, 0xad, 
	0xc6, 0x31, 0xd6, 0xb5, 0xd6, 0xb5, 0xce, 0x73, 
	0xc6, 0x31, 0xc6, 0x31, 0xc6, 0x31, 0xb5, 0xad, 
	0xc6, 0x31, 0xe7, 0x39, 0xe7, 0x39, 0xce, 0x73, 
	0xb5, 0xad, 0xb5, 0xad, 0xc6, 0x31, 0xc6, 0x31, 
	0x94, 0xa5, 0xad, 0x6b, 0xc6, 0x31, 0xb5, 0xad, 
	0xa5, 0x29, 0xad, 0x6b, 0xb5, 0xad, 0xd6, 0xb5, 
	0xb5, 0xad, 0xc6, 0x31, 0xc6, 0x31, 0xb5, 0xad, 
	0xce, 0x73, 0xce, 0x73, 0xe7, 0x39, 0xc6, 0x31, 
	0xb5, 0xad, 0xb5, 0xad, 0xb5, 0xad, 0xb5, 0xad, 
	0xb5, 0xad, 0xc6, 0x31, 0xd6, 0xb5, 0xce, 0x73, 
	0xc6, 0x31, 0xce, 0x73, 0xce, 0x73, 0xc6, 0x31, 
	0xce, 0x73, 0xc6, 0x31, 0xd6, 0xb5, 0xb5, 0xad, 
	0xce, 0x73, 0xc6, 0x31, 0xd6, 0xb5, 0xc6, 0x31, 
	0xd6, 0xb5, 0xe7, 0x39, 0xc6, 0x31, 0xce, 0x73, 
	0xc6, 0x31, 0xc6, 0x31, 0xd6, 0xb5, 0xd6, 0xb5, 
	0xce, 0x73, 0xd6, 0xb5, 0xe7, 0x39, 0xc6, 0x31, 
	0xad, 0x6b, 0xc6, 0x31, 0xce, 0x73, 0xc6, 0x31, 
	0xce, 0x73, 0xd6, 0xb5, 0xd6, 0xb5, 0xce, 0x73, 
	0xd6, 0xb5, 0xd6, 0xb5, 0xd6, 0xb5, 0xce, 0x73, 
	0xb5, 0xad, 0xb5, 0xad, 0xc6, 0x31, 0xb5, 0xad, 
	0xa5, 0x29, 0xb5, 0xad, 0xc6, 0x31, 0xa5, 0x29, 
	0xb5, 0xad, 0xb5, 0xad, 0xc6, 0x31, 0xc6, 0x31, 
	0xb5, 0xad, 0xd6, 0xb5, 0xe7, 0x39, 0xc6, 0x31, 
	0xa5, 0x29, 0xc6, 0x31, 0xce, 0x73, 0xc6, 0x31, 
	0xc6, 0x31, 0xc6, 0x31, 0xc6, 0x31, 0xd6, 0xb5, 
	0xc6, 0x31, 0xad, 0x6b, 0xb5, 0xad, 0xc6, 0x31, 
	0xb5, 0xad, 0xd6, 0xb5, 0xd6, 0xb5, 0xd6, 0xb5, 
	0xe7, 0x39, 0xc6, 0x31, 0xc6, 0x31, 0xce, 0x73, 
	0xd6, 0xb5, 0xce, 0x73, 0xd6, 0xb5, 0xce, 0x73, 
	0xc6, 0x31, 0xc6, 0x31, 0xce, 0x73, 0xc6, 0x31, 
	0xce, 0x73, 0xc6, 0x31, 0xd6, 0xb5, 0xd6, 0xb5, 
	0xd6, 0xb5, 0xe7, 0x39, 0xce, 0x73, 0xad, 0x6b, 
	0x94, 0xa5, 0xb5, 0xad, 0xb5, 0xad, 0xb5, 0xad, 
	0xce, 0x73, 0xce, 0x73, 0xd6, 0xb5, 0xce, 0x73, 
	0xb5, 0xad, 0xd6, 0xb5, 0xd6, 0xb5, 0xc6, 0x31, 
	0xc6, 0x31, 0xc6, 0x31, 0xad, 0x6b, 0xad, 0x6b, 
	0xb5, 0xad, 0xc6, 0x31, 0xd6, 0xb5, 0xc6, 0x31, 
	0xc6, 0x31, 0xce, 0x73, 0xd6, 0xb5, 0xd6, 0xb5, 
	0xce, 0x73, 0xe7, 0x39, 0xd6, 0xb5, 0xc6, 0x31, 
	0xc6, 0x31, 0xd6, 0xb5, 0xc6, 0x31, 0xc6, 0x31, 
	0xd6, 0xb5, 0xb5, 0xad, 0xa5, 0x29, 0xad, 0x6b, 
	0xb5, 0xad, 0xad, 0x6b, 0xc6, 0x31, 0xc6, 0x31, 
	0xb5, 0xad, 0xc6, 0x31, 0xc6, 0x31, 0xc6, 0x31, 
	0xce, 0x73, 0xc6, 0x31, 0xce, 0x73, 0xe7, 0x39, 
	0xe7, 0x39, 0xd6, 0xb5, 0xd6, 0xb5, 0xce, 0x73, 
	0xd6, 0xb5, 0xd6, 0xb5, 0xd6, 0xb5, 0xce, 0x73, 
	0xd6, 0xb5, 0xd6, 0xb5, 0xe7, 0x39, 0xce, 0x73, 
	0xce, 0x73, 0xce, 0x73, 0xc6, 0x31, 0xb5, 0xad, 
	0xb5, 0xad, 0xce, 0x73, 0xb5, 0xad, 0xc6, 0x31, 
	0xd6, 0xb5, 0xc6, 0x31, 0xe7, 0x39, 0xe7, 0x39, 
	0xce, 0x73, 0xe7, 0x39, 0xce, 0x73, 0xc6, 0x31, 
	0xc6, 0x31, 0xb5, 0xad, 0xb5, 0xad, 0xc6, 0x31, 
	0xb5, 0xad, 0xb5, 0xad, 0xce, 0x73, 0xc6, 0x31, 
	0xc6, 0x31, 0xce, 0x73, 0xc6, 0x31, 0xb5, 0xad, 
	0xc6, 0x31, 0xc6, 0x31, 0xb5, 0xad, 0xc6, 0x31, 
	0xd6, 0xb5, 0xce, 0x73, 0xc6, 0x31, 0xc6, 0x31, 
	0xb5, 0xad, 0xa5, 0x29, 0xa5, 0x29, 0xa5, 0x29, 
	0xc6, 0x31, 0xce, 0x73, 0xce, 0x73, 0xce, 0x73, 
	0xc6, 0x31, 0xb5, 0xad, 0xc6, 0x31, 0xce, 0x73, 
	0xd6, 0xb5, 0xc6, 0x31, 0xce, 0x73, 0xe7, 0x39, 
	0xe7, 0x39, 0xce, 0x73, 0xc6, 0x31, 0xd6, 0xb5, 
	0xd6, 0xb5, 0xc6, 0x31, 0xc6, 0x31, 0xd6, 0xb5, 
	0xd6, 0xb5, 0xce, 0x73, 0xc6, 0x31, 0xc6, 0x31, 
	0xce, 0x73, 0xc6, 0x31, 0xc6, 0x31, 0xce, 0x73, 
	0xce, 0x73, 0xce, 0x73, 0xce, 0x73, 0xd6, 0xb5, 
	0xd6, 0xb5, 0xe7, 0x39, 0xe7, 0x39, 0xb5, 0xad, 
	0xa5, 0x29, 0xb5, 0xad, 0xb5, 0xad, 0xce, 0x73, 
	0xc6, 0x31, 0xc6, 0x31, 0xc6, 0x31, 0xd6, 0xb5, 
	0xc6, 0x31, 0xce, 0x73, 0xd6, 0xb5, 0xad, 0x6b, 
	0xa5, 0x29, 0xb5, 0xad, 0xb5, 0xad, 0xa5, 0x29, 
	0xd6, 0xb5, 0xb5, 0xad, 0xb5, 0xad, 0xc6, 0x31, 
	0xc6, 0x31, 0xc6, 0x31, 0xce, 0x73, 0xce, 0x73, 
	0x8c, 0x63, 0x94, 0xa5, 0xad, 0x6b, 0xc6, 0x31, 
	0xd6, 0xb5, 0xce, 0x73, 0xb5, 0xad, 0xc6, 0x31, 
	0xc6, 0x31, 0xc6, 0x31, 0xc6, 0x31, 0xc6, 0x31, 
	0xc6, 0x31, 0xb5, 0xad, 0xce, 0x73, 0xce, 0x73, 
	0xc6, 0x31, 0xd6, 0xb5, 0xe7, 0x39, 0xd6, 0xb5, 
	0xc6, 0x31, 0xc6, 0x31, 0xe7, 0x39, 0xd6, 0xb5, 
	0xce, 0x73, 0xc6, 0x31, 0xc6, 0x31, 0xb5, 0xad, 
	0xc6, 0x31, 0xc6, 0x31, 0xc6, 0x31, 0xce, 0x73, 
	0xc6, 0x31, 0xce, 0x73, 0xce, 0x73, 0xd6, 0xb5, 
	0xd6, 0xb5, 0xe7, 0x39, 0xce, 0x73, 0x8c, 0x63, 
	0x8c, 0x63, 0x73, 0x9d, 0x8c, 0x63, 0xc6, 0x31, 
	0xb5, 0xad, 0xb5, 0xad, 0xc6, 0x31, 0xce, 0x73, 
	0xc6, 0x31, 0xc6, 0x31, 0xad, 0x6b, 0x94, 0xa5, 
	0x94, 0xa5, 0xc6, 0x31, 0xb5, 0xad, 0xa5, 0x29, 
	0xc6, 0x31, 0xc6, 0x31, 0xa5, 0x29, 0xd6, 0xb5, 
	0xd6, 0xb5, 0xc6, 0x31, 0xce, 0x73, 0xce, 0x73, 
	0xc6, 0x31, 0x94, 0xa5, 0x94, 0xa5, 0xb5, 0xad, 
	0xc6, 0x31, 0xb5, 0xad, 0xce, 0x73, 0xb5, 0xad, 
	0xc6, 0x31, 0xc6, 0x31, 0xc6, 0x31, 0xc6, 0x31, 
	0xb5, 0xad, 0xce, 0x73, 0xce, 0x73, 0xd6, 0xb5, 
	0xce, 0x73, 0xd6, 0xb5, 0xe7, 0x39, 0xd6, 0xb5, 
	0xc6, 0x31, 0xc6, 0x31, 0xe7, 0x39, 0xce, 0x73, 
	0xc6, 0x31, 0xce, 0x73, 0xd6, 0xb5, 0xce, 0x73, 
	0xce, 0x73, 0xce, 0x73, 0xc6, 0x31, 0xc6, 0x31, 
	0xa5, 0x29, 0xad, 0x6b, 0xb5, 0xad, 0xb5, 0xad, 
	0xc6, 0x31, 0xd6, 0xb5, 0xa5, 0x29, 0x8c, 0x63, 
	0x8c, 0x63, 0xa5, 0x29, 0xad, 0x6b, 0xc6, 0x31, 
	0xb5, 0xad, 0xad, 0x6b, 0xce, 0x73, 0xc6, 0x31, 
	0xb5, 0xad, 0xc6, 0x31, 0xad, 0x6b, 0xa5, 0x29, 
	0xc6, 0x31, 0xe7, 0x39, 0xc6, 0x31, 0xb5, 0xad, 
	0xc6, 0x31, 0xb5, 0xad, 0xb5, 0xad, 0xd6, 0xb5, 
	0xe7, 0x39, 0xc6, 0x31, 0xc6, 0x31, 0xce, 0x73, 
	0xce, 0x73, 0xc6, 0x31, 0xb5, 0xad, 0xad, 0x6b, 
	0xa5, 0x29, 0xc6, 0x31, 0xce, 0x73, 0xce, 0x73, 
	0xd6, 0xb5, 0xce, 0x73, 0xb5, 0xad, 0xc6, 0x31, 
	0xce, 0x73, 0xc6, 0x31, 0xb5, 0xad, 0xe7, 0x39, 
	0xd6, 0xb5, 0xc6, 0x31, 0xb5, 0xad, 0xd6, 0xb5, 
	0xb5, 0xad, 0xc6, 0x31, 0xd6, 0xb5, 0xd6, 0xb5, 
	0xc6, 0x31, 0xc6, 0x31, 0xc6, 0x31, 0xb5, 0xad, 
	0xd6, 0xb5, 0xce, 0x73, 0xd6, 0xb5, 0xc6, 0x31, 
	0xa5, 0x29, 0xad, 0x6b, 0xad, 0x6b, 0xad, 0x6b, 
	0xad, 0x6b, 0xa5, 0x29, 0xad, 0x6b, 0xc6, 0x31, 
	0xd6, 0xb5, 0xce, 0x73, 0xc6, 0x31, 0xce, 0x73, 
	0xc6, 0x31, 0xb5, 0xad, 0xd6, 0xb5, 0xc6, 0x31, 
	0xb5, 0xad, 0xc6, 0x31, 0xb5, 0xad, 0xb5, 0xad, 
	0xb5, 0xad, 0xc6, 0x31, 0xb5, 0xad, 0xc6, 0x31, 
	0xb5, 0xad, 0xb5, 0xad, 0xce, 0x73, 0xc6, 0x31, 
	0xce, 0x73, 0xb5, 0xad, 0xd6, 0xb5, 0xce, 0x73, 
	0xc6, 0x31, 0xb5, 0xad, 0xc6, 0x31, 0xc6, 0x31, 
	0xce, 0x73, 0xce, 0x73, 0xd6, 0xb5, 0xd6, 0xb5, 
	0xc6, 0x31, 0xc6, 0x31, 0xc6, 0x31, 0xc6, 0x31, 
	0xc6, 0x31, 0xb5, 0xad, 0xc6, 0x31, 0xce, 0x73, 
	0xce, 0x73, 0xa5, 0x29, 0xb5, 0xad, 0xce, 0x73, 
	0xad, 0x6b, 0xb5, 0xad, 0xce, 0x73, 0xad, 0x6b, 
	0xad, 0x6b, 0xc6, 0x31, 0xb5, 0xad, 0xad, 0x6b, 
	0xc6, 0x31, 0xc6, 0x31, 0xc6, 0x31, 0xb5, 0xad, 
	0xad, 0x6b, 0xce, 0x73, 0xce, 0x73, 0xc6, 0x31, 
	0xb5, 0xad, 0xd6, 0xb5, 0xc6, 0x31, 0xc6, 0x31, 
	0xc6, 0x31, 0xad, 0x6b, 0xa5, 0x29, 0xce, 0x73, 
	0xc6, 0x31, 0xb5, 0xad, 0xc6, 0x31, 0xb5, 0xad, 
	0xb5, 0xad, 0xc6, 0x31, 0xb5, 0xad, 0xc6, 0x31, 
	0xad, 0x6b, 0xb5, 0xad, 0xb5, 0xad, 0x94, 0xa5, 
	0x94, 0xa5, 0xb5, 0xad, 0xad, 0x6b, 0xc6, 0x31, 
	0xb5, 0xad, 0xc6, 0x31, 0xc6, 0x31, 0xc6, 0x31, 
	0xb5, 0xad, 0xb5, 0xad, 0xa5, 0x29, 0xc6, 0x31, 
	0xe7, 0x39, 0xc6, 0x31, 0xb5, 0xad, 0xad, 0x6b, 
	0xc6, 0x31, 0xc6, 0x31, 0xb5, 0xad, 0xb5, 0xad, 
	0xc6, 0x31, 0xc6, 0x31, 0xc6, 0x31, 0xb5, 0xad, 
	0xc6, 0x31, 0xa5, 0x29, 0xc6, 0x31, 0xc6, 0x31, 
	0xc6, 0x31, 0xb5, 0xad, 0xb5, 0xad, 0xa5, 0x29, 
	0xb5, 0xad, 0xc6, 0x31, 0xa5, 0x29, 0xa5, 0x29, 
	0xb5, 0xad, 0xd6, 0xb5, 0xb5, 0xad, 0xa5, 0x29, 
	0xb5, 0xad, 0xb5, 0xad, 0xa5, 0x29, 0xa5, 0x29, 
	0xad, 0x6b, 0xad, 0x6b, 0xb5, 0xad, 0xb5, 0xad, 
	0xce, 0x73, 0xad, 0x6b, 0xa5, 0x29, 0xb5, 0xad, 
	0xc6, 0x31, 0xb5, 0xad, 0xb5, 0xad, 0xd6, 0xb5, 
	0xc6, 0x31, 0xa5, 0x29, 0xc6, 0x31, 0xb5, 0xad, 
	0xa5, 0x29, 0xb5, 0xad, 0xad, 0x6b, 0xa5, 0x29, 
	0xa5, 0x29, 0xa5, 0x29, 0xb5, 0xad, 0xc6, 0x31, 
	0xce, 0x73, 0xce, 0x73, 0xad, 0x6b, 0xc6, 0x31, 
	0xb5, 0xad, 0xa5, 0x29, 0xad, 0x6b, 0xce, 0x73, 
	0xe7, 0x39, 0xce, 0x73, 0xb5, 0xad, 0xc6, 0x31, 
	0xc6, 0x31, 0xb5, 0xad, 0xad, 0x6b, 0xb5, 0xad, 
	0xad, 0x6b, 0xad, 0x6b, 0xc6, 0x31, 0xad, 0x6b, 
	0xc6, 0x31, 0xb5, 0xad, 0xa5, 0x29, 0xad, 0x6b, 
	0xc6, 0x31, 0xb5, 0xad, 0xc6, 0x31, 0xd6, 0xb5, 
	0xad, 0x6b, 0xc6, 0x31, 0xb5, 0xad, 0xb5, 0xad, 
	0xd6, 0xb5, 0xe7, 0x39, 0xb5, 0xad, 0xc6, 0x31, 
	0xb5, 0xad, 0xc6, 0x31, 0xc6, 0x31, 0xb5, 0xad, 
	0xb5, 0xad, 0xa5, 0x29, 0xc6, 0x31, 0xce, 0x73, 
	0xa5, 0x29, 0xa5, 0x29, 0xa5, 0x29, 0xad, 0x6b, 
	0xb5, 0xad, 0xce, 0x73, 0xe7, 0x39, 0xd6, 0xb5, 
	0xd6, 0xb5, 0xb5, 0xad, 0xad, 0x6b, 0xad, 0x6b, 
	0x8c, 0x63, 0xa5, 0x29, 0xb5, 0xad, 0xad, 0x6b, 
	0x94, 0xa5, 0xa5, 0x29, 0xb5, 0xad, 0xc6, 0x31, 
	0xb5, 0xad, 0xad, 0x6b, 0xa5, 0x29, 0xce, 0x73, 
	0xc6, 0x31, 0x94, 0xa5, 0xb5, 0xad, 0xd6, 0xb5, 
	0xc6, 0x31, 0xd6, 0xb5, 0xa5, 0x29, 0xa5, 0x29, 
	0xa5, 0x29, 0xad, 0x6b, 0xb5, 0xad, 0xc6, 0x31, 
	0xb5, 0xad, 0xce, 0x73, 0xc6, 0x31, 0xc6, 0x31, 
	0xd6, 0xb5, 0xd6, 0xb5, 0xb5, 0xad, 0xce, 0x73, 
	0xb5, 0xad, 0xb5, 0xad, 0xd6, 0xb5, 0xce, 0x73, 
	0xb5, 0xad, 0xce, 0x73, 0xce, 0x73, 0xd6, 0xb5, 
	0xce, 0x73, 0xc6, 0x31, 0xce, 0x73, 0xb5, 0xad, 
	0xa5, 0x29, 0xa5, 0x29, 0xad, 0x6b, 0xad, 0x6b, 
	0xad, 0x6b, 0xb5, 0xad, 0xce, 0x73, 0xce, 0x73, 
	0xb5, 0xad, 0xc6, 0x31, 0xa5, 0x29, 0xad, 0x6b, 
	0xc6, 0x31, 0xd6, 0xb5, 0xd6, 0xb5, 0xb5, 0xad, 
	0xce, 0x73, 0xb5, 0xad, 0xa5, 0x29, 0xa5, 0x29, 
	0xa5, 0x29, 0xad, 0x6b, 0xad, 0x6b, 0xb5, 0xad, 
	0xb5, 0xad, 0xa5, 0x29, 0xa5, 0x29, 0xb5, 0xad, 
	0xad, 0x6b, 0xad, 0x6b, 0xc6, 0x31, 0xd6, 0xb5, 
	0xc6, 0x31, 0xb5, 0xad, 0xc6, 0x31, 0xc6, 0x31, 
	0xc6, 0x31, 0xce, 0x73, 0x8c, 0x63, 0x8c, 0x63, 
	0xa5, 0x29, 0xc6, 0x31, 0xc6, 0x31, 0xce, 0x73, 
	0xd6, 0xb5, 0xce, 0x73, 0xc6, 0x31, 0xce, 0x73, 
	0xd6, 0xb5, 0xce, 0x73, 0xc6, 0x31, 0xb5, 0xad, 
	0xa5, 0x29, 0xc6, 0x31, 0xd6, 0xb5, 0xad, 0x6b, 
	0xc6, 0x31, 0xd6, 0xb5, 0xc6, 0x31, 0xb5, 0xad, 
	0xb5, 0xad, 0xce, 0x73, 0xc6, 0x31, 0xa5, 0x29, 
	0x94, 0xa5, 0xa5, 0x29, 0xb5, 0xad, 0xb5, 0xad, 
	0xb5, 0xad, 0xc6, 0x31, 0xce, 0x73, 0x94, 0xa5, 
	0xa5, 0x29, 0xc6, 0x31, 0xa5, 0x29, 0xc6, 0x31, 
	0xc6, 0x31, 0xc6, 0x31, 0xad, 0x6b, 0xb5, 0xad, 
	0xc6, 0x31, 0xc6, 0x31, 0xb5, 0xad, 0xa5, 0x29, 
	0xb5, 0xad, 0xc6, 0x31, 0xa5, 0x29, 0xc6, 0x31, 
	0xad, 0x6b, 0x94, 0xa5, 0xa5, 0x29, 0xa5, 0x29, 
	0xa5, 0x29, 0x94, 0xa5, 0xb5, 0xad, 0xce, 0x73, 
	0xd6, 0xb5, 0xe7, 0x39, 0xc6, 0x31, 0xd6, 0xb5, 
	0xc6, 0x31, 0xd6, 0xb5, 0x84, 0x21, 0x8c, 0x63, 
	0xc6, 0x31, 0xb5, 0xad, 0xb5, 0xad, 0xb5, 0xad, 
	0xb5, 0xad, 0xc6, 0x31, 0xb5, 0xad, 0xad, 0x6b, 
	0xc6, 0x31, 0xc6, 0x31, 0xb5, 0xad, 0x94, 0xa5, 
	0xa5, 0x29, 0xad, 0x6b, 0xb5, 0xad, 0xc6, 0x31, 
	0xc6, 0x31, 0xd6, 0xb5, 0xad, 0x6b, 0xa5, 0x29, 
	0xc6, 0x31, 0xce, 0x73, 0xc6, 0x31, 0xa5, 0x29, 
	0xa5, 0x29, 0xad, 0x6b, 0xb5, 0xad, 0xa5, 0x29, 
	0xc6, 0x31, 0xb5, 0xad, 0x94, 0xa5, 0xa5, 0x29, 
	0xad, 0x6b, 0xa5, 0x29, 0xa5, 0x29, 0x94, 0xa5, 
	0xa5, 0x29, 0xad, 0x6b, 0xb5, 0xad, 0xc6, 0x31, 
	0xad, 0x6b, 0xb5, 0xad, 0xb5, 0xad, 0xb5, 0xad, 
	0xc6, 0x31, 0xc6, 0x31, 0xad, 0x6b, 0xad, 0x6b, 
	0xa5, 0x29, 0x94, 0xa5, 0xb5, 0xad, 0xd6, 0xb5, 
	0xce, 0x73, 0xb5, 0xad, 0xa5, 0x29, 0xb5, 0xad, 
	0xc6, 0x31, 0xe7, 0x39, 0xad, 0x6b, 0xce, 0x73, 
	0xe7, 0x39, 0xce, 0x73, 0x73, 0x9d, 0xa5, 0x29, 
	0xa5, 0x29, 0xa5, 0x29, 0xc6, 0x31, 0xb5, 0xad, 
	0xce, 0x73, 0xce, 0x73, 0xad, 0x6b, 0xad, 0x6b, 
	0xad, 0x6b, 0xa5, 0x29, 0xb5, 0xad, 0xc6, 0x31, 
	0xb5, 0xad, 0xad, 0x6b, 0xc6, 0x31, 0xc6, 0x31, 
	0xd6, 0xb5, 0xc6, 0x31, 0x94, 0xa5, 0xa5, 0x29, 
	0xad, 0x6b, 0xa5, 0x29, 0x94, 0xa5, 0xa5, 0x29, 
	0xa5, 0x29, 0xa5, 0x29, 0xa5, 0x29, 0xa5, 0x29, 
	0xb5, 0xad, 0xb5, 0xad, 0xa5, 0x29, 0xad, 0x6b, 
	0xad, 0x6b, 0xb5, 0xad, 0xc6, 0x31, 0xad, 0x6b, 
	0xb5, 0xad, 0xb5, 0xad, 0xb5, 0xad, 0xc6, 0x31, 
	0xc6, 0x31, 0xb5, 0xad, 0xad, 0x6b, 0xce, 0x73, 
	0xb5, 0xad, 0xb5, 0xad, 0xa5, 0x29, 0x94, 0xa5, 
	0xa5, 0x29, 0xb5, 0xad, 0xd6, 0xb5, 0xc6, 0x31, 
	0xce, 0x73, 0xd6, 0xb5, 0xc6, 0x31, 0xce, 0x73, 
	0xc6, 0x31, 0xd6, 0xb5, 0xb5, 0xad, 0xce, 0x73, 
	0xe7, 0x39, 0xb5, 0xad, 0x84, 0x21, 0xc6, 0x31, 
	0xa5, 0x29, 0xa5, 0x29, 0xce, 0x73, 0xc6, 0x31, 
	0xc6, 0x31, 0xc6, 0x31, 0xad, 0x6b, 0xad, 0x6b, 
	0xa5, 0x29, 0xa5, 0x29, 0xb5, 0xad, 0xce, 0x73, 
	0xb5, 0xad, 0xb5, 0xad, 0xb5, 0xad, 0xb5, 0xad, 
	0xc6, 0x31, 0x94, 0xa5, 0x94, 0xa5, 0xad, 0x6b, 
	0xce, 0x73, 0xb5, 0xad, 0xa5, 0x29, 0xb5, 0xad, 
	0xa5, 0x29, 0xa5, 0x29, 0x94, 0xa5, 0x94, 0xa5, 
	0xa5, 0x29, 0xad, 0x6b, 0xa5, 0x29, 0xad, 0x6b, 
	0xad, 0x6b, 0xb5, 0xad, 0xb5, 0xad, 0xb5, 0xad, 
	0xb5, 0xad, 0x94, 0xa5, 0xc6, 0x31, 0xd6, 0xb5, 
	0xe7, 0x39, 0xce, 0x73, 0xe7, 0x39, 0xce, 0x73, 
	0xb5, 0xad, 0xb5, 0xad, 0xa5, 0x29, 0x94, 0xa5, 
	0xc6, 0x31, 0xce, 0x73, 0xc6, 0x31, 0xa5, 0x29, 
	0xce, 0x73, 0xd6, 0xb5, 0xd6, 0xb5, 0xc6, 0x31, 
	0xc6, 0x31, 0xd6, 0xb5, 0xb5, 0xad, 0xc6, 0x31, 
	0xd6, 0xb5, 0xb5, 0xad, 0xc6, 0x31, 0xce, 0x73, 
	0xa5, 0x29, 0xa5, 0x29, 0xc6, 0x31, 0xc6, 0x31, 
	0xb5, 0xad, 0xb5, 0xad, 0xad, 0x6b, 0xb5, 0xad, 
	0xad, 0x6b, 0xa5, 0x29, 0xb5, 0xad, 0xb5, 0xad, 
	0xa5, 0x29, 0x94, 0xa5, 0xa5, 0x29, 0xad, 0x6b, 
	0xad, 0x6b, 0x8c, 0x63, 0xa5, 0x29, 0xc6, 0x31, 
	0xc6, 0x31, 0xb5, 0xad, 0xb5, 0xad, 0xad, 0x6b, 
	0xa5, 0x29, 0x94, 0xa5, 0x8c, 0x63, 0xa5, 0x29, 
	0xa5, 0x29, 0xb5, 0xad, 0xb5, 0xad, 0xa5, 0x29, 
	0xad, 0x6b, 0xad, 0x6b, 0xa5, 0x29, 0xa5, 0x29, 
	0xb5, 0xad, 0xad, 0x6b, 0xa5, 0x29, 0xc6, 0x31, 
	0xb5, 0xad, 0xe7, 0x39, 0xd6, 0xb5, 0x94, 0xa5, 
	0x94, 0xa5, 0xad, 0x6b, 0xc6, 0x31, 0xb5, 0xad, 
	0xce, 0x73, 0xb5, 0xad, 0xc6, 0x31, 0xc6, 0x31, 
	0xc6, 0x31, 0xd6, 0xb5, 0xd6, 0xb5, 0xd6, 0xb5, 
	0xd6, 0xb5, 0xce, 0x73, 0xa5, 0x29, 0xb5, 0xad, 
	0xe7, 0x39, 0xe7, 0x39, 0xc6, 0x31, 0xad, 0x6b, 
	0xa5, 0x29, 0xc6, 0x31, 0xd6, 0xb5, 0xd6, 0xb5, 
	0xc6, 0x31, 0xc6, 0x31, 0xad, 0x6b, 0xc6, 0x31, 
	0xad, 0x6b, 0x94, 0xa5, 0xad, 0x6b, 0xb5, 0xad, 
	0xad, 0x6b, 0xa5, 0x29, 0xad, 0x6b, 0xad, 0x6b, 
	0xad, 0x6b, 0xad, 0x6b, 0xb5, 0xad, 0xad, 0x6b, 
	0xb5, 0xad, 0xb5, 0xad, 0xa5, 0x29, 0xad, 0x6b, 
	0xa5, 0x29, 0x94, 0xa5, 0xad, 0x6b, 0xa5, 0x29, 
	0x94, 0xa5, 0xad, 0x6b, 0xad, 0x6b, 0x94, 0xa5, 
	0xb5, 0xad, 0xb5, 0xad, 0xa5, 0x29, 0xb5, 0xad, 
	0xad, 0x6b, 0xb5, 0xad, 0xa5, 0x29, 0xad, 0x6b, 
	0xc6, 0x31, 0xce, 0x73, 0x94, 0xa5, 0x8c, 0x63, 
	0xa5, 0x29, 0xc6, 0x31, 0xce, 0x73, 0xad, 0x6b, 
	0xce, 0x73, 0xc6, 0x31, 0xce, 0x73, 0xd6, 0xb5, 
	0xe7, 0x39, 0xd6, 0xb5, 0xb5, 0xad, 0xd6, 0xb5, 
	0x8c, 0x63, 0x73, 0x9d, 0x6b, 0x5b, 0x6b, 0x5b, 
	0x6b, 0x5b, 0x73, 0x9d, 0x73, 0x9d, 0x73, 0x9d, 
	0x6b, 0x5b, 0x52, 0x95, 0x52, 0x95, 0x63, 0x19, 
	0x6b, 0x5b, 0x6b, 0x5b, 0x6b, 0x5b, 0x6b, 0x5b, 
	0x6b, 0x5b, 0x6b, 0x5b, 0x73, 0x9d, 0x84, 0x21, 
	0x84, 0x21, 0x84, 0x21, 0x63, 0x19, 0x73, 0x9d, 
	0x73, 0x9d, 0x63, 0x19, 0x6b, 0x5b, 0x73, 0x9d, 
	0x73, 0x9d, 0x73, 0x9d, 0x73, 0x9d, 0x73, 0x9d, 
	0x84, 0x21, 0x73, 0x9d, 0x73, 0x9d, 0x6b, 0x5b, 
	0x6b, 0x5b, 0x6b, 0x5b, 0x63, 0x19, 0x73, 0x9d, 
	0x84, 0x21, 0x84, 0x21, 0x84, 0x21, 0x8c, 0x63, 
	0x94, 0xa5, 0xa5, 0x29, 0xa5, 0x29, 0x8c, 0x63, 
	0x73, 0x9d, 0x73, 0x9d, 0x73, 0x9d, 0x84, 0x21, 
	0x84, 0x21, 0x84, 0x21, 0x8c, 0x63, 0x94, 0xa5, 
	0x94, 0xa5, 0x8c, 0x63, 0x73, 0x9d, 0x84, 0x21, 
	0x94, 0xa5, 0x94, 0xa5, 0x84, 0x21, 0x73, 0x9d, 
	0xd6, 0xb5, 0xd6, 0xb5, 0xc6, 0x31, 0xad, 0x6b, 
	0xad, 0x6b, 0xa5, 0x29, 0xa5, 0x29, 0x94, 0xa5, 
	0x73, 0x9d, 0x63, 0x19, 0x63, 0x19, 0x6b, 0x5b, 
	0x73, 0x9d, 0x73, 0x9d, 0x73, 0x9d, 0x84, 0x21, 
	0x94, 0xa5, 0x94, 0xa5, 0x94, 0xa5, 0x8c, 0x63, 
	0x84, 0x21, 0x8c, 0x63, 0x8c, 0x63, 0x94, 0xa5, 
	0x94, 0xa5, 0x94, 0xa5, 0xa5, 0x29, 0x94, 0xa5, 
	0x94, 0xa5, 0x8c, 0x63, 0x84, 0x21, 0x84, 0x21, 
	0x94, 0xa5, 0x94, 0xa5, 0x94, 0xa5, 0x8c, 0x63, 
	0x84, 0x21, 0x84, 0x21, 0x84, 0x21, 0x84, 0x21, 
	0x8c, 0x63, 0x8c, 0x63, 0x73, 0x9d, 0x94, 0xa5, 
	0xb5, 0xad, 0xce, 0x73, 0xd6, 0xb5, 0xd6, 0xb5, 
	0xe7, 0x39, 0xe7, 0x39, 0xd6, 0xb5, 0xce, 0x73, 
	0xc6, 0x31, 0xc6, 0x31, 0xd6, 0xb5, 0xe7, 0x39, 
	0xd6, 0xb5, 0xd6, 0xb5, 0xd6, 0xb5, 0xd6, 0xb5, 
	0xce, 0x73, 0xce, 0x73, 0xd6, 0xb5, 0xd6, 0xb5, 
	0xe7, 0x39, 0xe7, 0x39, 0xd6, 0xb5, 0xd6, 0xb5, 
	0xce, 0x73, 0xc6, 0x31, 0xb5, 0xad, 0xa5, 0x29, 
	0x94, 0xa5, 0x8c, 0x63, 0x8c, 0x63, 0x94, 0xa5, 
	0xb5, 0xad, 0xc6, 0x31, 0xce, 0x73, 0xce, 0x73, 
	0xce, 0x73, 0xce, 0x73, 0xc6, 0x31, 0xc6, 0x31, 
	0xb5, 0xad, 0xc6, 0x31, 0xce, 0x73, 0xce, 0x73, 
	0xce, 0x73, 0xb5, 0xad, 0xb5, 0xad, 0xb5, 0xad, 
	0xc6, 0x31, 0xc6, 0x31, 0xc6, 0x31, 0xc6, 0x31, 
	0xce, 0x73, 0xd6, 0xb5, 0xce, 0x73, 0xb5, 0xad, 
	0xad, 0x6b, 0xb5, 0xad, 0xc6, 0x31, 0xc6, 0x31, 
	0xc6, 0x31, 0xb5, 0xad, 0xad, 0x6b, 0xc6, 0x31, 
	0xe7, 0x39, 0xe7, 0x39, 0xe7, 0x39, 0xe7, 0x39, 
	0xe7, 0x39, 0xe7, 0x39, 0xe7, 0x39, 0xe7, 0x39, 
	0xe7, 0x39, 0xe7, 0x39, 0xe7, 0x39, 0xe7, 0x39, 
	0xe7, 0x39, 0xe7, 0x39, 0xe7, 0x39, 0xe7, 0x39, 
	0xe7, 0x39, 0xe7, 0x39, 0xe7, 0x39, 0xe7, 0x39, 
	0xe7, 0x39, 0xd6, 0xb5, 0xce, 0x73, 0xd6, 0xb5, 
	0xce, 0x73, 0xc6, 0x31, 0xb5, 0xad, 0xad, 0x6b, 
	0x94, 0xa5, 0x84, 0x21, 0x73, 0x9d, 0x94, 0xa5, 
	0xc6, 0x31, 0xd6, 0xb5, 0xe7, 0x39, 0xe7, 0x39, 
	0xe7, 0x39, 0xe7, 0x39, 0xe7, 0x39, 0xe7, 0x39, 
	0xe7, 0x39, 0xe7, 0x39, 0xe7, 0x39, 0xe7, 0x39, 
	0xe7, 0x39, 0xce, 0x73, 0xce, 0x73, 0xce, 0x73, 
	0xd6, 0xb5, 0xe7, 0x39, 0xe7, 0x39, 0xe7, 0x39, 
	0xe7, 0x39, 0xe7, 0x39, 0xe7, 0x39, 0xc6, 0x31, 
	0xc6, 0x31, 0xd6, 0xb5, 0xe7, 0x39, 0xe7, 0x39, 
	0xd6, 0xb5, 0xb5, 0xad, 0xce, 0x73, 0xe7, 0x39, 
	0xe7, 0x39, 0xe7, 0x39, 0xe7, 0x39, 0xe7, 0x39, 
	0xe7, 0x39, 0xe7, 0x39, 0xe7, 0x39, 0xe7, 0x39, 
	0xe7, 0x39, 0xe7, 0x39, 0xe7, 0x39, 0xe7, 0x39, 
	0xe7, 0x39, 0xe7, 0x39, 0xe7, 0x39, 0xe7, 0x39, 
	0xe7, 0x39, 0xe7, 0x39, 0xe7, 0x39, 0xe7, 0x39, 
	0xe7, 0x39, 0xe7, 0x39, 0xe7, 0x39, 0xe7, 0x39, 
	0xe7, 0x39, 0xe7, 0x39, 0xe7, 0x39, 0xd6, 0xb5, 
	0xad, 0x6b, 0x84, 0x21, 0x94, 0xa5, 0xc6, 0x31, 
	0xce, 0x73, 0xd6, 0xb5, 0xe7, 0x39, 0xd6, 0xb5, 
	0xe7, 0x39, 0xe7, 0x39, 0xd6, 0xb5, 0xd6, 0xb5, 
	0xe7, 0x39, 0xd6, 0xb5, 0xd6, 0xb5, 0xd6, 0xb5, 
	0xd6, 0xb5, 0xe7, 0x39, 0xe7, 0x39, 0xe7, 0x39, 
	0xd6, 0xb5, 0xd6, 0xb5, 0xd6, 0xb5, 0xd6, 0xb5, 
	0xe7, 0x39, 0xe7, 0x39, 0xe7, 0x39, 0xe7, 0x39, 
	0xd6, 0xb5, 0xd6, 0xb5, 0xd6, 0xb5, 0xd6, 0xb5, 
	0xce, 0x73, 0xad, 0x6b, 0xc6, 0x31, 0xe7, 0x39, 
	0xe7, 0x39, 0xe7, 0x39, 0xe7, 0x39, 0xe7, 0x39, 
	0xe7, 0x39, 0xe7, 0x39, 0xe7, 0x39, 0xd6, 0xb5, 
	0xd6, 0xb5, 0xd6, 0xb5, 0xd6, 0xb5, 0xd6, 0xb5, 
	0xe7, 0x39, 0xe7, 0x39, 0xe7, 0x39, 0xd6, 0xb5, 
	0xce, 0x73, 0xd6, 0xb5, 0xe7, 0x39, 0xe7, 0x39, 
	0xd6, 0xb5, 0xd6, 0xb5, 0xd6, 0xb5, 0xe7, 0x39, 
	0xe7, 0x39, 0xe7, 0x39, 0xe7, 0x39, 0xce, 0x73, 
	0xa5, 0x29, 0x73, 0x9d, 0x8c, 0x63, 0xb5, 0xad, 
	0xb5, 0xad, 0xb5, 0xad, 0xce, 0x73, 0xd6, 0xb5, 
	0xe7, 0x39, 0xe7, 0x39, 0xe7, 0x39, 0xe7, 0x39, 
	0xe7, 0x39, 0xe7, 0x39, 0xce, 0x73, 0xd6, 0xb5, 
	0xe7, 0x39, 0xd6, 0xb5, 0xd6, 0xb5, 0xd6, 0xb5, 
	0xce, 0x73, 0xce, 0x73, 0xce, 0x73, 0xce, 0x73, 
	0xce, 0x73, 0xd6, 0xb5, 0xd6, 0xb5, 0xd6, 0xb5, 
	0xd6, 0xb5, 0xce, 0x73, 0xce, 0x73, 0xce, 0x73, 
	0xce, 0x73, 0xad, 0x6b, 0xb5, 0xad, 0xce, 0x73, 
	0xe7, 0x39, 0xe7, 0x39, 0xe7, 0x39, 0xe7, 0x39, 
	0xe7, 0x39, 0xe7, 0x39, 0xe7, 0x39, 0xd6, 0xb5, 
	0xce, 0x73, 0xc6, 0x31, 0xc6, 0x31, 0xd6, 0xb5, 
	0xe7, 0x39, 0xe7, 0x39, 0xe7, 0x39, 0xd6, 0xb5, 
	0xd6, 0xb5, 0xd6, 0xb5, 0xe7, 0x39, 0xe7, 0x39, 
	0xad, 0x6b, 0x94, 0xa5, 0x94, 0xa5, 0xc6, 0x31, 
	0xc6, 0x31, 0xc6, 0x31, 0xc6, 0x31, 0xb5, 0xad, 
	0x8c, 0x63, 0x63, 0x19, 0x84, 0x21, 0xad, 0x6b, 
	0xb5, 0xad, 0xb5, 0xad, 0xce, 0x73, 0xe7, 0x39, 
	0xe7, 0x39, 0xd6, 0xb5, 0xd6, 0xb5, 0xd6, 0xb5, 
	0xd6, 0xb5, 0xd6, 0xb5, 0xce, 0x73, 0xd6, 0xb5, 
	0xce, 0x73, 0xc6, 0x31, 0xc6, 0x31, 0xc6, 0x31, 
	0xc6, 0x31, 0xc6, 0x31, 0xce, 0x73, 0xd6, 0xb5, 
	0xc6, 0x31, 0xb5, 0xad, 0xc6, 0x31, 0xc6, 0x31, 
	0xd6, 0xb5, 0xe7, 0x39, 0xe7, 0x39, 0xe7, 0x39, 
	0xe7, 0x39, 0xad, 0x6b, 0xc6, 0x31, 0xd6, 0xb5, 
	0xd6, 0xb5, 0xe7, 0x39, 0xe7, 0x39, 0xe7, 0x39, 
	0xd6, 0xb5, 0xd6, 0xb5, 0xe7, 0x39, 0xe7, 0x39, 
	0xe7, 0x39, 0xd6, 0xb5, 0xd6, 0xb5, 0xd6, 0xb5, 
	0xce, 0x73, 0xce, 0x73, 0xd6, 0xb5, 0xc6, 0x31, 
	0xc6, 0x31, 0xad, 0x6b, 0xad, 0x6b, 0xc6, 0x31, 
	0x8c, 0x63, 0x73, 0x9d, 0xa5, 0x29, 0xce, 0x73, 
	0xb5, 0xad, 0xb5, 0xad, 0xc6, 0x31, 0xb5, 0xad, 
	0x8c, 0x63, 0x63, 0x19, 0x84, 0x21, 0xb5, 0xad, 
	0xc6, 0x31, 0xb5, 0xad, 0xc6, 0x31, 0xb5, 0xad, 
	0xc6, 0x31, 0xc6, 0x31, 0xce, 0x73, 0xce, 0x73, 
	0xd6, 0xb5, 0xe7, 0x39, 0xce, 0x73, 0xc6, 0x31, 
	0xc6, 0x31, 0xb5, 0xad, 0xa5, 0x29, 0xa5, 0x29, 
	0xad, 0x6b, 0xad, 0x6b, 0xad, 0x6b, 0xad, 0x6b, 
	0xad, 0x6b, 0xa5, 0x29, 0xa5, 0x29, 0xad, 0x6b, 
	0xce, 0x73, 0xe7, 0x39, 0xe7, 0x39, 0xe7, 0x39, 
	0xe7, 0x39, 0xa5, 0x29, 0xad, 0x6b, 0xce, 0x73, 
	0xb5, 0xad, 0xc6, 0x31, 0xc6, 0x31, 0xc6, 0x31, 
	0xce, 0x73, 0xd6, 0xb5, 0xd6, 0xb5, 0xce, 0x73, 
	0xc6, 0x31, 0xc6, 0x31, 0xc6, 0x31, 0xce, 0x73, 
	0xce, 0x73, 0xce, 0x73, 0xce, 0x73, 0xb5, 0xad, 
	0xad, 0x6b, 0xa5, 0x29, 0xa5, 0x29, 0xad, 0x6b, 
	0x94, 0xa5, 0x73, 0x9d, 0xad, 0x6b, 0xce, 0x73, 
	0xc6, 0x31, 0xb5, 0xad, 0xb5, 0xad, 0xc6, 0x31, 
	0xa5, 0x29, 0x73, 0x9d, 0x8c, 0x63, 0xb5, 0xad, 
	0xb5, 0xad, 0xad, 0x6b, 0xb5, 0xad, 0xb5, 0xad, 
	0xd6, 0xb5, 0xe7, 0x39, 0xe7, 0x39, 0xd6, 0xb5, 
	0xd6, 0xb5, 0xd6, 0xb5, 0xad, 0x6b, 0xb5, 0xad, 
	0xc6, 0x31, 0xb5, 0xad, 0xa5, 0x29, 0xad, 0x6b, 
	0xb5, 0xad, 0xb5, 0xad, 0xb5, 0xad, 0xa5, 0x29, 
	0x8c, 0x63, 0x94, 0xa5, 0xa5, 0x29, 0xad, 0x6b, 
	0xb5, 0xad, 0xb5, 0xad, 0xd6, 0xb5, 0xd6, 0xb5, 
	0xb5, 0xad, 0x94, 0xa5, 0xa5, 0x29, 0xb5, 0xad, 
	0x84, 0x21, 0x8c, 0x63, 0x94, 0xa5, 0xa5, 0x29, 
	0xad, 0x6b, 0xc6, 0x31, 0xd6, 0xb5, 0xd6, 0xb5, 
	0xce, 0x73, 0xc6, 0x31, 0xb5, 0xad, 0xc6, 0x31, 
	0xc6, 0x31, 0xce, 0x73, 0xb5, 0xad, 0x94, 0xa5, 
	0x8c, 0x63, 0x84, 0x21, 0x84, 0x21, 0x84, 0x21, 
	0xad, 0x6b, 0xad, 0x6b, 0xb5, 0xad, 0xc6, 0x31, 
	0xc6, 0x31, 0xb5, 0xad, 0xb5, 0xad, 0xb5, 0xad, 
	0x94, 0xa5, 0x6b, 0x5b, 0x73, 0x9d, 0x8c, 0x63, 
	0x8c, 0x63, 0x94, 0xa5, 0xa5, 0x29, 0xad, 0x6b, 
	0xce, 0x73, 0xe7, 0x39, 0xe7, 0x39, 0xe7, 0x39, 
	0xe7, 0x39, 0xe7, 0x39, 0xa5, 0x29, 0xb5, 0xad, 
	0xb5, 0xad, 0xce, 0x73, 0xb5, 0xad, 0x94, 0xa5, 
	0x94, 0xa5, 0x94, 0xa5, 0xa5, 0x29, 0x94, 0xa5, 
	0x94, 0xa5, 0xa5, 0x29, 0xc6, 0x31, 0xc6, 0x31, 
	0xb5, 0xad, 0xb5, 0xad, 0xc6, 0x31, 0xb5, 0xad, 
	0x94, 0xa5, 0x84, 0x21, 0x8c, 0x63, 0xa5, 0x29, 
	0x73, 0x9d, 0x84, 0x21, 0x84, 0x21, 0x8c, 0x63, 
	0x94, 0xa5, 0xb5, 0xad, 0xc6, 0x31, 0xc6, 0x31, 
	0xb5, 0xad, 0xb5, 0xad, 0xc6, 0x31, 0xce, 0x73, 
	0xc6, 0x31, 0xad, 0x6b, 0xa5, 0x29, 0x94, 0xa5, 
	0xa5, 0x29, 0x94, 0xa5, 0x94, 0xa5, 0x94, 0xa5, 
	0xad, 0x6b, 0xb5, 0xad, 0xa5, 0x29, 0xb5, 0xad, 
	0xb5, 0xad, 0xb5, 0xad, 0xb5, 0xad, 0x94, 0xa5, 
	0x73, 0x9d, 0x63, 0x19, 0x6b, 0x5b, 0x73, 0x9d, 
	0x73, 0x9d, 0x8c, 0x63, 0x94, 0xa5, 0x94, 0xa5, 
	0xb5, 0xad, 0xc6, 0x31, 0xd6, 0xb5, 0xd6, 0xb5, 
	0xe7, 0x39, 0xe7, 0x39, 0xd6, 0xb5, 0xc6, 0x31, 
	0xad, 0x6b, 0xb5, 0xad, 0xb5, 0xad, 0xce, 0x73, 
	0xce, 0x73, 0xb5, 0xad, 0xb5, 0xad, 0xb5, 0xad, 
	0xad, 0x6b, 0xad, 0x6b, 0xc6, 0x31, 0xb5, 0xad, 
	0xa5, 0x29, 0xb5, 0xad, 0xc6, 0x31, 0xa5, 0x29, 
	0x6b, 0x5b, 0x73, 0x9d, 0x84, 0x21, 0xa5, 0x29, 
	0x84, 0x21, 0x8c, 0x63, 0x94, 0xa5, 0x94, 0xa5, 
	0xa5, 0x29, 0xad, 0x6b, 0xad, 0x6b, 0xa5, 0x29, 
	0x94, 0xa5, 0xad, 0x6b, 0xb5, 0xad, 0xb5, 0xad, 
	0xb5, 0xad, 0x94, 0xa5, 0x84, 0x21, 0x8c, 0x63, 
	0x94, 0xa5, 0x94, 0xa5, 0xa5, 0x29, 0xad, 0x6b, 
	0xad, 0x6b, 0xad, 0x6b, 0xad, 0x6b, 0xb5, 0xad, 
	0xb5, 0xad, 0xa5, 0x29, 0x94, 0xa5, 0x8c, 0x63, 
	0x84, 0x21, 0x73, 0x9d, 0x84, 0x21, 0x73, 0x9d, 
	0x73, 0x9d, 0x8c, 0x63, 0x94, 0xa5, 0x84, 0x21, 
	0x94, 0xa5, 0xa5, 0x29, 0xc6, 0x31, 0xb5, 0xad, 
	0xc6, 0x31, 0xc6, 0x31, 0xb5, 0xad, 0xad, 0x6b, 
	0xad, 0x6b, 0xc6, 0x31, 0xc6, 0x31, 0xd6, 0xb5, 
	0xd6, 0xb5, 0xb5, 0xad, 0xad, 0x6b, 0xb5, 0xad, 
	0xc6, 0x31, 0xb5, 0xad, 0xad, 0x6b, 0x94, 0xa5, 
	0x94, 0xa5, 0xad, 0x6b, 0xb5, 0xad, 0x84, 0x21, 
	0x6b, 0x5b, 0x6b, 0x5b, 0x84, 0x21, 0xa5, 0x29, 
	0x94, 0xa5, 0x8c, 0x63, 0xa5, 0x29, 0xb5, 0xad, 
	0xb5, 0xad, 0xb5, 0xad, 0xb5, 0xad, 0xad, 0x6b, 
	0xad, 0x6b, 0xa5, 0x29, 0xa5, 0x29, 0x94, 0xa5, 
	0x8c, 0x63, 0x8c, 0x63, 0x84, 0x21, 0x8c, 0x63, 
	0x8c, 0x63, 0x84, 0x21, 0x8c, 0x63, 0x8c, 0x63, 
	0x94, 0xa5, 0x94, 0xa5, 0x94, 0xa5, 0xad, 0x6b, 
	0xb5, 0xad, 0x94, 0xa5, 0x84, 0x21, 0x8c, 0x63, 
	0x73, 0x9d, 0x63, 0x19, 0x6b, 0x5b, 0x6b, 0x5b, 
	0x84, 0x21, 0xa5, 0x29, 0x94, 0xa5, 0x84, 0x21, 
	0x94, 0xa5, 0x94, 0xa5, 0xb5, 0xad, 0xb5, 0xad, 
	0x94, 0xa5, 0x94, 0xa5, 0xa5, 0x29, 0x8c, 0x63, 
	0x8c, 0x63, 0x94, 0xa5, 0x94, 0xa5, 0x8c, 0x63, 
	0x8c, 0x63, 0x8c, 0x63, 0x8c, 0x63, 0x94, 0xa5, 
	0xa5, 0x29, 0x94, 0xa5, 0x94, 0xa5, 0x8c, 0x63, 
	0x84, 0x21, 0x8c, 0x63, 0x94, 0xa5, 0x84, 0x21, 
	0x6b, 0x5b, 0x73, 0x9d, 0x94, 0xa5, 0xa5, 0x29, 
	0xad, 0x6b, 0xad, 0x6b, 0xa5, 0x29, 0xb5, 0xad, 
	0xb5, 0xad, 0xa5, 0x29, 0xa5, 0x29, 0xa5, 0x29, 
	0x8c, 0x63, 0x94, 0xa5, 0xa5, 0x29, 0xa5, 0x29, 
	0x94, 0xa5, 0xa5, 0x29, 0xa5, 0x29, 0xa5, 0x29, 
	0xa5, 0x29, 0x8c, 0x63, 0x8c, 0x63, 0x8c, 0x63, 
	0x6b, 0x5b, 0x6b, 0x5b, 0x73, 0x9d, 0x84, 0x21, 
	0x84, 0x21, 0x84, 0x21, 0x84, 0x21, 0x94, 0xa5, 
	0x73, 0x9d, 0x63, 0x19, 0x84, 0x21, 0x84, 0x21, 
	0x84, 0x21, 0x84, 0x21, 0x84, 0x21, 0x6b, 0x5b, 
	0x63, 0x19, 0x63, 0x19, 0x73, 0x9d, 0x73, 0x9d, 
	0x73, 0x9d, 0x63, 0x19, 0x84, 0x21, 0x63, 0x19, 
	0x6b, 0x5b, 0x84, 0x21, 0x73, 0x9d, 0x73, 0x9d, 
	0x84, 0x21, 0x84, 0x21, 0x94, 0xa5, 0x94, 0xa5, 
	0x84, 0x21, 0x73, 0x9d, 0x6b, 0x5b, 0x73, 0x9d, 
	0x73, 0x9d, 0x73, 0x9d, 0x73, 0x9d, 0x63, 0x19, 
	0x52, 0x95, 0x52, 0x95, 0x52, 0x95, 0x73, 0x9d, 
	0x94, 0xa5, 0x94, 0xa5, 0x73, 0x9d, 0x63, 0x19, 
	0x63, 0x19, 0x63, 0x19, 0x6b, 0x5b, 0x6b, 0x5b, 
	0x52, 0x95, 0x52, 0x95, 0x73, 0x9d, 0x84, 0x21, 
	0x8c, 0x63, 0x8c, 0x63, 0x84, 0x21, 0x84, 0x21, 
	0x84, 0x21, 0x6b, 0x5b, 0x63, 0x19, 0x52, 0x95, 
	0x52, 0x95, 0x6b, 0x5b, 0x73, 0x9d, 0x94, 0xa5, 
	0x84, 0x21, 0x6b, 0x5b, 0x73, 0x9d, 0x8c, 0x63, 
	0x8c, 0x63, 0x8c, 0x63, 0x8c, 0x63, 0x8c, 0x63, 
	0x84, 0x21, 0x84, 0x21, 0x8c, 0x63, 0x8c, 0x63, 
	0x94, 0xa5, 0x94, 0xa5, 0x8c, 0x63, 0x8c, 0x63, 
	0x8c, 0x63, 0x8c, 0x63, 0x8c, 0x63, 0x73, 0x9d, 
	0x73, 0x9d, 0x84, 0x21, 0x84, 0x21, 0x84, 0x21, 
	0x73, 0x9d, 0x8c, 0x63, 0x8c, 0x63, 0x84, 0x21, 
	0x84, 0x21, 0x6b, 0x5b, 0x73, 0x9d, 0x84, 0x21, 
	0x84, 0x21, 0x73, 0x9d, 0x6b, 0x5b, 0x6b, 0x5b, 
	0x52, 0x95, 0x52, 0x95, 0x52, 0x95, 0x63, 0x19, 
	0x73, 0x9d, 0x73, 0x9d, 0x63, 0x19, 0x52, 0x95, 
	0x52, 0x95, 0x52, 0x95, 0x52, 0x95, 0x52, 0x95, 
	0x52, 0x95, 0x52, 0x95, 0x73, 0x9d, 0x73, 0x9d, 
	0x63, 0x19, 0x6b, 0x5b, 0x84, 0x21, 0x84, 0x21, 
	0x8c, 0x63, 0x73, 0x9d, 0x8c, 0x63, 0x52, 0x95, 
	
};

Gfx hyrule_dl_way_side_rgba16_aligner[] = {gsSPEndDisplayList()};
u8 hyrule_dl_way_side_rgba16[] = {
	0x63, 0x19, 0x6b, 0x5b, 0x84, 0x21, 0xad, 0x6b, 
	0xce, 0x73, 0xc6, 0x31, 0xa5, 0x29, 0x94, 0xa5, 
	0x94, 0xa5, 0xb5, 0xad, 0xe7, 0x39, 0xe7, 0x39, 
	0xc6, 0x31, 0xe7, 0x39, 0xc6, 0x31, 0x84, 0x21, 
	0xd6, 0xb5, 0xce, 0x73, 0xc6, 0x31, 0xc6, 0x31, 
	0xce, 0x73, 0xd6, 0xb5, 0xb5, 0xad, 0xa5, 0x29, 
	0xc6, 0x31, 0xd6, 0xb5, 0xce, 0x73, 0xc6, 0x31, 
	0xce, 0x73, 0xc6, 0x31, 0xad, 0x6b, 0xc6, 0x31, 
	0xd6, 0xb5, 0xb5, 0xad, 0xce, 0x73, 0xa5, 0x29, 
	0x8c, 0x63, 0x8c, 0x63, 0xd6, 0xb5, 0xce, 0x73, 
	0xce, 0x73, 0xa5, 0x29, 0xb5, 0xad, 0xa5, 0x29, 
	0xad, 0x6b, 0xad, 0x6b, 0xad, 0x6b, 0xad, 0x6b, 
	0xad, 0x6b, 0x73, 0x9d, 0x84, 0x21, 0xc6, 0x31, 
	0xe7, 0x39, 0xd6, 0xb5, 0xce, 0x73, 0xd6, 0xb5, 
	0xc6, 0x31, 0xc6, 0x31, 0xb5, 0xad, 0xad, 0x6b, 
	0xad, 0x6b, 0x8c, 0x63, 0x6b, 0x5b, 0x73, 0x9d, 
	0x63, 0x19, 0x6b, 0x5b, 0x84, 0x21, 0xb5, 0xad, 
	0xe7, 0x39, 0xc6, 0x31, 0x94, 0xa5, 0x8c, 0x63, 
	0x94, 0xa5, 0xc6, 0x31, 0xe7, 0x39, 0xe7, 0x39, 
	0xe7, 0x39, 0xe7, 0x39, 0xc6, 0x31, 0x84, 0x21, 
	0xe7, 0x39, 0xe7, 0x39, 0xd6, 0xb5, 0xd6, 0xb5, 
	0xc6, 0x31, 0xd6, 0xb5, 0xce, 0x73, 0xc6, 0x31, 
	0xce, 0x73, 0xc6, 0x31, 0xb5, 0xad, 0xc6, 0x31, 
	0xce, 0x73, 0xce, 0x73, 0xce, 0x73, 0xd6, 0xb5, 
	0xd6, 0xb5, 0xd6, 0xb5, 0xe7, 0x39, 0xb5, 0xad, 
	0x73, 0x9d, 0x94, 0xa5, 0xd6, 0xb5, 0xad, 0x6b, 
	0xad, 0x6b, 0x94, 0xa5, 0xc6, 0x31, 0xc6, 0x31, 
	0x94, 0xa5, 0xb5, 0xad, 0xb5, 0xad, 0xad, 0x6b, 
	0xa5, 0x29, 0x73, 0x9d, 0x84, 0x21, 0xc6, 0x31, 
	0xe7, 0x39, 0xd6, 0xb5, 0xce, 0x73, 0xce, 0x73, 
	0xb5, 0xad, 0xb5, 0xad, 0xce, 0x73, 0xb5, 0xad, 
	0xc6, 0x31, 0x94, 0xa5, 0x84, 0x21, 0x84, 0x21, 
	0x6b, 0x5b, 0x6b, 0x5b, 0x84, 0x21, 0xc6, 0x31, 
	0xe7, 0x39, 0xc6, 0x31, 0x94, 0xa5, 0x8c, 0x63, 
	0x94, 0xa5, 0xc6, 0x31, 0xe7, 0x39, 0xe7, 0x39, 
	0xc6, 0x31, 0xe7, 0x39, 0xc6, 0x31, 0x8c, 0x63, 
	0xd6, 0xb5, 0xd6, 0xb5, 0xd6, 0xb5, 0xc6, 0x31, 
	0xad, 0x6b, 0xd6, 0xb5, 0xd6, 0xb5, 0xce, 0x73, 
	0xc6, 0x31, 0xb5, 0xad, 0xa5, 0x29, 0xc6, 0x31, 
	0xce, 0x73, 0xc6, 0x31, 0xd6, 0xb5, 0xe7, 0x39, 
	0xd6, 0xb5, 0xd6, 0xb5, 0xce, 0x73, 0xad, 0x6b, 
	0x8c, 0x63, 0xad, 0x6b, 0xc6, 0x31, 0xa5, 0x29, 
	0xa5, 0x29, 0xa5, 0x29, 0xa5, 0x29, 0xa5, 0x29, 
	0xa5, 0x29, 0xc6, 0x31, 0xb5, 0xad, 0x94, 0xa5, 
	0xb5, 0xad, 0x73, 0x9d, 0x8c, 0x63, 0xc6, 0x31, 
	0xe7, 0x39, 0xd6, 0xb5, 0xce, 0x73, 0xc6, 0x31, 
	0xa5, 0x29, 0xa5, 0x29, 0xb5, 0xad, 0xb5, 0xad, 
	0xc6, 0x31, 0x94, 0xa5, 0x73, 0x9d, 0x84, 0x21, 
	0x6b, 0x5b, 0x6b, 0x5b, 0x84, 0x21, 0xc6, 0x31, 
	0xd6, 0xb5, 0xb5, 0xad, 0xa5, 0x29, 0x94, 0xa5, 
	0x94, 0xa5, 0xce, 0x73, 0xe7, 0x39, 0xd6, 0xb5, 
	0xe7, 0x39, 0xd6, 0xb5, 0xc6, 0x31, 0x94, 0xa5, 
	0xc6, 0x31, 0xce, 0x73, 0xd6, 0xb5, 0xce, 0x73, 
	0xc6, 0x31, 0xd6, 0xb5, 0xd6, 0xb5, 0xc6, 0x31, 
	0xc6, 0x31, 0xb5, 0xad, 0xad, 0x6b, 0xce, 0x73, 
	0xe7, 0x39, 0xe7, 0x39, 0xd6, 0xb5, 0xd6, 0xb5, 
	0xce, 0x73, 0xce, 0x73, 0xc6, 0x31, 0xd6, 0xb5, 
	0xc6, 0x31, 0xc6, 0x31, 0xce, 0x73, 0xce, 0x73, 
	0xb5, 0xad, 0xad, 0x6b, 0xad, 0x6b, 0xc6, 0x31, 
	0x94, 0xa5, 0xad, 0x6b, 0xad, 0x6b, 0xa5, 0x29, 
	0xb5, 0xad, 0x73, 0x9d, 0x94, 0xa5, 0xc6, 0x31, 
	0xd6, 0xb5, 0xd6, 0xb5, 0xce, 0x73, 0xc6, 0x31, 
	0xa5, 0x29, 0xad, 0x6b, 0x94, 0xa5, 0xce, 0x73, 
	0xd6, 0xb5, 0x8c, 0x63, 0x73, 0x9d, 0x84, 0x21, 
	0x6b, 0x5b, 0x73, 0x9d, 0x84, 0x21, 0xc6, 0x31, 
	0xce, 0x73, 0xad, 0x6b, 0xad, 0x6b, 0x94, 0xa5, 
	0x94, 0xa5, 0xce, 0x73, 0xe7, 0x39, 0xce, 0x73, 
	0xe7, 0x39, 0xe7, 0x39, 0xb5, 0xad, 0x94, 0xa5, 
	0xb5, 0xad, 0xd6, 0xb5, 0xd6, 0xb5, 0xce, 0x73, 
	0xd6, 0xb5, 0xc6, 0x31, 0xc6, 0x31, 0xb5, 0xad, 
	0xd6, 0xb5, 0xd6, 0xb5, 0xc6, 0x31, 0xce, 0x73, 
	0xe7, 0x39, 0xd6, 0xb5, 0xb5, 0xad, 0xb5, 0xad, 
	0xb5, 0xad, 0xc6, 0x31, 0xc6, 0x31, 0xce, 0x73, 
	0xb5, 0xad, 0xb5, 0xad, 0xc6, 0x31, 0xc6, 0x31, 
	0xc6, 0x31, 0xb5, 0xad, 0xc6, 0x31, 0xc6, 0x31, 
	0xa5, 0x29, 0xb5, 0xad, 0xb5, 0xad, 0xad, 0x6b, 
	0xad, 0x6b, 0x73, 0x9d, 0x94, 0xa5, 0xb5, 0xad, 
	0xce, 0x73, 0xe7, 0x39, 0xd6, 0xb5, 0xc6, 0x31, 
	0xad, 0x6b, 0xb5, 0xad, 0x94, 0xa5, 0xce, 0x73, 
	0xd6, 0xb5, 0x8c, 0x63, 0x84, 0x21, 0x73, 0x9d, 
	0x73, 0x9d, 0x84, 0x21, 0x94, 0xa5, 0xc6, 0x31, 
	0xc6, 0x31, 0xad, 0x6b, 0xb5, 0xad, 0xad, 0x6b, 
	0xa5, 0x29, 0xc6, 0x31, 0xd6, 0xb5, 0xce, 0x73, 
	0xe7, 0x39, 0xce, 0x73, 0xb5, 0xad, 0xa5, 0x29, 
	0xb5, 0xad, 0xd6, 0xb5, 0xd6, 0xb5, 0xce, 0x73, 
	0xc6, 0x31, 0xce, 0x73, 0xce, 0x73, 0xc6, 0x31, 
	0xd6, 0xb5, 0xce, 0x73, 0xce, 0x73, 0xce, 0x73, 
	0xce, 0x73, 0xd6, 0xb5, 0xc6, 0x31, 0xb5, 0xad, 
	0xb5, 0xad, 0xc6, 0x31, 0xb5, 0xad, 0xc6, 0x31, 
	0xb5, 0xad, 0xad, 0x6b, 0xb5, 0xad, 0xad, 0x6b, 
	0xad, 0x6b, 0xd6, 0xb5, 0xd6, 0xb5, 0xc6, 0x31, 
	0xad, 0x6b, 0xad, 0x6b, 0x94, 0xa5, 0xad, 0x6b, 
	0xb5, 0xad, 0x6b, 0x5b, 0xa5, 0x29, 0xb5, 0xad, 
	0xce, 0x73, 0xe7, 0x39, 0xd6, 0xb5, 0xc6, 0x31, 
	0xad, 0x6b, 0xb5, 0xad, 0x94, 0xa5, 0xb5, 0xad, 
	0xb5, 0xad, 0x8c, 0x63, 0x84, 0x21, 0x8c, 0x63, 
	0x73, 0x9d, 0x84, 0x21, 0xa5, 0x29, 0xb5, 0xad, 
	0xad, 0x6b, 0xa5, 0x29, 0xb5, 0xad, 0xad, 0x6b, 
	0xad, 0x6b, 0xb5, 0xad, 0xc6, 0x31, 0xce, 0x73, 
	0xe7, 0x39, 0xce, 0x73, 0xb5, 0xad, 0x94, 0xa5, 
	0xce, 0x73, 0xb5, 0xad, 0xce, 0x73, 0xd6, 0xb5, 
	0xd6, 0xb5, 0xc6, 0x31, 0xb5, 0xad, 0xd6, 0xb5, 
	0xd6, 0xb5, 0xd6, 0xb5, 0xd6, 0xb5, 0xe7, 0x39, 
	0xd6, 0xb5, 0xd6, 0xb5, 0xc6, 0x31, 0xc6, 0x31, 
	0xce, 0x73, 0xad, 0x6b, 0xb5, 0xad, 0xc6, 0x31, 
	0xc6, 0x31, 0xd6, 0xb5, 0xd6, 0xb5, 0xc6, 0x31, 
	0xb5, 0xad, 0xe7, 0x39, 0xd6, 0xb5, 0xad, 0x6b, 
	0xad, 0x6b, 0xad, 0x6b, 0xc6, 0x31, 0xa5, 0x29, 
	0xad, 0x6b, 0x63, 0x19, 0x94, 0xa5, 0xb5, 0xad, 
	0xce, 0x73, 0xe7, 0x39, 0xd6, 0xb5, 0xc6, 0x31, 
	0xad, 0x6b, 0xb5, 0xad, 0xa5, 0x29, 0xb5, 0xad, 
	0xad, 0x6b, 0x8c, 0x63, 0x94, 0xa5, 0x8c, 0x63, 
	0x63, 0x19, 0x73, 0x9d, 0x94, 0xa5, 0xa5, 0x29, 
	0x8c, 0x63, 0x8c, 0x63, 0xa5, 0x29, 0xad, 0x6b, 
	0xad, 0x6b, 0xad, 0x6b, 0xc6, 0x31, 0xe7, 0x39, 
	0xce, 0x73, 0xe7, 0x39, 0xce, 0x73, 0x94, 0xa5, 
	0xce, 0x73, 0xd6, 0xb5, 0xce, 0x73, 0xce, 0x73, 
	0xc6, 0x31, 0xad, 0x6b, 0xad, 0x6b, 0xb5, 0xad, 
	0xc6, 0x31, 0xce, 0x73, 0xd6, 0xb5, 0xe7, 0x39, 
	0xd6, 0xb5, 0xce, 0x73, 0xd6, 0xb5, 0xc6, 0x31, 
	0xad, 0x6b, 0xad, 0x6b, 0xc6, 0x31, 0xd6, 0xb5, 
	0xce, 0x73, 0xc6, 0x31, 0xc6, 0x31, 0xad, 0x6b, 
	0xd6, 0xb5, 0xd6, 0xb5, 0xb5, 0xad, 0xb5, 0xad, 
	0xce, 0x73, 0xc6, 0x31, 0xd6, 0xb5, 0xc6, 0x31, 
	0xad, 0x6b, 0x73, 0x9d, 0x94, 0xa5, 0xce, 0x73, 
	0xe7, 0x39, 0xd6, 0xb5, 0xe7, 0x39, 0xce, 0x73, 
	0xad, 0x6b, 0xa5, 0x29, 0x94, 0xa5, 0xb5, 0xad, 
	0xb5, 0xad, 0x94, 0xa5, 0x94, 0xa5, 0x84, 0x21, 
	0x63, 0x19, 0x73, 0x9d, 0x94, 0xa5, 0x94, 0xa5, 
	0x84, 0x21, 0x84, 0x21, 0x94, 0xa5, 0xa5, 0x29, 
	0xad, 0x6b, 0xb5, 0xad, 0xc6, 0x31, 0xe7, 0x39, 
	0xce, 0x73, 0xe7, 0x39, 0xce, 0x73, 0x94, 0xa5, 
	0xd6, 0xb5, 0xd6, 0xb5, 0xc6, 0x31, 0xc6, 0x31, 
	0xc6, 0x31, 0xb5, 0xad, 0xb5, 0xad, 0xc6, 0x31, 
	0xc6, 0x31, 0xb5, 0xad, 0xd6, 0xb5, 0xce, 0x73, 
	0xce, 0x73, 0xce, 0x73, 0xc6, 0x31, 0x94, 0xa5, 
	0xa5, 0x29, 0xb5, 0xad, 0xb5, 0xad, 0xce, 0x73, 
	0xc6, 0x31, 0xb5, 0xad, 0xb5, 0xad, 0xad, 0x6b, 
	0xc6, 0x31, 0xd6, 0xb5, 0xd6, 0xb5, 0xc6, 0x31, 
	0xad, 0x6b, 0xc6, 0x31, 0xe7, 0x39, 0xb5, 0xad, 
	0xad, 0x6b, 0x73, 0x9d, 0x94, 0xa5, 0xce, 0x73, 
	0xe7, 0x39, 0xd6, 0xb5, 0xd6, 0xb5, 0xd6, 0xb5, 
	0xc6, 0x31, 0xb5, 0xad, 0xb5, 0xad, 0xc6, 0x31, 
	0xad, 0x6b, 0x8c, 0x63, 0x63, 0x19, 0x73, 0x9d, 
	0x6b, 0x5b, 0x84, 0x21, 0x94, 0xa5, 0xa5, 0x29, 
	0x8c, 0x63, 0x8c, 0x63, 0x94, 0xa5, 0xad, 0x6b, 
	0xb5, 0xad, 0xce, 0x73, 0xce, 0x73, 0xe7, 0x39, 
	0xce, 0x73, 0xe7, 0x39, 0xce, 0x73, 0x8c, 0x63, 
	0xad, 0x6b, 0xc6, 0x31, 0xd6, 0xb5, 0xd6, 0xb5, 
	0xb5, 0xad, 0xb5, 0xad, 0xd6, 0xb5, 0xb5, 0xad, 
	0xc6, 0x31, 0xb5, 0xad, 0xd6, 0xb5, 0xce, 0x73, 
	0xd6, 0xb5, 0xc6, 0x31, 0xa5, 0x29, 0xad, 0x6b, 
	0xb5, 0xad, 0xc6, 0x31, 0xb5, 0xad, 0xd6, 0xb5, 
	0xce, 0x73, 0xce, 0x73, 0xc6, 0x31, 0xc6, 0x31, 
	0xa5, 0x29, 0xb5, 0xad, 0xb5, 0xad, 0xce, 0x73, 
	0xad, 0x6b, 0xb5, 0xad, 0xd6, 0xb5, 0xe7, 0x39, 
	0xad, 0x6b, 0x63, 0x19, 0x8c, 0x63, 0xce, 0x73, 
	0xe7, 0x39, 0xd6, 0xb5, 0xce, 0x73, 0xce, 0x73, 
	0xce, 0x73, 0xad, 0x6b, 0xa5, 0x29, 0xd6, 0xb5, 
	0xb5, 0xad, 0xa5, 0x29, 0x84, 0x21, 0x8c, 0x63, 
	0x6b, 0x5b, 0x84, 0x21, 0x94, 0xa5, 0xa5, 0x29, 
	0x8c, 0x63, 0x8c, 0x63, 0xa5, 0x29, 0xc6, 0x31, 
	0xc6, 0x31, 0xce, 0x73, 0xce, 0x73, 0xe7, 0x39, 
	0xc6, 0x31, 0xe7, 0x39, 0xc6, 0x31, 0x8c, 0x63, 
	0xad, 0x6b, 0xd6, 0xb5, 0xd6, 0xb5, 0xc6, 0x31, 
	0xd6, 0xb5, 0xd6, 0xb5, 0xd6, 0xb5, 0xce, 0x73, 
	0xce, 0x73, 0xce, 0x73, 0xd6, 0xb5, 0xc6, 0x31, 
	0xce, 0x73, 0xb5, 0xad, 0xb5, 0xad, 0xc6, 0x31, 
	0xc6, 0x31, 0xd6, 0xb5, 0xd6, 0xb5, 0xd6, 0xb5, 
	0xad, 0x6b, 0xad, 0x6b, 0xb5, 0xad, 0xb5, 0xad, 
	0xc6, 0x31, 0xad, 0x6b, 0xa5, 0x29, 0xb5, 0xad, 
	0xb5, 0xad, 0xad, 0x6b, 0xe7, 0x39, 0xd6, 0xb5, 
	0xa5, 0x29, 0x84, 0x21, 0x8c, 0x63, 0xc6, 0x31, 
	0xe7, 0x39, 0xd6, 0xb5, 0xe7, 0x39, 0xd6, 0xb5, 
	0xe7, 0x39, 0xd6, 0xb5, 0xe7, 0x39, 0xe7, 0x39, 
	0xc6, 0x31, 0x94, 0xa5, 0x63, 0x19, 0x8c, 0x63, 
	0x6b, 0x5b, 0x8c, 0x63, 0x94, 0xa5, 0xad, 0x6b, 
	0x94, 0xa5, 0xa5, 0x29, 0xb5, 0xad, 0xce, 0x73, 
	0xce, 0x73, 0xd6, 0xb5, 0xe7, 0x39, 0xe7, 0x39, 
	0xe7, 0x39, 0xe7, 0x39, 0xb5, 0xad, 0x84, 0x21, 
	0xb5, 0xad, 0xad, 0x6b, 0xc6, 0x31, 0xce, 0x73, 
	0xd6, 0xb5, 0xd6, 0xb5, 0xd6, 0xb5, 0xd6, 0xb5, 
	0xc6, 0x31, 0xd6, 0xb5, 0xd6, 0xb5, 0xb5, 0xad, 
	0xb5, 0xad, 0xce, 0x73, 0xce, 0x73, 0xb5, 0xad, 
	0xa5, 0x29, 0xc6, 0x31, 0xc6, 0x31, 0xad, 0x6b, 
	0x94, 0xa5, 0xa5, 0x29, 0xad, 0x6b, 0xc6, 0x31, 
	0xb5, 0xad, 0xad, 0x6b, 0xa5, 0x29, 0xa5, 0x29, 
	0xb5, 0xad, 0xce, 0x73, 0xd6, 0xb5, 0x94, 0xa5, 
	0xad, 0x6b, 0x84, 0x21, 0x84, 0x21, 0xb5, 0xad, 
	0xe7, 0x39, 0xe7, 0x39, 0xe7, 0x39, 0xd6, 0xb5, 
	0xd6, 0xb5, 0xd6, 0xb5, 0xe7, 0x39, 0xe7, 0x39, 
	0xc6, 0x31, 0x94, 0xa5, 0x73, 0x9d, 0x8c, 0x63, 
	0x73, 0x9d, 0x84, 0x21, 0x94, 0xa5, 0xad, 0x6b, 
	0xb5, 0xad, 0xb5, 0xad, 0xc6, 0x31, 0xce, 0x73, 
	0xce, 0x73, 0xe7, 0x39, 0xe7, 0x39, 0xe7, 0x39, 
	0xe7, 0x39, 0xe7, 0x39, 0xc6, 0x31, 0x8c, 0x63, 
	0xce, 0x73, 0xce, 0x73, 0xce, 0x73, 0xc6, 0x31, 
	0xc6, 0x31, 0xc6, 0x31, 0xa5, 0x29, 0xad, 0x6b, 
	0xd6, 0xb5, 0xc6, 0x31, 0xc6, 0x31, 0xb5, 0xad, 
	0xc6, 0x31, 0xce, 0x73, 0xce, 0x73, 0xa5, 0x29, 
	0xb5, 0xad, 0xce, 0x73, 0xc6, 0x31, 0xa5, 0x29, 
	0x94, 0xa5, 0xc6, 0x31, 0xb5, 0xad, 0xad, 0x6b, 
	0x94, 0xa5, 0x8c, 0x63, 0xa5, 0x29, 0xb5, 0xad, 
	0xc6, 0x31, 0xb5, 0xad, 0xb5, 0xad, 0x94, 0xa5, 
	0xb5, 0xad, 0x84, 0x21, 0x8c, 0x63, 0xc6, 0x31, 
	0xe7, 0x39, 0xd6, 0xb5, 0xe7, 0x39, 0xd6, 0xb5, 
	0xce, 0x73, 0xd6, 0xb5, 0xe7, 0x39, 0xd6, 0xb5, 
	0xb5, 0xad, 0xb5, 0xad, 0x73, 0x9d, 0x8c, 0x63, 
	0x73, 0x9d, 0x84, 0x21, 0x94, 0xa5, 0xb5, 0xad, 
	0xc6, 0x31, 0xc6, 0x31, 0xc6, 0x31, 0xce, 0x73, 
	0xd6, 0xb5, 0xe7, 0x39, 0xe7, 0x39, 0xe7, 0x39, 
	0xe7, 0x39, 0xe7, 0x39, 0xc6, 0x31, 0x94, 0xa5, 
	0xd6, 0xb5, 0xd6, 0xb5, 0xd6, 0xb5, 0xce, 0x73, 
	0xa5, 0x29, 0xb5, 0xad, 0x94, 0xa5, 0xb5, 0xad, 
	0xc6, 0x31, 0xc6, 0x31, 0xb5, 0xad, 0xce, 0x73, 
	0xd6, 0xb5, 0xb5, 0xad, 0xce, 0x73, 0xad, 0x6b, 
	0xb5, 0xad, 0xce, 0x73, 0xce, 0x73, 0xb5, 0xad, 
	0xc6, 0x31, 0xe7, 0x39, 0xce, 0x73, 0xb5, 0xad, 
	0xad, 0x6b, 0x94, 0xa5, 0xad, 0x6b, 0xc6, 0x31, 
	0xc6, 0x31, 0xb5, 0xad, 0xb5, 0xad, 0xad, 0x6b, 
	0xad, 0x6b, 0x73, 0x9d, 0x94, 0xa5, 0xc6, 0x31, 
	0xe7, 0x39, 0xd6, 0xb5, 0xe7, 0x39, 0xd6, 0xb5, 
	0xce, 0x73, 0xe7, 0x39, 0xe7, 0x39, 0xd6, 0xb5, 
	0xc6, 0x31, 0xb5, 0xad, 0x73, 0x9d, 0x8c, 0x63, 
	0x84, 0x21, 0x94, 0xa5, 0x94, 0xa5, 0xb5, 0xad, 
	0xc6, 0x31, 0xc6, 0x31, 0xb5, 0xad, 0xc6, 0x31, 
	0xd6, 0xb5, 0xe7, 0x39, 0xe7, 0x39, 0xe7, 0x39, 
	0xe7, 0x39, 0xe7, 0x39, 0xce, 0x73, 0x94, 0xa5, 
	0xd6, 0xb5, 0xe7, 0x39, 0xe7, 0x39, 0xd6, 0xb5, 
	0xce, 0x73, 0xce, 0x73, 0xb5, 0xad, 0xb5, 0xad, 
	0xd6, 0xb5, 0xd6, 0xb5, 0xc6, 0x31, 0xce, 0x73, 
	0xd6, 0xb5, 0xc6, 0x31, 0xce, 0x73, 0xb5, 0xad, 
	0xc6, 0x31, 0xd6, 0xb5, 0xc6, 0x31, 0xad, 0x6b, 
	0xb5, 0xad, 0xc6, 0x31, 0xb5, 0xad, 0xb5, 0xad, 
	0xad, 0x6b, 0xad, 0x6b, 0xad, 0x6b, 0xa5, 0x29, 
	0xad, 0x6b, 0xa5, 0x29, 0xa5, 0x29, 0xc6, 0x31, 
	0x94, 0xa5, 0x6b, 0x5b, 0x94, 0xa5, 0xce, 0x73, 
	0xe7, 0x39, 0xe7, 0x39, 0xe7, 0x39, 0xd6, 0xb5, 
	0xc6, 0x31, 0xe7, 0x39, 0xe7, 0x39, 0xc6, 0x31, 
	0xa5, 0x29, 0x94, 0xa5, 0x63, 0x19, 0x94, 0xa5, 
	0x8c, 0x63, 0x94, 0xa5, 0x84, 0x21, 0xa5, 0x29, 
	0xa5, 0x29, 0xb5, 0xad, 0xad, 0x6b, 0xc6, 0x31, 
	0xd6, 0xb5, 0xe7, 0x39, 0xe7, 0x39, 0xe7, 0x39, 
	0xce, 0x73, 0xe7, 0x39, 0xce, 0x73, 0x94, 0xa5, 
	0xd6, 0xb5, 0xe7, 0x39, 0xe7, 0x39, 0xe7, 0x39, 
	0xd6, 0xb5, 0xc6, 0x31, 0xc6, 0x31, 0xd6, 0xb5, 
	0xb5, 0xad, 0xd6, 0xb5, 0xd6, 0xb5, 0xd6, 0xb5, 
	0xc6, 0x31, 0xc6, 0x31, 0xc6, 0x31, 0xd6, 0xb5, 
	0xce, 0x73, 0xd6, 0xb5, 0xb5, 0xad, 0xa5, 0x29, 
	0xa5, 0x29, 0xb5, 0xad, 0xc6, 0x31, 0x94, 0xa5, 
	0xa5, 0x29, 0xad, 0x6b, 0xb5, 0xad, 0xc6, 0x31, 
	0xad, 0x6b, 0x94, 0xa5, 0x94, 0xa5, 0xb5, 0xad, 
	0xad, 0x6b, 0x6b, 0x5b, 0x94, 0xa5, 0xce, 0x73, 
	0xe7, 0x39, 0xe7, 0x39, 0xe7, 0x39, 0xe7, 0x39, 
	0xc6, 0x31, 0xd6, 0xb5, 0xce, 0x73, 0xb5, 0xad, 
	0x94, 0xa5, 0x94, 0xa5, 0x63, 0x19, 0x94, 0xa5, 
	0x6b, 0x5b, 0x73, 0x9d, 0x84, 0x21, 0xb5, 0xad, 
	0xc6, 0x31, 0xc6, 0x31, 0xb5, 0xad, 0xad, 0x6b, 
	0xe7, 0x39, 0xe7, 0x39, 0xd6, 0xb5, 0xe7, 0x39, 
	0xce, 0x73, 0xe7, 0x39, 0xce, 0x73, 0x84, 0x21, 
	0xe7, 0x39, 0xd6, 0xb5, 0xce, 0x73, 0xce, 0x73, 
	0xb5, 0xad, 0xd6, 0xb5, 0xce, 0x73, 0xc6, 0x31, 
	0xc6, 0x31, 0xc6, 0x31, 0xd6, 0xb5, 0xb5, 0xad, 
	0xad, 0x6b, 0xc6, 0x31, 0xc6, 0x31, 0xb5, 0xad, 
	0xb5, 0xad, 0xce, 0x73, 0xc6, 0x31, 0xd6, 0xb5, 
	0xce, 0x73, 0xc6, 0x31, 0xad, 0x6b, 0x94, 0xa5, 
	0xa5, 0x29, 0x94, 0xa5, 0xb5, 0xad, 0xad, 0x6b, 
	0xa5, 0x29, 0xa5, 0x29, 0xce, 0x73, 0xd6, 0xb5, 
	0xc6, 0x31, 0x6b, 0x5b, 0x84, 0x21, 0xce, 0x73, 
	0xe7, 0x39, 0xd6, 0xb5, 0xd6, 0xb5, 0xe7, 0x39, 
	0xb5, 0xad, 0xb5, 0xad, 0xad, 0x6b, 0x94, 0xa5, 
	0x84, 0x21, 0x84, 0x21, 0x6b, 0x5b, 0x8c, 0x63, 
	0x73, 0x9d, 0x73, 0x9d, 0x94, 0xa5, 0xc6, 0x31, 
	0xc6, 0x31, 0xc6, 0x31, 0xc6, 0x31, 0xb5, 0xad, 
	0xe7, 0x39, 0xe7, 0x39, 0xe7, 0x39, 0xe7, 0x39, 
	0xe7, 0x39, 0xe7, 0x39, 0xce, 0x73, 0x73, 0x9d, 
	0xe7, 0x39, 0xd6, 0xb5, 0xe7, 0x39, 0xce, 0x73, 
	0xd6, 0xb5, 0xe7, 0x39, 0xd6, 0xb5, 0xce, 0x73, 
	0xad, 0x6b, 0xad, 0x6b, 0xce, 0x73, 0xce, 0x73, 
	0xce, 0x73, 0xd6, 0xb5, 0xd6, 0xb5, 0xc6, 0x31, 
	0xd6, 0xb5, 0xe7, 0x39, 0xc6, 0x31, 0xb5, 0xad, 
	0xc6, 0x31, 0xb5, 0xad, 0xb5, 0xad, 0xad, 0x6b, 
	0xa5, 0x29, 0xa5, 0x29, 0xa5, 0x29, 0x94, 0xa5, 
	0x94, 0xa5, 0xb5, 0xad, 0xd6, 0xb5, 0xb5, 0xad, 
	0xad, 0x6b, 0x6b, 0x5b, 0x73, 0x9d, 0xce, 0x73, 
	0xe7, 0x39, 0xe7, 0x39, 0xce, 0x73, 0xce, 0x73, 
	0xc6, 0x31, 0xb5, 0xad, 0xa5, 0x29, 0x94, 0xa5, 
	0x94, 0xa5, 0x94, 0xa5, 0x84, 0x21, 0x8c, 0x63, 
	0x73, 0x9d, 0x73, 0x9d, 0x94, 0xa5, 0xb5, 0xad, 
	0xb5, 0xad, 0xb5, 0xad, 0xc6, 0x31, 0xb5, 0xad, 
	0xd6, 0xb5, 0xe7, 0x39, 0xd6, 0xb5, 0xd6, 0xb5, 
	0xc6, 0x31, 0xd6, 0xb5, 0xc6, 0x31, 0x73, 0x9d, 
	0xd6, 0xb5, 0xd6, 0xb5, 0xd6, 0xb5, 0xd6, 0xb5, 
	0xc6, 0x31, 0xc6, 0x31, 0xd6, 0xb5, 0xe7, 0x39, 
	0xd6, 0xb5, 0xce, 0x73, 0xce, 0x73, 0xd6, 0xb5, 
	0xce, 0x73, 0xd6, 0xb5, 0xd6, 0xb5, 0xc6, 0x31, 
	0xe7, 0x39, 0xd6, 0xb5, 0xb5, 0xad, 0xb5, 0xad, 
	0xa5, 0x29, 0xad, 0x6b, 0xce, 0x73, 0xad, 0x6b, 
	0xb5, 0xad, 0xb5, 0xad, 0xa5, 0x29, 0x94, 0xa5, 
	0xb5, 0xad, 0xd6, 0xb5, 0xc6, 0x31, 0xc6, 0x31, 
	0xc6, 0x31, 0x6b, 0x5b, 0x73, 0x9d, 0xc6, 0x31, 
	0xd6, 0xb5, 0xd6, 0xb5, 0xb5, 0xad, 0xb5, 0xad, 
	0xb5, 0xad, 0xad, 0x6b, 0x94, 0xa5, 0x8c, 0x63, 
	0x8c, 0x63, 0xa5, 0x29, 0x84, 0x21, 0x84, 0x21, 
	0x73, 0x9d, 0x6b, 0x5b, 0x73, 0x9d, 0xa5, 0x29, 
	0xa5, 0x29, 0xa5, 0x29, 0xb5, 0xad, 0xc6, 0x31, 
	0xd6, 0xb5, 0xe7, 0x39, 0xd6, 0xb5, 0xc6, 0x31, 
	0xb5, 0xad, 0xc6, 0x31, 0xb5, 0xad, 0x73, 0x9d, 
	0xce, 0x73, 0xad, 0x6b, 0xce, 0x73, 0xc6, 0x31, 
	0xa5, 0x29, 0xc6, 0x31, 0xce, 0x73, 0xd6, 0xb5, 
	0xd6, 0xb5, 0xd6, 0xb5, 0xd6, 0xb5, 0xd6, 0xb5, 
	0xd6, 0xb5, 0xe7, 0x39, 0xce, 0x73, 0xb5, 0xad, 
	0xc6, 0x31, 0xc6, 0x31, 0xc6, 0x31, 0xc6, 0x31, 
	0xd6, 0xb5, 0xd6, 0xb5, 0xc6, 0x31, 0xc6, 0x31, 
	0xce, 0x73, 0xc6, 0x31, 0xb5, 0xad, 0x94, 0xa5, 
	0xd6, 0xb5, 0xc6, 0x31, 0xa5, 0x29, 0xc6, 0x31, 
	0xc6, 0x31, 0x6b, 0x5b, 0x73, 0x9d, 0xb5, 0xad, 
	0xc6, 0x31, 0xce, 0x73, 0xb5, 0xad, 0xb5, 0xad, 
	0xc6, 0x31, 0xb5, 0xad, 0x8c, 0x63, 0x73, 0x9d, 
	0x73, 0x9d, 0x84, 0x21, 0x84, 0x21, 0x84, 0x21, 
	0x73, 0x9d, 0x6b, 0x5b, 0x73, 0x9d, 0x94, 0xa5, 
	0xad, 0x6b, 0xad, 0x6b, 0xc6, 0x31, 0xce, 0x73, 
	0xd6, 0xb5, 0xe7, 0x39, 0xc6, 0x31, 0xd6, 0xb5, 
	0xd6, 0xb5, 0xb5, 0xad, 0xb5, 0xad, 0x6b, 0x5b, 
	0xb5, 0xad, 0xce, 0x73, 0xad, 0x6b, 0xa5, 0x29, 
	0xb5, 0xad, 0xd6, 0xb5, 0xd6, 0xb5, 0xd6, 0xb5, 
	0xce, 0x73, 0xc6, 0x31, 0xe7, 0x39, 0xe7, 0x39, 
	0xd6, 0xb5, 0xce, 0x73, 0xd6, 0xb5, 0xce, 0x73, 
	0xa5, 0x29, 0xc6, 0x31, 0xd6, 0xb5, 0xce, 0x73, 
	0xd6, 0xb5, 0xe7, 0x39, 0xd6, 0xb5, 0xb5, 0xad, 
	0xce, 0x73, 0xb5, 0xad, 0xad, 0x6b, 0xa5, 0x29, 
	0xd6, 0xb5, 0xd6, 0xb5, 0xce, 0x73, 0xc6, 0x31, 
	0xd6, 0xb5, 0x63, 0x19, 0x6b, 0x5b, 0x94, 0xa5, 
	0x94, 0xa5, 0xc6, 0x31, 0xb5, 0xad, 0xad, 0x6b, 
	0xb5, 0xad, 0xb5, 0xad, 0x8c, 0x63, 0x73, 0x9d, 
	0x73, 0x9d, 0x6b, 0x5b, 0x84, 0x21, 0x8c, 0x63, 
	0x6b, 0x5b, 0x52, 0x95, 0x73, 0x9d, 0x84, 0x21, 
	0x94, 0xa5, 0x94, 0xa5, 0xa5, 0x29, 0xb5, 0xad, 
	0xce, 0x73, 0xe7, 0x39, 0xd6, 0xb5, 0xe7, 0x39, 
	0xb5, 0xad, 0xd6, 0xb5, 0xb5, 0xad, 0x52, 0x95, 
	0xc6, 0x31, 0xd6, 0xb5, 0xc6, 0x31, 0xb5, 0xad, 
	0xc6, 0x31, 0xd6, 0xb5, 0xce, 0x73, 0xc6, 0x31, 
	0xb5, 0xad, 0xce, 0x73, 0xd6, 0xb5, 0xd6, 0xb5, 
	0xce, 0x73, 0xce, 0x73, 0xd6, 0xb5, 0xd6, 0xb5, 
	0xc6, 0x31, 0xd6, 0xb5, 0xce, 0x73, 0xc6, 0x31, 
	0xc6, 0x31, 0xc6, 0x31, 0xb5, 0xad, 0xc6, 0x31, 
	0xd6, 0xb5, 0xa5, 0x29, 0xa5, 0x29, 0x94, 0xa5, 
	0xb5, 0xad, 0xd6, 0xb5, 0xd6, 0xb5, 0xd6, 0xb5, 
	0xd6, 0xb5, 0x52, 0x95, 0x63, 0x19, 0x8c, 0x63, 
	0x73, 0x9d, 0x94, 0xa5, 0x8c, 0x63, 0x84, 0x21, 
	0x84, 0x21, 0x8c, 0x63, 0x73, 0x9d, 0x6b, 0x5b, 
	0x84, 0x21, 0x6b, 0x5b, 0x84, 0x21, 0x8c, 0x63, 
	0x73, 0x9d, 0x73, 0x9d, 0x73, 0x9d, 0x84, 0x21, 
	0x8c, 0x63, 0x8c, 0x63, 0x94, 0xa5, 0xad, 0x6b, 
	0xb5, 0xad, 0xce, 0x73, 0xce, 0x73, 0xb5, 0xad, 
	0xb5, 0xad, 0xb5, 0xad, 0xb5, 0xad, 0x52, 0x95, 
	0xa5, 0x29, 0xc6, 0x31, 0xd6, 0xb5, 0xce, 0x73, 
	0xd6, 0xb5, 0xb5, 0xad, 0xce, 0x73, 0xce, 0x73, 
	0xd6, 0xb5, 0xd6, 0xb5, 0xd6, 0xb5, 0xc6, 0x31, 
	0xc6, 0x31, 0xb5, 0xad, 0xce, 0x73, 0xe7, 0x39, 
	0xd6, 0xb5, 0xce, 0x73, 0xc6, 0x31, 0xd6, 0xb5, 
	0xd6, 0xb5, 0xc6, 0x31, 0xd6, 0xb5, 0xce, 0x73, 
	0xad, 0x6b, 0xa5, 0x29, 0xc6, 0x31, 0xb5, 0xad, 
	0xa5, 0x29, 0xc6, 0x31, 0xd6, 0xb5, 0xd6, 0xb5, 
	0xc6, 0x31, 0x52, 0x95, 0x63, 0x19, 0x8c, 0x63, 
	0x84, 0x21, 0x84, 0x21, 0x73, 0x9d, 0x63, 0x19, 
	0x63, 0x19, 0x73, 0x9d, 0x6b, 0x5b, 0x63, 0x19, 
	0x73, 0x9d, 0x63, 0x19, 0x63, 0x19, 0x8c, 0x63, 
	0x52, 0x95, 0x6b, 0x5b, 0x6b, 0x5b, 0x6b, 0x5b, 
	0x84, 0x21, 0x84, 0x21, 0x73, 0x9d, 0x8c, 0x63, 
	0x8c, 0x63, 0x94, 0xa5, 0xad, 0x6b, 0x94, 0xa5, 
	0x94, 0xa5, 0x8c, 0x63, 0x8c, 0x63, 0x52, 0x95, 
	0x8c, 0x63, 0xd6, 0xb5, 0xe7, 0x39, 0xd6, 0xb5, 
	0xd6, 0xb5, 0xce, 0x73, 0xd6, 0xb5, 0xd6, 0xb5, 
	0xd6, 0xb5, 0xd6, 0xb5, 0xc6, 0x31, 0xd6, 0xb5, 
	0xc6, 0x31, 0xa5, 0x29, 0xc6, 0x31, 0xc6, 0x31, 
	0xce, 0x73, 0xc6, 0x31, 0xc6, 0x31, 0xce, 0x73, 
	0xd6, 0xb5, 0xce, 0x73, 0xd6, 0xb5, 0xce, 0x73, 
	0xc6, 0x31, 0xce, 0x73, 0xd6, 0xb5, 0xce, 0x73, 
	0xb5, 0xad, 0xce, 0x73, 0xc6, 0x31, 0xd6, 0xb5, 
	0xa5, 0x29, 0x6b, 0x5b, 0x73, 0x9d, 0x94, 0xa5, 
	0x94, 0xa5, 0xad, 0x6b, 0xa5, 0x29, 0x8c, 0x63, 
	0x8c, 0x63, 0xa5, 0x29, 0x94, 0xa5, 0x73, 0x9d, 
	0x84, 0x21, 0x73, 0x9d, 0x73, 0x9d, 0x8c, 0x63, 
	0x63, 0x19, 0x63, 0x19, 0x52, 0x95, 0x52, 0x95, 
	0x52, 0x95, 0x52, 0x95, 0x52, 0x95, 0x52, 0x95, 
	0x52, 0x95, 0x52, 0x95, 0x52, 0x95, 0x52, 0x95, 
	0x52, 0x95, 0x52, 0x95, 0x52, 0x95, 0x52, 0x95, 
	0x52, 0x95, 0x52, 0x95, 0x52, 0x95, 0x52, 0x95, 
	0x52, 0x95, 0x52, 0x95, 0x52, 0x95, 0x52, 0x95, 
	0x52, 0x95, 0x52, 0x95, 0x52, 0x95, 0x52, 0x95, 
	0x52, 0x95, 0x52, 0x95, 0x52, 0x95, 0x52, 0x95, 
	0x52, 0x95, 0x52, 0x95, 0x52, 0x95, 0x52, 0x95, 
	0x52, 0x95, 0x52, 0x95, 0x52, 0x95, 0x52, 0x95, 
	0x52, 0x95, 0x52, 0x95, 0x52, 0x95, 0x52, 0x95, 
	0x6b, 0x5b, 0x63, 0x19, 0x63, 0x19, 0x63, 0x19, 
	0x52, 0x95, 0x52, 0x95, 0x52, 0x95, 0x52, 0x95, 
	0x52, 0x95, 0x52, 0x95, 0x52, 0x95, 0x52, 0x95, 
	0x52, 0x95, 0x52, 0x95, 0x52, 0x95, 0x52, 0x95, 
	0x52, 0x95, 0x52, 0x95, 0x52, 0x95, 0x52, 0x95, 
	0x52, 0x95, 0x52, 0x95, 0x52, 0x95, 0x52, 0x95, 
	0x52, 0x95, 0x52, 0x95, 0x52, 0x95, 0x52, 0x95, 
	0x52, 0x95, 0x52, 0x95, 0x52, 0x95, 0x52, 0x95, 
	0x52, 0x95, 0x52, 0x95, 0x52, 0x95, 0x52, 0x95, 
	0x52, 0x95, 0x52, 0x95, 0x52, 0x95, 0x52, 0x95, 
	0x52, 0x95, 0x52, 0x95, 0x52, 0x95, 0x52, 0x95, 
	0x52, 0x95, 0x52, 0x95, 0x52, 0x95, 0x52, 0x95, 
	0x52, 0x95, 0x52, 0x95, 0x52, 0x95, 0x52, 0x95, 
	0x52, 0x95, 0x52, 0x95, 0x52, 0x95, 0x52, 0x95, 
	0x52, 0x95, 0x52, 0x95, 0x52, 0x95, 0x52, 0x95, 
	0x52, 0x95, 0x52, 0x95, 0x52, 0x95, 0x52, 0x95, 
	0x52, 0x95, 0x52, 0x95, 0x52, 0x95, 0x52, 0x95, 
	0x52, 0x95, 0x52, 0x95, 0x52, 0x95, 0x52, 0x95, 
	0x52, 0x95, 0x52, 0x95, 0x52, 0x95, 0x52, 0x95, 
	0x52, 0x95, 0x52, 0x95, 0x52, 0x95, 0x52, 0x95, 
	0x52, 0x95, 0x52, 0x95, 0x52, 0x95, 0x52, 0x95, 
	0x6b, 0x5b, 0x63, 0x19, 0x63, 0x19, 0x6b, 0x5b, 
	0x6b, 0x5b, 0x6b, 0x5b, 0x73, 0x9d, 0x63, 0x19, 
	0x52, 0x95, 0x52, 0x95, 0x63, 0x19, 0x84, 0x21, 
	0x94, 0xa5, 0x94, 0xa5, 0x94, 0xa5, 0x94, 0xa5, 
	0x94, 0xa5, 0x8c, 0x63, 0x84, 0x21, 0x84, 0x21, 
	0x8c, 0x63, 0x8c, 0x63, 0x94, 0xa5, 0x8c, 0x63, 
	0x84, 0x21, 0x84, 0x21, 0x84, 0x21, 0x84, 0x21, 
	0x84, 0x21, 0x84, 0x21, 0x84, 0x21, 0x84, 0x21, 
	0x8c, 0x63, 0x8c, 0x63, 0x84, 0x21, 0x8c, 0x63, 
	0x8c, 0x63, 0x8c, 0x63, 0x8c, 0x63, 0x8c, 0x63, 
	0x84, 0x21, 0x52, 0x95, 0x84, 0x21, 0x84, 0x21, 
	0x84, 0x21, 0x84, 0x21, 0x84, 0x21, 0x84, 0x21, 
	0x73, 0x9d, 0x6b, 0x5b, 0x6b, 0x5b, 0x63, 0x19, 
	0x63, 0x19, 0x52, 0x95, 0x52, 0x95, 0x52, 0x95, 
	0x52, 0x95, 0x52, 0x95, 0x52, 0x95, 0x52, 0x95, 
	0x52, 0x95, 0x73, 0x9d, 0x73, 0x9d, 0x6b, 0x5b, 
	0x6b, 0x5b, 0x6b, 0x5b, 0x6b, 0x5b, 0x6b, 0x5b, 
	0x63, 0x19, 0x6b, 0x5b, 0x84, 0x21, 0x6b, 0x5b, 
	0x52, 0x95, 0x52, 0x95, 0x52, 0x95, 0x6b, 0x5b, 
	0x73, 0x9d, 0x6b, 0x5b, 0x6b, 0x5b, 0x73, 0x9d, 
	0x84, 0x21, 0x6b, 0x5b, 0x6b, 0x5b, 0x73, 0x9d, 
	0x6b, 0x5b, 0x6b, 0x5b, 0x84, 0x21, 0x6b, 0x5b, 
	0x6b, 0x5b, 0x6b, 0x5b, 0x6b, 0x5b, 0x6b, 0x5b, 
	0x6b, 0x5b, 0x6b, 0x5b, 0x6b, 0x5b, 0x6b, 0x5b, 
	0x63, 0x19, 0x63, 0x19, 0x63, 0x19, 0x6b, 0x5b, 
	0x73, 0x9d, 0x84, 0x21, 0x73, 0x9d, 0x73, 0x9d, 
	0x63, 0x19, 0x52, 0x95, 0x73, 0x9d, 0x84, 0x21, 
	0x73, 0x9d, 0x84, 0x21, 0x84, 0x21, 0x6b, 0x5b, 
	0x63, 0x19, 0x6b, 0x5b, 0x6b, 0x5b, 0x73, 0x9d, 
	0x73, 0x9d, 0x6b, 0x5b, 0x63, 0x19, 0x52, 0x95, 
	0x52, 0x95, 0x52, 0x95, 0x52, 0x95, 0x52, 0x95, 
	0x52, 0x95, 0x6b, 0x5b, 0x6b, 0x5b, 0x63, 0x19, 
	0x52, 0x95, 0x52, 0x95, 0x63, 0x19, 0x6b, 0x5b, 
	0x6b, 0x5b, 0x6b, 0x5b, 0x73, 0x9d, 0x63, 0x19, 
	0x52, 0x95, 0x52, 0x95, 0x52, 0x95, 0x52, 0x95, 
	0x63, 0x19, 0x63, 0x19, 0x52, 0x95, 0x63, 0x19, 
	0x63, 0x19, 0x63, 0x19, 0x63, 0x19, 0x6b, 0x5b, 
	0x63, 0x19, 0x63, 0x19, 0x63, 0x19, 0x63, 0x19, 
	0x6b, 0x5b, 0x6b, 0x5b, 0x6b, 0x5b, 0x6b, 0x5b, 
	0x63, 0x19, 0x52, 0x95, 0x52, 0x95, 0x52, 0x95, 
	0x52, 0x95, 0x52, 0x95, 0x52, 0x95, 0x63, 0x19, 
	0x6b, 0x5b, 0x6b, 0x5b, 0x6b, 0x5b, 0x63, 0x19, 
	0x52, 0x95, 0x52, 0x95, 0x63, 0x19, 0x63, 0x19, 
	0x63, 0x19, 0x73, 0x9d, 0x73, 0x9d, 0x6b, 0x5b, 
	0x63, 0x19, 0x63, 0x19, 0x6b, 0x5b, 0x73, 0x9d, 
	0x84, 0x21, 0x73, 0x9d, 0x6b, 0x5b, 0x6b, 0x5b, 
	0x63, 0x19, 0x63, 0x19, 0x6b, 0x5b, 0x63, 0x19, 
	0x52, 0x95, 0x52, 0x95, 0x63, 0x19, 0x52, 0x95, 
	0x52, 0x95, 0x52, 0x95, 0x52, 0x95, 0x6b, 0x5b, 
	0x6b, 0x5b, 0x63, 0x19, 0x52, 0x95, 0x52, 0x95, 
	0x52, 0x95, 0x52, 0x95, 0x52, 0x95, 0x52, 0x95, 
	0x52, 0x95, 0x52, 0x95, 0x52, 0x95, 0x52, 0x95, 
	0x52, 0x95, 0x52, 0x95, 0x63, 0x19, 0x63, 0x19, 
	0x63, 0x19, 0x63, 0x19, 0x63, 0x19, 0x52, 0x95, 
	0x52, 0x95, 0x52, 0x95, 0x63, 0x19, 0x52, 0x95, 
	0x52, 0x95, 0x52, 0x95, 0x52, 0x95, 0x52, 0x95, 
	0x52, 0x95, 0x52, 0x95, 0x52, 0x95, 0x52, 0x95, 
	0x52, 0x95, 0x63, 0x19, 0x6b, 0x5b, 0x63, 0x19, 
	0x52, 0x95, 0x52, 0x95, 0x6b, 0x5b, 0x6b, 0x5b, 
	0x63, 0x19, 0x6b, 0x5b, 0x6b, 0x5b, 0x63, 0x19, 
	0x63, 0x19, 0x52, 0x95, 0x63, 0x19, 0x6b, 0x5b, 
	0x6b, 0x5b, 0x6b, 0x5b, 0x6b, 0x5b, 0x6b, 0x5b, 
	0x6b, 0x5b, 0x6b, 0x5b, 0x6b, 0x5b, 0x63, 0x19, 
	0x52, 0x95, 0x52, 0x95, 0x52, 0x95, 0x52, 0x95, 
	0x6b, 0x5b, 0x6b, 0x5b, 0x73, 0x9d, 0x84, 0x21, 
	0x8c, 0x63, 0x73, 0x9d, 0x63, 0x19, 0x52, 0x95, 
	0x52, 0x95, 0x52, 0x95, 0x52, 0x95, 0x52, 0x95, 
	0x52, 0x95, 0x52, 0x95, 0x52, 0x95, 0x52, 0x95, 
	0x52, 0x95, 0x63, 0x19, 0x63, 0x19, 0x52, 0x95, 
	0x63, 0x19, 0x63, 0x19, 0x6b, 0x5b, 0x63, 0x19, 
	0x63, 0x19, 0x6b, 0x5b, 0x6b, 0x5b, 0x6b, 0x5b, 
	0x6b, 0x5b, 0x73, 0x9d, 0x73, 0x9d, 0x63, 0x19, 
	0x63, 0x19, 0x52, 0x95, 0x52, 0x95, 0x63, 0x19, 
	0x63, 0x19, 0x63, 0x19, 0x63, 0x19, 0x63, 0x19, 
	0x63, 0x19, 0x52, 0x95, 0x84, 0x21, 0x84, 0x21, 
	0x6b, 0x5b, 0x84, 0x21, 0x84, 0x21, 0x84, 0x21, 
	0x84, 0x21, 0x84, 0x21, 0x73, 0x9d, 0x73, 0x9d, 
	0x84, 0x21, 0x84, 0x21, 0x84, 0x21, 0x73, 0x9d, 
	0x6b, 0x5b, 0x63, 0x19, 0x63, 0x19, 0x6b, 0x5b, 
	0x63, 0x19, 0x6b, 0x5b, 0x63, 0x19, 0x63, 0x19, 
	0x63, 0x19, 0x6b, 0x5b, 0x73, 0x9d, 0x84, 0x21, 
	0x73, 0x9d, 0x6b, 0x5b, 0x63, 0x19, 0x52, 0x95, 
	0x52, 0x95, 0x52, 0x95, 0x52, 0x95, 0x63, 0x19, 
	0x6b, 0x5b, 0x73, 0x9d, 0x73, 0x9d, 0x73, 0x9d, 
	0x73, 0x9d, 0x84, 0x21, 0x73, 0x9d, 0x63, 0x19, 
	0x63, 0x19, 0x63, 0x19, 0x63, 0x19, 0x63, 0x19, 
	0x73, 0x9d, 0x73, 0x9d, 0x73, 0x9d, 0x6b, 0x5b, 
	0x6b, 0x5b, 0x73, 0x9d, 0x73, 0x9d, 0x6b, 0x5b, 
	0x63, 0x19, 0x6b, 0x5b, 0x73, 0x9d, 0x84, 0x21, 
	0x73, 0x9d, 0x6b, 0x5b, 0x6b, 0x5b, 0x63, 0x19, 
	0x52, 0x95, 0x63, 0x19, 0x6b, 0x5b, 0x73, 0x9d, 
	0x63, 0x19, 0x84, 0x21, 0x8c, 0x63, 0xa5, 0x29, 
	0x8c, 0x63, 0x8c, 0x63, 0x8c, 0x63, 0x8c, 0x63, 
	0x8c, 0x63, 0x8c, 0x63, 0x84, 0x21, 0x73, 0x9d, 
	0x6b, 0x5b, 0x6b, 0x5b, 0x6b, 0x5b, 0x73, 0x9d, 
	0x6b, 0x5b, 0x73, 0x9d, 0x73, 0x9d, 0x6b, 0x5b, 
	
};

Gfx hyrule_dl_window_ia4_aligner[] = {gsSPEndDisplayList()};
u8 hyrule_dl_window_ia4[] = {
	0xee, 0xee, 0xee, 0xee, 0xee, 0xee, 0xee, 0xee, 
	0xee, 0xee, 0xee, 0xee, 0xee, 0xee, 0xee, 0xee, 
	0xee, 0xee, 0xee, 0xee, 0xee, 0xee, 0x77, 0x77, 
	0x57, 0x77, 0xee, 0xee, 0xee, 0xee, 0xee, 0xee, 
	0xee, 0xee, 0xee, 0xee, 0xe7, 0x55, 0x35, 0x55, 
	0x53, 0x35, 0x77, 0x7e, 0xee, 0xee, 0xee, 0xee, 
	0xee, 0xee, 0xee, 0xe7, 0x73, 0x31, 0x13, 0x37, 
	0x53, 0x33, 0x33, 0x57, 0x5e, 0xee, 0xee, 0xee, 
	0xee, 0xee, 0xee, 0x57, 0x71, 0x11, 0x13, 0x37, 
	0x53, 0x11, 0x11, 0x37, 0x57, 0xee, 0xee, 0xee, 
	0xee, 0xee, 0x13, 0x37, 0x71, 0x11, 0x11, 0x17, 
	0x71, 0x11, 0x11, 0x17, 0x73, 0x55, 0xee, 0xee, 
	0xee, 0xee, 0x11, 0x37, 0x71, 0x11, 0x11, 0x19, 
	0x71, 0x11, 0x11, 0x19, 0x71, 0x33, 0xee, 0xee, 
	0xee, 0xe3, 0x11, 0x17, 0x71, 0x11, 0x11, 0x17, 
	0x71, 0x11, 0x11, 0x19, 0x71, 0x13, 0x5e, 0xee, 
	0xee, 0x93, 0x11, 0x19, 0x71, 0x11, 0x11, 0x17, 
	0x71, 0x11, 0x11, 0x19, 0x71, 0x11, 0x37, 0xee, 
	0xee, 0x73, 0x11, 0x19, 0x71, 0x11, 0x11, 0x17, 
	0x51, 0x11, 0x11, 0x17, 0x71, 0x11, 0x35, 0xee, 
	0xe5, 0x51, 0x11, 0x19, 0x71, 0x11, 0x11, 0x15, 
	0x31, 0x11, 0x11, 0x17, 0x51, 0x11, 0x15, 0x5e, 
	0xe5, 0x75, 0x77, 0x77, 0x77, 0x79, 0x99, 0x99, 
	0x99, 0x77, 0x77, 0x77, 0x75, 0x53, 0x33, 0x5e, 
	0xe5, 0x53, 0x55, 0x55, 0x55, 0x55, 0x77, 0x77, 
	0x75, 0x55, 0x55, 0x55, 0x55, 0x55, 0x33, 0x3e, 
	0xe5, 0x51, 0x11, 0x15, 0x31, 0x11, 0x11, 0x13, 
	0x11, 0x11, 0x11, 0x13, 0x11, 0x11, 0x33, 0x3e, 
	0xe5, 0x51, 0x11, 0x15, 0x31, 0x11, 0x11, 0x13, 
	0x31, 0x11, 0x11, 0x13, 0x31, 0x11, 0x33, 0x3e, 
	0xe3, 0x31, 0x11, 0x17, 0x51, 0x11, 0x11, 0x15, 
	0x31, 0x11, 0x11, 0x15, 0x31, 0x11, 0x33, 0x3e, 
	0xe3, 0x31, 0x11, 0x19, 0x71, 0x11, 0x11, 0x17, 
	0x51, 0x11, 0x11, 0x15, 0x31, 0x11, 0x35, 0x5e, 
	0xe3, 0x55, 0x55, 0x77, 0x77, 0x77, 0x77, 0x77, 
	0x77, 0x77, 0x77, 0x57, 0x77, 0x77, 0x75, 0x5e, 
	0xe3, 0x33, 0x55, 0x55, 0x55, 0x55, 0x55, 0x55, 
	0x55, 0x55, 0x53, 0x55, 0x55, 0x75, 0x55, 0x7e, 
	0xe5, 0x51, 0x11, 0x15, 0x31, 0x11, 0x11, 0x15, 
	0x31, 0x11, 0x11, 0x13, 0x31, 0x13, 0x35, 0x5e, 
	0xe5, 0x51, 0x11, 0x17, 0x51, 0x11, 0x11, 0x17, 
	0x51, 0x11, 0x11, 0x15, 0x51, 0x13, 0x35, 0x5e, 
	0xe5, 0x51, 0x11, 0x19, 0x71, 0x11, 0x11, 0x17, 
	0x51, 0x11, 0x11, 0x17, 0x51, 0x13, 0x35, 0x5e, 
	0xe5, 0x53, 0x11, 0x19, 0x71, 0x11, 0x11, 0x17, 
	0x51, 0x11, 0x11, 0x17, 0x51, 0x13, 0x35, 0x5e, 
	0xe5, 0x57, 0x79, 0x97, 0x77, 0x77, 0x77, 0x55, 
	0x55, 0x55, 0x77, 0x77, 0x77, 0x75, 0x55, 0x5e, 
	0xe5, 0x55, 0x57, 0x77, 0x55, 0x55, 0x55, 0x55, 
	0x55, 0x55, 0x55, 0x55, 0x55, 0x53, 0x33, 0x5e, 
	0xe5, 0x51, 0x11, 0x13, 0x31, 0x11, 0x11, 0x13, 
	0x31, 0x11, 0x11, 0x13, 0x31, 0x11, 0x35, 0x5e, 
	0xe5, 0x53, 0x33, 0x33, 0x33, 0x33, 0x33, 0x35, 
	0x53, 0x33, 0x33, 0x35, 0x33, 0x33, 0x55, 0x5e, 
	0xe5, 0x55, 0x55, 0x55, 0x55, 0x77, 0x53, 0x17, 
	0x55, 0x55, 0x55, 0x57, 0x55, 0x55, 0x55, 0x5e, 
	0xe5, 0x55, 0x55, 0x75, 0x55, 0x55, 0x55, 0x55, 
	0x55, 0x53, 0x55, 0x55, 0x55, 0x55, 0x55, 0x5e, 
	0xe7, 0x55, 0x55, 0x77, 0x55, 0x75, 0x55, 0x55, 
	0x55, 0x55, 0x57, 0x77, 0x55, 0x55, 0x55, 0x7e, 
	0xee, 0x77, 0x77, 0x99, 0x99, 0x99, 0x75, 0x55, 
	0x55, 0x77, 0x79, 0x97, 0x77, 0x77, 0x77, 0xee, 
	0xee, 0xee, 0xee, 0xee, 0xee, 0xee, 0xee, 0xee, 
	0xee, 0xee, 0xee, 0xee, 0xee, 0xee, 0xee, 0xee, 
	
};

Gfx hyrule_dl_window_2_rgba16_aligner[] = {gsSPEndDisplayList()};
u8 hyrule_dl_window_2_rgba16[] = {
	0xff, 0xfe, 0xff, 0xfe, 0xff, 0xfe, 0xff, 0xfe, 
	0xff, 0xfe, 0xff, 0xfe, 0xff, 0xfe, 0xff, 0xfe, 
	0xff, 0xfe, 0x4a, 0x53, 0x31, 0x8d, 0xff, 0xfe, 
	0xff, 0xfe, 0xff, 0xfe, 0xff, 0xfe, 0x4a, 0x53, 
	0x31, 0x8d, 0xff, 0xfe, 0xff, 0xfe, 0xff, 0xfe, 
	0xff, 0xfe, 0x4a, 0x53, 0x31, 0x8d, 0xff, 0xfe, 
	0xff, 0xfe, 0xff, 0xfe, 0xff, 0xfe, 0xff, 0xfe, 
	0xff, 0xfe, 0xff, 0xfe, 0xff, 0xfe, 0xff, 0xfe, 
	0xff, 0xfe, 0xff, 0xfe, 0xff, 0xfe, 0xff, 0xfe, 
	0xff, 0xfe, 0xff, 0xfe, 0xff, 0xfe, 0xff, 0xfe, 
	0xff, 0xfe, 0x4a, 0x53, 0x31, 0x8d, 0xff, 0xfe, 
	0xff, 0xfe, 0xff, 0xfe, 0xff, 0xfe, 0x4a, 0x53, 
	0x31, 0x8d, 0xff, 0xfe, 0xff, 0xfe, 0xff, 0xfe, 
	0xff, 0xfe, 0x4a, 0x53, 0x31, 0x8d, 0xff, 0xfe, 
	0xff, 0xfe, 0xff, 0xfe, 0xff, 0xfe, 0xff, 0xfe, 
	0xff, 0xfe, 0xff, 0xfe, 0xff, 0xfe, 0xff, 0xfe, 
	0xff, 0xfe, 0xff, 0xfe, 0xff, 0xfe, 0xff, 0xfe, 
	0xff, 0xfe, 0xff, 0xfe, 0xff, 0xfe, 0xff, 0xfe, 
	0xff, 0xfe, 0x4a, 0x53, 0x31, 0x8d, 0xff, 0xfe, 
	0xff, 0xfe, 0xff, 0xfe, 0xff, 0xfe, 0x4a, 0x53, 
	0x31, 0x8d, 0xff, 0xfe, 0xff, 0xfe, 0xff, 0xfe, 
	0xff, 0xfe, 0x4a, 0x53, 0x31, 0x8d, 0xff, 0xfe, 
	0xff, 0xfe, 0xff, 0xfe, 0xff, 0xfe, 0xff, 0xfe, 
	0xff, 0xfe, 0xff, 0xfe, 0xff, 0xfe, 0xff, 0xfe, 
	0xff, 0xfe, 0xff, 0xfe, 0xff, 0xfe, 0xff, 0xfe, 
	0xff, 0xfe, 0xff, 0xfe, 0xff, 0xfe, 0xff, 0xfe, 
	0xff, 0xfe, 0x4a, 0x53, 0x31, 0x8d, 0xff, 0xfe, 
	0xff, 0xfe, 0xff, 0xfe, 0xff, 0xfe, 0x4a, 0x53, 
	0x31, 0x8d, 0xff, 0xfe, 0xff, 0xfe, 0xff, 0xfe, 
	0xff, 0xfe, 0x4a, 0x53, 0x31, 0x8d, 0xff, 0xfe, 
	0xff, 0xfe, 0xff, 0xfe, 0xff, 0xfe, 0xff, 0xfe, 
	0xff, 0xfe, 0xff, 0xfe, 0xff, 0xfe, 0xff, 0xfe, 
	0xff, 0xfe, 0xff, 0xfe, 0xff, 0xfe, 0xff, 0xfe, 
	0xff, 0xfe, 0xff, 0xfe, 0xff, 0xfe, 0xff, 0xfe, 
	0xff, 0xfe, 0x4a, 0x53, 0x31, 0x8d, 0xff, 0xfe, 
	0xff, 0xfe, 0xff, 0xfe, 0xff, 0xfe, 0x4a, 0x53, 
	0x31, 0x8d, 0xff, 0xfe, 0xff, 0xfe, 0xff, 0xfe, 
	0xff, 0xfe, 0x4a, 0x53, 0x31, 0x8d, 0xff, 0xfe, 
	0xff, 0xfe, 0xff, 0xfe, 0xff, 0xfe, 0xff, 0xfe, 
	0xff, 0xfe, 0xff, 0xfe, 0xff, 0xfe, 0xff, 0xfe, 
	0xff, 0xfe, 0xff, 0xfe, 0xff, 0xfe, 0xff, 0xfe, 
	0xff, 0xfe, 0xff, 0xfe, 0xff, 0xfe, 0xff, 0xfe, 
	0xff, 0xfe, 0x4a, 0x53, 0x31, 0x8d, 0xff, 0xfe, 
	0xff, 0xfe, 0xff, 0xfe, 0xff, 0xfe, 0x4a, 0x53, 
	0x31, 0x8d, 0xff, 0xfe, 0xff, 0xfe, 0xff, 0xfe, 
	0xff, 0xfe, 0x4a, 0x53, 0x31, 0x8d, 0xff, 0xfe, 
	0xff, 0xfe, 0xff, 0xfe, 0xff, 0xfe, 0xff, 0xfe, 
	0xff, 0xfe, 0xff, 0xfe, 0xff, 0xfe, 0xff, 0xfe, 
	0xff, 0xfe, 0xff, 0xfe, 0xff, 0xfe, 0xff, 0xfe, 
	0xff, 0xfe, 0xff, 0xfe, 0xff, 0xfe, 0xff, 0xfe, 
	0xff, 0xfe, 0x4a, 0x53, 0x31, 0x8d, 0xff, 0xfe, 
	0xff, 0xfe, 0xff, 0xfe, 0xff, 0xfe, 0x4a, 0x53, 
	0x31, 0x8d, 0xff, 0xfe, 0xff, 0xfe, 0xff, 0xfe, 
	0xff, 0xfe, 0x4a, 0x53, 0x31, 0x8d, 0xff, 0xfe, 
	0xff, 0xfe, 0xff, 0xfe, 0xff, 0xfe, 0xff, 0xfe, 
	0xff, 0xfe, 0xff, 0xfe, 0xff, 0xfe, 0xff, 0xfe, 
	0xff, 0xfe, 0xff, 0xfe, 0xff, 0xfe, 0xff, 0xfe, 
	0xff, 0xfe, 0xff, 0xfe, 0xff, 0xfe, 0xff, 0xfe, 
	0xff, 0xfe, 0x4a, 0x53, 0x31, 0x8d, 0xff, 0xfe, 
	0xff, 0xfe, 0xff, 0xfe, 0xff, 0xfe, 0x4a, 0x53, 
	0x31, 0x8d, 0xff, 0xfe, 0xff, 0xfe, 0xff, 0xfe, 
	0xff, 0xfe, 0x4a, 0x53, 0x31, 0x8d, 0xff, 0xfe, 
	0xff, 0xfe, 0xff, 0xfe, 0xff, 0xfe, 0xff, 0xfe, 
	0xff, 0xfe, 0xff, 0xfe, 0xff, 0xfe, 0xff, 0xfe, 
	0xff, 0xfe, 0xff, 0xfe, 0xff, 0xfe, 0xff, 0xfe, 
	0xff, 0xfe, 0xff, 0xfe, 0xff, 0xfe, 0xff, 0xfe, 
	0xff, 0xfe, 0x4a, 0x53, 0x31, 0x8d, 0xff, 0xfe, 
	0xff, 0xfe, 0xff, 0xfe, 0xff, 0xfe, 0x4a, 0x53, 
	0x31, 0x8d, 0xff, 0xfe, 0xff, 0xfe, 0xff, 0xfe, 
	0xff, 0xfe, 0x4a, 0x53, 0x31, 0x8d, 0xff, 0xfe, 
	0xff, 0xfe, 0xff, 0xfe, 0xff, 0xfe, 0xff, 0xfe, 
	0xff, 0xfe, 0xff, 0xfe, 0xff, 0xfe, 0xff, 0xfe, 
	0x6b, 0x5b, 0x6b, 0x5b, 0x6b, 0x5b, 0x6b, 0x5b, 
	0x6b, 0x5b, 0x6b, 0x5b, 0x6b, 0x5b, 0x6b, 0x5b, 
	0x6b, 0x5b, 0x73, 0x9d, 0x7b, 0xdf, 0x84, 0x21, 
	0x94, 0xa5, 0x94, 0xa5, 0x94, 0xa5, 0x94, 0xa5, 
	0x84, 0x21, 0x84, 0x21, 0x7b, 0xdf, 0x7b, 0xdf, 
	0x73, 0x9d, 0x6b, 0x5b, 0x6b, 0x5b, 0x63, 0x19, 
	0x63, 0x19, 0x63, 0x19, 0x63, 0x19, 0x63, 0x19, 
	0x63, 0x19, 0x63, 0x19, 0x63, 0x19, 0x63, 0x19, 
	0x4a, 0x53, 0x4a, 0x53, 0x4a, 0x53, 0x4a, 0x53, 
	0x4a, 0x53, 0x4a, 0x53, 0x4a, 0x53, 0x4a, 0x53, 
	0x4a, 0x53, 0x4a, 0x53, 0x5a, 0xd7, 0x5a, 0xd7, 
	0x63, 0x19, 0x63, 0x19, 0x63, 0x19, 0x63, 0x19, 
	0x63, 0x19, 0x5a, 0xd7, 0x5a, 0xd7, 0x5a, 0xd7, 
	0x5a, 0xd7, 0x4a, 0x53, 0x4a, 0x53, 0x4a, 0x53, 
	0x4a, 0x53, 0x4a, 0x53, 0x4a, 0x53, 0x4a, 0x53, 
	0x4a, 0x53, 0x4a, 0x53, 0x4a, 0x53, 0x4a, 0x53, 
	0xff, 0xfe, 0xff, 0xfe, 0xff, 0xfe, 0xff, 0xfe, 
	0xff, 0xfe, 0xff, 0xfe, 0xff, 0xfe, 0xff, 0xfe, 
	0xff, 0xfe, 0x5a, 0xd7, 0x31, 0x8d, 0xff, 0xfe, 
	0xff, 0xfe, 0xff, 0xfe, 0xff, 0xfe, 0x29, 0x4b, 
	0x10, 0x85, 0xff, 0xfe, 0xff, 0xfe, 0xff, 0xfe, 
	0xff, 0xfe, 0x21, 0x09, 0x10, 0x85, 0xff, 0xfe, 
	0xff, 0xfe, 0xff, 0xfe, 0xff, 0xfe, 0xff, 0xfe, 
	0xff, 0xfe, 0xff, 0xfe, 0xff, 0xfe, 0xff, 0xfe, 
	0xff, 0xfe, 0xff, 0xfe, 0xff, 0xfe, 0xff, 0xfe, 
	0xff, 0xfe, 0xff, 0xfe, 0xff, 0xfe, 0xff, 0xfe, 
	0xff, 0xfe, 0x5a, 0xd7, 0x31, 0x8d, 0xff, 0xfe, 
	0xff, 0xfe, 0xff, 0xfe, 0xff, 0xfe, 0x31, 0x8d, 
	0x21, 0x09, 0xff, 0xfe, 0xff, 0xfe, 0xff, 0xfe, 
	0xff, 0xfe, 0x29, 0x4b, 0x21, 0x09, 0xff, 0xfe, 
	0xff, 0xfe, 0xff, 0xfe, 0xff, 0xfe, 0xff, 0xfe, 
	0xff, 0xfe, 0xff, 0xfe, 0xff, 0xfe, 0xff, 0xfe, 
	0xff, 0xfe, 0xff, 0xfe, 0xff, 0xfe, 0xff, 0xfe, 
	0xff, 0xfe, 0xff, 0xfe, 0xff, 0xfe, 0xff, 0xfe, 
	0xff, 0xfe, 0x6b, 0x5b, 0x4a, 0x53, 0xff, 0xfe, 
	0xff, 0xfe, 0xff, 0xfe, 0xff, 0xfe, 0x5a, 0xd7, 
	0x31, 0x8d, 0xff, 0xfe, 0xff, 0xfe, 0xff, 0xfe, 
	0xff, 0xfe, 0x42, 0x11, 0x31, 0x8d, 0xff, 0xfe, 
	0xff, 0xfe, 0xff, 0xfe, 0xff, 0xfe, 0xff, 0xfe, 
	0xff, 0xfe, 0xff, 0xfe, 0xff, 0xfe, 0xff, 0xfe, 
	0xff, 0xfe, 0xff, 0xfe, 0xff, 0xfe, 0xff, 0xfe, 
	0xff, 0xfe, 0xff, 0xfe, 0xff, 0xfe, 0xff, 0xfe, 
	0xff, 0xfe, 0x84, 0x21, 0x6b, 0x5b, 0xff, 0xfe, 
	0xff, 0xfe, 0xff, 0xfe, 0xff, 0xfe, 0x63, 0x19, 
	0x42, 0x11, 0xff, 0xfe, 0xff, 0xfe, 0xff, 0xfe, 
	0xff, 0xfe, 0x4a, 0x53, 0x31, 0x8d, 0xff, 0xfe, 
	0xff, 0xfe, 0xff, 0xfe, 0xff, 0xfe, 0xff, 0xfe, 
	0xff, 0xfe, 0xff, 0xfe, 0xff, 0xfe, 0xff, 0xfe, 
	0x6b, 0x5b, 0x6b, 0x5b, 0x6b, 0x5b, 0x6b, 0x5b, 
	0x6b, 0x5b, 0x6b, 0x5b, 0x6b, 0x5b, 0x6b, 0x5b, 
	0x6b, 0x5b, 0x6b, 0x5b, 0x6b, 0x5b, 0x6b, 0x5b, 
	0x6b, 0x5b, 0x6b, 0x5b, 0x6b, 0x5b, 0x73, 0x9d, 
	0x73, 0x9d, 0x6b, 0x5b, 0x6b, 0x5b, 0x63, 0x19, 
	0x63, 0x19, 0x63, 0x19, 0x5a, 0xd7, 0x63, 0x19, 
	0x63, 0x19, 0x63, 0x19, 0x63, 0x19, 0x63, 0x19, 
	0x63, 0x19, 0x63, 0x19, 0x63, 0x19, 0x63, 0x19, 
	0x4a, 0x53, 0x4a, 0x53, 0x4a, 0x53, 0x4a, 0x53, 
	0x4a, 0x53, 0x4a, 0x53, 0x4a, 0x53, 0x4a, 0x53, 
	0x4a, 0x53, 0x4a, 0x53, 0x4a, 0x53, 0x42, 0x11, 
	0x42, 0x11, 0x42, 0x11, 0x4a, 0x53, 0x5a, 0xd7, 
	0x5a, 0xd7, 0x4a, 0x53, 0x4a, 0x53, 0x42, 0x11, 
	0x42, 0x11, 0x31, 0x8d, 0x42, 0x11, 0x42, 0x11, 
	0x42, 0x11, 0x42, 0x11, 0x42, 0x11, 0x42, 0x11, 
	0x42, 0x11, 0x42, 0x11, 0x42, 0x11, 0x42, 0x11, 
	0xff, 0xfe, 0xff, 0xfe, 0xff, 0xfe, 0xff, 0xfe, 
	0xff, 0xfe, 0xff, 0xfe, 0xff, 0xfe, 0xff, 0xfe, 
	0xff, 0xfe, 0x5a, 0xd7, 0x31, 0x8d, 0xff, 0xfe, 
	0xff, 0xfe, 0xff, 0xfe, 0xff, 0xfe, 0x42, 0x11, 
	0x29, 0x4b, 0xff, 0xfe, 0xff, 0xfe, 0xff, 0xfe, 
	0xff, 0xfe, 0x29, 0x4b, 0x21, 0x09, 0xff, 0xfe, 
	0xff, 0xfe, 0xff, 0xfe, 0xff, 0xfe, 0xff, 0xfe, 
	0xff, 0xfe, 0xff, 0xfe, 0xff, 0xfe, 0xff, 0xfe, 
	0xff, 0xfe, 0xff, 0xfe, 0xff, 0xfe, 0xff, 0xfe, 
	0xff, 0xfe, 0xff, 0xfe, 0xff, 0xfe, 0xff, 0xfe, 
	0xff, 0xfe, 0x6b, 0x5b, 0x42, 0x11, 0xff, 0xfe, 
	0xff, 0xfe, 0xff, 0xfe, 0xff, 0xfe, 0x63, 0x19, 
	0x42, 0x11, 0xff, 0xfe, 0xff, 0xfe, 0xff, 0xfe, 
	0xff, 0xfe, 0x4a, 0x53, 0x42, 0x11, 0xff, 0xfe, 
	0xff, 0xfe, 0xff, 0xfe, 0xff, 0xfe, 0xff, 0xfe, 
	0xff, 0xfe, 0xff, 0xfe, 0xff, 0xfe, 0xff, 0xfe, 
	0xff, 0xfe, 0xff, 0xfe, 0xff, 0xfe, 0xff, 0xfe, 
	0xff, 0xfe, 0xff, 0xfe, 0xff, 0xfe, 0xff, 0xfe, 
	0xff, 0xfe, 0x84, 0x21, 0x63, 0x19, 0xff, 0xfe, 
	0xff, 0xfe, 0xff, 0xfe, 0xff, 0xfe, 0x73, 0x9d, 
	0x5a, 0xd7, 0xff, 0xfe, 0xff, 0xfe, 0xff, 0xfe, 
	0xff, 0xfe, 0x6b, 0x5b, 0x5a, 0xd7, 0xff, 0xfe, 
	0xff, 0xfe, 0xff, 0xfe, 0xff, 0xfe, 0xff, 0xfe, 
	0xff, 0xfe, 0xff, 0xfe, 0xff, 0xfe, 0xff, 0xfe, 
	0xff, 0xfe, 0xff, 0xfe, 0xff, 0xfe, 0xff, 0xfe, 
	0xff, 0xfe, 0xff, 0xfe, 0xff, 0xfe, 0xff, 0xfe, 
	0xff, 0xfe, 0x94, 0xa5, 0x63, 0x19, 0xff, 0xfe, 
	0xff, 0xfe, 0xff, 0xfe, 0xff, 0xfe, 0x6b, 0x5b, 
	0x4a, 0x53, 0xff, 0xfe, 0xff, 0xfe, 0xff, 0xfe, 
	0xff, 0xfe, 0x6b, 0x5b, 0x4a, 0x53, 0xff, 0xfe, 
	0xff, 0xfe, 0xff, 0xfe, 0xff, 0xfe, 0xff, 0xfe, 
	0xff, 0xfe, 0xff, 0xfe, 0xff, 0xfe, 0xff, 0xfe, 
	0x73, 0x9d, 0x73, 0x9d, 0x73, 0x9d, 0x73, 0x9d, 
	0x73, 0x9d, 0x73, 0x9d, 0x73, 0x9d, 0x73, 0x9d, 
	0x73, 0x9d, 0x63, 0x19, 0x63, 0x19, 0x63, 0x19, 
	0x63, 0x19, 0x63, 0x19, 0x5a, 0xd7, 0x5a, 0xd7, 
	0x5a, 0xd7, 0x5a, 0xd7, 0x5a, 0xd7, 0x5a, 0xd7, 
	0x63, 0x19, 0x63, 0x19, 0x63, 0x19, 0x63, 0x19, 
	0x63, 0x19, 0x63, 0x19, 0x63, 0x19, 0x63, 0x19, 
	0x63, 0x19, 0x63, 0x19, 0x63, 0x19, 0x63, 0x19, 
	0x5a, 0xd7, 0x5a, 0xd7, 0x5a, 0xd7, 0x5a, 0xd7, 
	0x5a, 0xd7, 0x5a, 0xd7, 0x5a, 0xd7, 0x5a, 0xd7, 
	0x5a, 0xd7, 0x4a, 0x53, 0x4a, 0x53, 0x5a, 0xd7, 
	0x4a, 0x53, 0x4a, 0x53, 0x4a, 0x53, 0x4a, 0x53, 
	0x4a, 0x53, 0x4a, 0x53, 0x5a, 0xd7, 0x5a, 0xd7, 
	0x5a, 0xd7, 0x5a, 0xd7, 0x5a, 0xd7, 0x5a, 0xd7, 
	0x5a, 0xd7, 0x5a, 0xd7, 0x5a, 0xd7, 0x5a, 0xd7, 
	0x5a, 0xd7, 0x5a, 0xd7, 0x5a, 0xd7, 0x5a, 0xd7, 
	0xff, 0xfe, 0xff, 0xfe, 0xff, 0xfe, 0xff, 0xfe, 
	0xff, 0xfe, 0xff, 0xfe, 0xff, 0xfe, 0xff, 0xfe, 
	0xff, 0xfe, 0x29, 0x4b, 0x21, 0x09, 0xff, 0xfe, 
	0xff, 0xfe, 0xff, 0xfe, 0xff, 0xfe, 0x29, 0x4b, 
	0x21, 0x09, 0xff, 0xfe, 0xff, 0xfe, 0xff, 0xfe, 
	0xff, 0xfe, 0x31, 0x8d, 0x29, 0x4b, 0xff, 0xfe, 
	0xff, 0xfe, 0xff, 0xfe, 0xff, 0xfe, 0xff, 0xfe, 
	0xff, 0xfe, 0xff, 0xfe, 0xff, 0xfe, 0xff, 0xfe, 
	0xff, 0xfe, 0xff, 0xfe, 0xff, 0xfe, 0xff, 0xfe, 
	0xff, 0xfe, 0xff, 0xfe, 0xff, 0xfe, 0xff, 0xfe, 
	0xff, 0xfe, 0x29, 0x4b, 0x21, 0x09, 0xff, 0xfe, 
	0xff, 0xfe, 0xff, 0xfe, 0xff, 0xfe, 0x29, 0x4b, 
	0x21, 0x09, 0xff, 0xfe, 0xff, 0xfe, 0xff, 0xfe, 
	0xff, 0xfe, 0x31, 0x8d, 0x29, 0x4b, 0xff, 0xfe, 
	0xff, 0xfe, 0xff, 0xfe, 0xff, 0xfe, 0xff, 0xfe, 
	0xff, 0xfe, 0xff, 0xfe, 0xff, 0xfe, 0xff, 0xfe, 
	0xff, 0xfe, 0xff, 0xfe, 0xff, 0xfe, 0xff, 0xfe, 
	0xff, 0xfe, 0xff, 0xfe, 0xff, 0xfe, 0xff, 0xfe, 
	0xff, 0xfe, 0x29, 0x4b, 0x21, 0x09, 0xff, 0xfe, 
	0xff, 0xfe, 0xff, 0xfe, 0xff, 0xfe, 0x29, 0x4b, 
	0x21, 0x09, 0xff, 0xfe, 0xff, 0xfe, 0xff, 0xfe, 
	0xff, 0xfe, 0x31, 0x8d, 0x29, 0x4b, 0xff, 0xfe, 
	0xff, 0xfe, 0xff, 0xfe, 0xff, 0xfe, 0xff, 0xfe, 
	0xff, 0xfe, 0xff, 0xfe, 0xff, 0xfe, 0xff, 0xfe, 
	0xff, 0xfe, 0xff, 0xfe, 0xff, 0xfe, 0xff, 0xfe, 
	0xff, 0xfe, 0xff, 0xfe, 0xff, 0xfe, 0xff, 0xfe, 
	0xff, 0xfe, 0x29, 0x4b, 0x21, 0x09, 0xff, 0xfe, 
	0xff, 0xfe, 0xff, 0xfe, 0xff, 0xfe, 0x29, 0x4b, 
	0x21, 0x09, 0xff, 0xfe, 0xff, 0xfe, 0xff, 0xfe, 
	0xff, 0xfe, 0x31, 0x8d, 0x29, 0x4b, 0xff, 0xfe, 
	0xff, 0xfe, 0xff, 0xfe, 0xff, 0xfe, 0xff, 0xfe, 
	0xff, 0xfe, 0xff, 0xfe, 0xff, 0xfe, 0xff, 0xfe, 
	0xff, 0xfe, 0xff, 0xfe, 0xff, 0xfe, 0xff, 0xfe, 
	0xff, 0xfe, 0xff, 0xfe, 0xff, 0xfe, 0xff, 0xfe, 
	0xff, 0xfe, 0x29, 0x4b, 0x21, 0x09, 0xff, 0xfe, 
	0xff, 0xfe, 0xff, 0xfe, 0xff, 0xfe, 0x29, 0x4b, 
	0x21, 0x09, 0xff, 0xfe, 0xff, 0xfe, 0xff, 0xfe, 
	0xff, 0xfe, 0x31, 0x8d, 0x29, 0x4b, 0xff, 0xfe, 
	0xff, 0xfe, 0xff, 0xfe, 0xff, 0xfe, 0xff, 0xfe, 
	0xff, 0xfe, 0xff, 0xfe, 0xff, 0xfe, 0xff, 0xfe, 
	0xff, 0xfe, 0xff, 0xfe, 0xff, 0xfe, 0xff, 0xfe, 
	0xff, 0xfe, 0xff, 0xfe, 0xff, 0xfe, 0xff, 0xfe, 
	0xff, 0xfe, 0x29, 0x4b, 0x21, 0x09, 0xff, 0xfe, 
	0xff, 0xfe, 0xff, 0xfe, 0xff, 0xfe, 0x29, 0x4b, 
	0x21, 0x09, 0xff, 0xfe, 0xff, 0xfe, 0xff, 0xfe, 
	0xff, 0xfe, 0x31, 0x8d, 0x29, 0x4b, 0xff, 0xfe, 
	0xff, 0xfe, 0xff, 0xfe, 0xff, 0xfe, 0xff, 0xfe, 
	0xff, 0xfe, 0xff, 0xfe, 0xff, 0xfe, 0xff, 0xfe, 
	0xff, 0xfe, 0xff, 0xfe, 0xff, 0xfe, 0xff, 0xfe, 
	0xff, 0xfe, 0xff, 0xfe, 0xff, 0xfe, 0xff, 0xfe, 
	0xff, 0xfe, 0x29, 0x4b, 0x21, 0x09, 0xff, 0xfe, 
	0xff, 0xfe, 0xff, 0xfe, 0xff, 0xfe, 0x29, 0x4b, 
	0x21, 0x09, 0xff, 0xfe, 0xff, 0xfe, 0xff, 0xfe, 
	0xff, 0xfe, 0x31, 0x8d, 0x29, 0x4b, 0xff, 0xfe, 
	0xff, 0xfe, 0xff, 0xfe, 0xff, 0xfe, 0xff, 0xfe, 
	0xff, 0xfe, 0xff, 0xfe, 0xff, 0xfe, 0xff, 0xfe, 
	0xff, 0xfe, 0xff, 0xfe, 0xff, 0xfe, 0xff, 0xfe, 
	0xff, 0xfe, 0xff, 0xfe, 0xff, 0xfe, 0xff, 0xfe, 
	0xff, 0xfe, 0x29, 0x4b, 0x21, 0x09, 0xff, 0xfe, 
	0xff, 0xfe, 0xff, 0xfe, 0xff, 0xfe, 0x29, 0x4b, 
	0x21, 0x09, 0xff, 0xfe, 0xff, 0xfe, 0xff, 0xfe, 
	0xff, 0xfe, 0x31, 0x8d, 0x29, 0x4b, 0xff, 0xfe, 
	0xff, 0xfe, 0xff, 0xfe, 0xff, 0xfe, 0xff, 0xfe, 
	0xff, 0xfe, 0xff, 0xfe, 0xff, 0xfe, 0xff, 0xfe, 
	0xff, 0xfe, 0xff, 0xfe, 0xff, 0xfe, 0xff, 0xfe, 
	0xff, 0xfe, 0xff, 0xfe, 0xff, 0xfe, 0xff, 0xfe, 
	0xff, 0xfe, 0x29, 0x4b, 0x21, 0x09, 0xff, 0xfe, 
	0xff, 0xfe, 0xff, 0xfe, 0xff, 0xfe, 0x29, 0x4b, 
	0x21, 0x09, 0xff, 0xfe, 0xff, 0xfe, 0xff, 0xfe, 
	0xff, 0xfe, 0x31, 0x8d, 0x29, 0x4b, 0xff, 0xfe, 
	0xff, 0xfe, 0xff, 0xfe, 0xff, 0xfe, 0xff, 0xfe, 
	0xff, 0xfe, 0xff, 0xfe, 0xff, 0xfe, 0xff, 0xfe, 
	
};

Gfx hyrule_dl_platforms_side_rgba16_aligner[] = {gsSPEndDisplayList()};
u8 hyrule_dl_platforms_side_rgba16[] = {
	0x94, 0x1d, 0x94, 0x1d, 0x94, 0x1d, 0x94, 0x1d, 
	0x94, 0x1b, 0x8b, 0xd9, 0x8b, 0xd9, 0x94, 0x1b, 
	0x94, 0x1d, 0x94, 0x1d, 0x94, 0x1d, 0x94, 0x1d, 
	0x94, 0x1b, 0x94, 0x1b, 0x94, 0x1b, 0x94, 0x1d, 
	0x94, 0x1d, 0x94, 0x1d, 0x8b, 0xd9, 0x8b, 0xd9, 
	0x8b, 0xd9, 0x83, 0x97, 0x73, 0x13, 0x52, 0x0d, 
	0x73, 0x13, 0x83, 0x97, 0x8b, 0xd9, 0x94, 0x1d, 
	0x94, 0x1d, 0x94, 0x1d, 0x94, 0x1d, 0x94, 0x1d, 
	0x94, 0x1d, 0x94, 0x1d, 0x94, 0x1d, 0x94, 0x1d, 
	0x94, 0x1d, 0x94, 0x1d, 0x94, 0x1d, 0x94, 0x1d, 
	0x94, 0x1d, 0x94, 0x1d, 0x94, 0x1b, 0x94, 0x1b, 
	0x94, 0x1b, 0x8b, 0xd9, 0x83, 0x97, 0x83, 0x97, 
	0x7b, 0x55, 0x83, 0x97, 0x83, 0x97, 0x7b, 0x55, 
	0x41, 0xcb, 0x73, 0x13, 0x94, 0x1b, 0x94, 0x1d, 
	0x94, 0x1d, 0x94, 0x1d, 0x94, 0x1d, 0x94, 0x1d, 
	0x94, 0x1d, 0x94, 0x1d, 0x94, 0x1d, 0x94, 0x1d, 
	0x8b, 0xd9, 0x94, 0x1b, 0x94, 0x1d, 0x94, 0x1d, 
	0x94, 0x1d, 0x94, 0x1d, 0x94, 0x1d, 0x94, 0x1b, 
	0x94, 0x1b, 0x94, 0x1b, 0x94, 0x1b, 0x94, 0x1b, 
	0x94, 0x1b, 0x94, 0x1b, 0x94, 0x1b, 0x94, 0x1d, 
	0x94, 0x1d, 0x94, 0x1d, 0x94, 0x1d, 0x94, 0x1d, 
	0x94, 0x1d, 0x94, 0x1b, 0x83, 0x97, 0x5a, 0x4f, 
	0x83, 0x97, 0x8b, 0xd9, 0x94, 0x1d, 0x94, 0x1d, 
	0x94, 0x1d, 0x94, 0x1d, 0x94, 0x1d, 0x94, 0x1d, 
	0x94, 0x1d, 0x94, 0x1d, 0x94, 0x1d, 0x94, 0x1d, 
	0x94, 0x1d, 0x8b, 0xd9, 0x8b, 0xd9, 0x94, 0x1b, 
	0x94, 0x1b, 0x8b, 0xd9, 0x8b, 0xd9, 0x94, 0x1b, 
	0x94, 0x1b, 0x8b, 0xd9, 0x83, 0x97, 0x83, 0x97, 
	0x83, 0x97, 0x83, 0x97, 0x8b, 0xd9, 0x7b, 0x55, 
	0x41, 0xcb, 0x73, 0x13, 0x94, 0x1b, 0x94, 0x1d, 
	0x94, 0x1b, 0x8b, 0xd9, 0x8b, 0xd9, 0x94, 0x1b, 
	0x94, 0x1d, 0x94, 0x1d, 0x94, 0x1d, 0x94, 0x1d, 
	0x94, 0x1d, 0x94, 0x1d, 0x94, 0x1d, 0x94, 0x1d, 
	0x94, 0x1d, 0x94, 0x1d, 0x94, 0x1d, 0x94, 0x1d, 
	0x94, 0x1b, 0x94, 0x1b, 0x94, 0x1b, 0x94, 0x1b, 
	0x8b, 0xd9, 0x8b, 0xd9, 0x94, 0x1b, 0x8b, 0xd9, 
	0x8b, 0xd9, 0x94, 0x1d, 0x8b, 0xd9, 0x8b, 0xd9, 
	0x83, 0x97, 0x8b, 0xd9, 0x83, 0x97, 0x73, 0x13, 
	0x8b, 0xd9, 0x94, 0x1b, 0x94, 0x1b, 0x8b, 0xd9, 
	0x83, 0x97, 0x83, 0x97, 0x8b, 0xd9, 0x8b, 0xd9, 
	0x8b, 0xd9, 0x8b, 0xd9, 0x94, 0x1d, 0x94, 0x1d, 
	0x94, 0x1d, 0x94, 0x1b, 0x8b, 0xd9, 0x94, 0x1b, 
	0x8b, 0xd9, 0x8b, 0xd9, 0x8b, 0xd9, 0x94, 0x1d, 
	0x8b, 0xd9, 0x83, 0x97, 0x83, 0x97, 0x8b, 0xd9, 
	0x83, 0x97, 0x83, 0x97, 0x8b, 0xd9, 0x83, 0x97, 
	0x52, 0x0d, 0x73, 0x13, 0x83, 0x97, 0x8b, 0xd9, 
	0x8b, 0xd9, 0x8b, 0xd9, 0x8b, 0xd9, 0x8b, 0xd9, 
	0x94, 0x1b, 0x94, 0x1b, 0x94, 0x1b, 0x94, 0x1b, 
	0x94, 0x1d, 0x94, 0x1d, 0x94, 0x1d, 0x94, 0x1b, 
	0x8b, 0xd9, 0x83, 0x97, 0x83, 0x97, 0x83, 0x97, 
	0x8b, 0xd9, 0x94, 0x1b, 0x8b, 0xd9, 0x7b, 0x55, 
	0x73, 0x13, 0x73, 0x13, 0x83, 0x97, 0x8b, 0xd9, 
	0x8b, 0xd9, 0x8b, 0xd9, 0x8b, 0xd9, 0x83, 0x97, 
	0x83, 0x97, 0x8b, 0xd9, 0x8b, 0xd9, 0x73, 0x13, 
	0x8b, 0xd9, 0x94, 0x1b, 0x8b, 0xd9, 0x8b, 0xd9, 
	0x73, 0x13, 0x62, 0x91, 0x7b, 0x55, 0x73, 0x13, 
	0x73, 0x13, 0x7b, 0x55, 0x8b, 0xd9, 0x8b, 0xd9, 
	0x83, 0x97, 0x8b, 0xd9, 0x94, 0x1d, 0x94, 0x1b, 
	0x8b, 0xd9, 0x83, 0x97, 0x8b, 0xd9, 0x83, 0x97, 
	0x83, 0x97, 0x83, 0x97, 0x7b, 0x55, 0x7b, 0x55, 
	0x73, 0x13, 0x7b, 0x55, 0x8b, 0xd9, 0x83, 0x97, 
	0x5a, 0x4f, 0x62, 0x91, 0x7b, 0x55, 0x83, 0x97, 
	0x83, 0x97, 0x83, 0x97, 0x83, 0x97, 0x83, 0x97, 
	0x83, 0x97, 0x7b, 0x55, 0x8b, 0xd9, 0x8b, 0xd9, 
	0x94, 0x1d, 0x94, 0x1d, 0x94, 0x1d, 0x94, 0x1b, 
	0x83, 0x97, 0x7b, 0x55, 0x7b, 0x55, 0x7b, 0x55, 
	0x83, 0x97, 0x94, 0x1b, 0x94, 0x1b, 0x8b, 0xd9, 
	0x94, 0x1b, 0x94, 0x1d, 0x94, 0x1b, 0x94, 0x1b, 
	0x8b, 0xd9, 0x8b, 0xd9, 0x83, 0x97, 0x83, 0x97, 
	0x94, 0x1b, 0x94, 0x1b, 0x94, 0x1b, 0x73, 0x13, 
	0x7b, 0x55, 0x94, 0x1b, 0x94, 0x1b, 0x8b, 0xd9, 
	0x73, 0x13, 0x73, 0x13, 0x7b, 0x55, 0x83, 0x97, 
	0x83, 0x97, 0x7b, 0x55, 0x7b, 0x55, 0x83, 0x97, 
	0x83, 0x97, 0x83, 0x97, 0x7b, 0x55, 0x73, 0x13, 
	0x7b, 0x55, 0x7b, 0x55, 0x7b, 0x55, 0x7b, 0x55, 
	0x7b, 0x55, 0x83, 0x97, 0x73, 0x13, 0x73, 0x13, 
	0x73, 0x13, 0x73, 0x13, 0x83, 0x97, 0x83, 0x97, 
	0x62, 0x91, 0x73, 0x13, 0x83, 0x97, 0x83, 0x97, 
	0x83, 0x97, 0x83, 0x97, 0x83, 0x97, 0x83, 0x97, 
	0x8b, 0xd9, 0x8b, 0xd9, 0x94, 0x1b, 0x94, 0x1b, 
	0x94, 0x1d, 0x94, 0x1d, 0x94, 0x1b, 0x94, 0x1b, 
	0x94, 0x1b, 0x8b, 0xd9, 0x83, 0x97, 0x7b, 0x55, 
	0x7b, 0x55, 0x83, 0x97, 0x94, 0x1b, 0x94, 0x1d, 
	0x94, 0x1d, 0x94, 0x1d, 0x94, 0x1b, 0x94, 0x1b, 
	0x94, 0x1b, 0x94, 0x1b, 0x8b, 0xd9, 0x8b, 0xd9, 
	0x94, 0x1b, 0x94, 0x1d, 0x83, 0x97, 0x73, 0x13, 
	0x83, 0x97, 0x8b, 0xd9, 0x8b, 0xd9, 0x8b, 0xd9, 
	0x94, 0x1b, 0x94, 0x1d, 0x9c, 0x5f, 0x94, 0x1d, 
	0x94, 0x1b, 0x8b, 0xd9, 0x8b, 0xd9, 0x83, 0x97, 
	0x7b, 0x55, 0x83, 0x97, 0x83, 0x97, 0x8b, 0xd9, 
	0x8b, 0xd9, 0x8b, 0xd9, 0x8b, 0xd9, 0x83, 0x97, 
	0x73, 0x13, 0x73, 0x13, 0x73, 0x13, 0x83, 0x97, 
	0x94, 0x1b, 0x8b, 0xd9, 0x83, 0x97, 0x73, 0x13, 
	0x62, 0x91, 0x73, 0x13, 0x83, 0x97, 0x83, 0x97, 
	0x83, 0x97, 0x8b, 0xd9, 0x8b, 0xd9, 0x94, 0x1b, 
	0x94, 0x1b, 0x94, 0x1d, 0x94, 0x1b, 0x94, 0x1d, 
	0x94, 0x1d, 0x94, 0x1d, 0x94, 0x1b, 0x94, 0x1b, 
	0x8b, 0xd9, 0x83, 0x97, 0x83, 0x97, 0x73, 0x13, 
	0x73, 0x13, 0x7b, 0x55, 0x83, 0x97, 0x83, 0x97, 
	0x83, 0x97, 0x83, 0x97, 0x7b, 0x55, 0x7b, 0x55, 
	0x83, 0x97, 0x8b, 0xd9, 0x83, 0x97, 0x83, 0x97, 
	0x94, 0x1b, 0x8b, 0xd9, 0x7b, 0x55, 0x62, 0x91, 
	0x7b, 0x55, 0x7b, 0x55, 0x83, 0x97, 0x83, 0x97, 
	0x7b, 0x55, 0x83, 0x97, 0x8b, 0xd9, 0x94, 0x1b, 
	0x83, 0x97, 0x83, 0x97, 0x8b, 0xd9, 0x8b, 0xd9, 
	0x8b, 0xd9, 0x8b, 0xd9, 0x8b, 0xd9, 0x8b, 0xd9, 
	0x8b, 0xd9, 0x8b, 0xd9, 0x83, 0x97, 0x94, 0x1b, 
	0x8b, 0xd9, 0x8b, 0xd9, 0x83, 0x97, 0x83, 0x97, 
	0x83, 0x97, 0x83, 0x97, 0x7b, 0x55, 0x7b, 0x55, 
	0x62, 0x91, 0x73, 0x13, 0x7b, 0x55, 0x83, 0x97, 
	0x7b, 0x55, 0x73, 0x13, 0x7b, 0x55, 0x83, 0x97, 
	0x83, 0x97, 0x83, 0x97, 0x8b, 0xd9, 0x8b, 0xd9, 
	0x8b, 0xd9, 0x8b, 0xd9, 0x8b, 0xd9, 0x83, 0x97, 
	0x83, 0x97, 0x83, 0x97, 0x7b, 0x55, 0x73, 0x13, 
	0x73, 0x13, 0x73, 0x13, 0x62, 0x91, 0x5a, 0x4f, 
	0x5a, 0x4f, 0x5a, 0x4f, 0x5a, 0x4f, 0x62, 0x91, 
	0x73, 0x13, 0x7b, 0x55, 0x83, 0x97, 0x8b, 0xd9, 
	0x8b, 0xd9, 0x83, 0x97, 0x73, 0x13, 0x5a, 0x4f, 
	0x62, 0x91, 0x62, 0x91, 0x73, 0x13, 0x73, 0x13, 
	0x73, 0x13, 0x73, 0x13, 0x73, 0x13, 0x73, 0x13, 
	0x7b, 0x55, 0x7b, 0x55, 0x7b, 0x55, 0x83, 0x97, 
	0x83, 0x97, 0x83, 0x97, 0x8b, 0xd9, 0x83, 0x97, 
	0x83, 0x97, 0x83, 0x97, 0x83, 0x97, 0x8b, 0xd9, 
	0x8b, 0xd9, 0x83, 0x97, 0x7b, 0x55, 0x7b, 0x55, 
	0x7b, 0x55, 0x7b, 0x55, 0x83, 0x97, 0x7b, 0x55, 
	0x5a, 0x4f, 0x7b, 0x55, 0x8b, 0xd9, 0x8b, 0xd9, 
	0x7b, 0x55, 0x62, 0x91, 0x62, 0x91, 0x7b, 0x55, 
	0x83, 0x97, 0x8b, 0xd9, 0x83, 0x97, 0x83, 0x97, 
	0x83, 0x97, 0x7b, 0x55, 0x83, 0x97, 0x83, 0x97, 
	0x83, 0x97, 0x83, 0x97, 0x73, 0x13, 0x62, 0x91, 
	0x73, 0x13, 0x73, 0x13, 0x73, 0x13, 0x62, 0x91, 
	0x5a, 0x4f, 0x5a, 0x4f, 0x52, 0x0d, 0x5a, 0x4f, 
	0x73, 0x13, 0x73, 0x13, 0x7b, 0x55, 0x83, 0x97, 
	0x83, 0x97, 0x7b, 0x55, 0x73, 0x13, 0x52, 0x0d, 
	0x5a, 0x4f, 0x73, 0x13, 0x73, 0x13, 0x73, 0x13, 
	0x73, 0x13, 0x73, 0x13, 0x73, 0x13, 0x62, 0x91, 
	0x62, 0x91, 0x73, 0x13, 0x73, 0x13, 0x73, 0x13, 
	0x7b, 0x55, 0x7b, 0x55, 0x83, 0x97, 0x83, 0x97, 
	0x8b, 0xd9, 0x8b, 0xd9, 0x7b, 0x55, 0x83, 0x97, 
	0x7b, 0x55, 0x7b, 0x55, 0x73, 0x13, 0x73, 0x13, 
	0x73, 0x13, 0x73, 0x13, 0x83, 0x97, 0x83, 0x97, 
	0x62, 0x91, 0x7b, 0x55, 0x8b, 0xd9, 0x8b, 0xd9, 
	0x83, 0x97, 0x73, 0x13, 0x73, 0x13, 0x7b, 0x55, 
	0x83, 0x97, 0x7b, 0x55, 0x7b, 0x55, 0x7b, 0x55, 
	0x73, 0x13, 0x73, 0x13, 0x7b, 0x55, 0x7b, 0x55, 
	0x73, 0x13, 0x62, 0x91, 0x62, 0x91, 0x5a, 0x4f, 
	0x62, 0x91, 0x73, 0x13, 0x73, 0x13, 0x73, 0x13, 
	0x62, 0x91, 0x62, 0x91, 0x5a, 0x4f, 0x62, 0x91, 
	0x7b, 0x55, 0x7b, 0x55, 0x7b, 0x55, 0x7b, 0x55, 
	0x7b, 0x55, 0x62, 0x91, 0x5a, 0x4f, 0x41, 0xcb, 
	0x5a, 0x4f, 0x62, 0x91, 0x62, 0x91, 0x62, 0x91, 
	0x62, 0x91, 0x62, 0x91, 0x73, 0x13, 0x62, 0x91, 
	0x62, 0x91, 0x73, 0x13, 0x73, 0x13, 0x73, 0x13, 
	0x62, 0x91, 0x62, 0x91, 0x62, 0x91, 0x62, 0x91, 
	0x62, 0x91, 0x62, 0x91, 0x62, 0x91, 0x62, 0x91, 
	0x5a, 0x4f, 0x62, 0x91, 0x5a, 0x4f, 0x62, 0x91, 
	0x62, 0x91, 0x62, 0x91, 0x62, 0x91, 0x5a, 0x4f, 
	0x62, 0x91, 0x7b, 0x55, 0x83, 0x97, 0x83, 0x97, 
	0x73, 0x13, 0x73, 0x13, 0x73, 0x13, 0x73, 0x13, 
	0x73, 0x13, 0x73, 0x13, 0x73, 0x13, 0x62, 0x91, 
	0x7b, 0x55, 0x7b, 0x55, 0x7b, 0x55, 0x7b, 0x55, 
	0x62, 0x91, 0x5a, 0x4f, 0x52, 0x0d, 0x52, 0x0d, 
	0x52, 0x0d, 0x62, 0x91, 0x73, 0x13, 0x73, 0x13, 
	0x73, 0x13, 0x7b, 0x55, 0x83, 0x97, 0x7b, 0x55, 
	0x7b, 0x55, 0x7b, 0x55, 0x7b, 0x55, 0x62, 0x91, 
	0x73, 0x13, 0x5a, 0x4f, 0x5a, 0x4f, 0x41, 0xcb, 
	0x39, 0x8b, 0x41, 0xcb, 0x41, 0xcb, 0x41, 0xcb, 
	0x41, 0xcb, 0x52, 0x0d, 0x52, 0x0d, 0x5a, 0x4f, 
	0x62, 0x91, 0x73, 0x13, 0x73, 0x13, 0x73, 0x13, 
	0x62, 0x91, 0x62, 0x91, 0x5a, 0x4f, 0x5a, 0x4f, 
	0x52, 0x0d, 0x5a, 0x4f, 0x5a, 0x4f, 0x5a, 0x4f, 
	0x5a, 0x4f, 0x5a, 0x4f, 0x5a, 0x4f, 0x62, 0x91, 
	0x5a, 0x4f, 0x5a, 0x4f, 0x62, 0x91, 0x52, 0x0d, 
	0x5a, 0x4f, 0x73, 0x13, 0x7b, 0x55, 0x73, 0x13, 
	0x73, 0x13, 0x5a, 0x4f, 0x62, 0x91, 0x62, 0x91, 
	0x52, 0x0d, 0x5a, 0x4f, 0x62, 0x91, 0x73, 0x13, 
	0x62, 0x91, 0x7b, 0x55, 0x7b, 0x55, 0x73, 0x13, 
	0x5a, 0x4f, 0x52, 0x0d, 0x52, 0x0d, 0x52, 0x0d, 
	0x5a, 0x4f, 0x73, 0x13, 0x7b, 0x55, 0x83, 0x97, 
	0x8b, 0xd9, 0x94, 0x1b, 0x94, 0x1b, 0x83, 0x97, 
	0x7b, 0x55, 0x7b, 0x55, 0x7b, 0x55, 0x62, 0x91, 
	0x73, 0x13, 0x62, 0x91, 0x5a, 0x4f, 0x41, 0xcb, 
	0x39, 0x8b, 0x41, 0xcb, 0x41, 0xcb, 0x52, 0x0d, 
	0x52, 0x0d, 0x52, 0x0d, 0x52, 0x0d, 0x52, 0x0d, 
	0x5a, 0x4f, 0x5a, 0x4f, 0x52, 0x0d, 0x52, 0x0d, 
	0x52, 0x0d, 0x52, 0x0d, 0x41, 0xcb, 0x52, 0x0d, 
	0x5a, 0x4f, 0x5a, 0x4f, 0x5a, 0x4f, 0x5a, 0x4f, 
	0x5a, 0x4f, 0x5a, 0x4f, 0x5a, 0x4f, 0x62, 0x91, 
	0x5a, 0x4f, 0x5a, 0x4f, 0x62, 0x91, 0x52, 0x0d, 
	0x52, 0x0d, 0x73, 0x13, 0x7b, 0x55, 0x73, 0x13, 
	0x7b, 0x55, 0x73, 0x13, 0x62, 0x91, 0x62, 0x91, 
	0x5a, 0x4f, 0x5a, 0x4f, 0x5a, 0x4f, 0x5a, 0x4f, 
	0x62, 0x91, 0x73, 0x13, 0x73, 0x13, 0x73, 0x13, 
	0x73, 0x13, 0x62, 0x91, 0x62, 0x91, 0x62, 0x91, 
	0x62, 0x91, 0x7b, 0x55, 0x83, 0x97, 0x7b, 0x55, 
	0x7b, 0x55, 0x7b, 0x55, 0x73, 0x13, 0x73, 0x13, 
	0x7b, 0x55, 0x7b, 0x55, 0x7b, 0x55, 0x62, 0x91, 
	0x5a, 0x4f, 0x41, 0xcb, 0x41, 0xcb, 0x39, 0x8b, 
	0x39, 0x8b, 0x52, 0x0d, 0x52, 0x0d, 0x52, 0x0d, 
	0x52, 0x0d, 0x52, 0x0d, 0x41, 0xcb, 0x39, 0x8b, 
	0x39, 0x8b, 0x39, 0x8b, 0x39, 0x8b, 0x41, 0xcb, 
	0x41, 0xcb, 0x39, 0x8b, 0x31, 0x49, 0x31, 0x49, 
	0x31, 0x49, 0x39, 0x8b, 0x41, 0xcb, 0x52, 0x0d, 
	0x62, 0x91, 0x5a, 0x4f, 0x5a, 0x4f, 0x62, 0x91, 
	0x52, 0x0d, 0x52, 0x0d, 0x52, 0x0d, 0x41, 0xcb, 
	0x31, 0x49, 0x5a, 0x4f, 0x62, 0x91, 0x62, 0x91, 
	0x73, 0x13, 0x62, 0x91, 0x62, 0x91, 0x5a, 0x4f, 
	0x5a, 0x4f, 0x52, 0x0d, 0x62, 0x91, 0x5a, 0x4f, 
	0x52, 0x0d, 0x62, 0x91, 0x5a, 0x4f, 0x5a, 0x4f, 
	0x5a, 0x4f, 0x5a, 0x4f, 0x5a, 0x4f, 0x5a, 0x4f, 
	0x5a, 0x4f, 0x62, 0x91, 0x5a, 0x4f, 0x52, 0x0d, 
	0x52, 0x0d, 0x52, 0x0d, 0x41, 0xcb, 0x52, 0x0d, 
	0x52, 0x0d, 0x5a, 0x4f, 0x5a, 0x4f, 0x41, 0xcb, 
	0x39, 0x8b, 0x39, 0x8b, 0x41, 0xcb, 0x31, 0x49, 
	0x21, 0x07, 0x21, 0x07, 0x21, 0x07, 0x31, 0x49, 
	0x31, 0x49, 0x31, 0x49, 0x31, 0x49, 0x31, 0x49, 
	0x31, 0x49, 0x31, 0x49, 0x31, 0x49, 0x31, 0x49, 
	0x31, 0x49, 0x31, 0x49, 0x31, 0x49, 0x39, 0x8b, 
	0x52, 0x0d, 0x52, 0x0d, 0x52, 0x0d, 0x52, 0x0d, 
	0x52, 0x0d, 0x41, 0xcb, 0x52, 0x0d, 0x5a, 0x4f, 
	0x5a, 0x4f, 0x52, 0x0d, 0x39, 0x8b, 0x31, 0x49, 
	0x21, 0x07, 0x39, 0x8b, 0x5a, 0x4f, 0x5a, 0x4f, 
	0x52, 0x0d, 0x5a, 0x4f, 0x5a, 0x4f, 0x52, 0x0d, 
	0x41, 0xcb, 0x5a, 0x4f, 0x62, 0x91, 0x5a, 0x4f, 
	0x5a, 0x4f, 0x62, 0x91, 0x52, 0x0d, 0x52, 0x0d, 
	0x52, 0x0d, 0x52, 0x0d, 0x52, 0x0d, 0x39, 0x8b, 
	0x41, 0xcb, 0x52, 0x0d, 0x52, 0x0d, 0x39, 0x8b, 
	0x39, 0x8b, 0x39, 0x8b, 0x39, 0x8b, 0x39, 0x8b, 
	0x39, 0x8b, 0x39, 0x8b, 0x39, 0x8b, 0x39, 0x8b, 
	0x31, 0x49, 0x21, 0x07, 0x41, 0xcb, 0x31, 0x49, 
	0xff, 0xfe, 0xff, 0xfe, 0xff, 0xfe, 0xff, 0xfe, 
	0xff, 0xfe, 0xff, 0xfe, 0xff, 0xfe, 0xff, 0xfe, 
	0xff, 0xfe, 0xff, 0xfe, 0xff, 0xfe, 0xff, 0xfe, 
	0xff, 0xfe, 0xff, 0xfe, 0xff, 0xfe, 0xff, 0xfe, 
	0xff, 0xfe, 0xff, 0xfe, 0xff, 0xfe, 0xff, 0xfe, 
	0xff, 0xfe, 0xff, 0xfe, 0xff, 0xfe, 0xff, 0xfe, 
	0xff, 0xfe, 0xff, 0xfe, 0xff, 0xfe, 0xff, 0xfe, 
	0x21, 0x07, 0x39, 0x8b, 0x52, 0x0d, 0x52, 0x0d, 
	0x52, 0x0d, 0x52, 0x0d, 0x52, 0x0d, 0x52, 0x0d, 
	0x39, 0x8b, 0x41, 0xcb, 0x52, 0x0d, 0x52, 0x0d, 
	0x5a, 0x4f, 0x52, 0x0d, 0x41, 0xcb, 0x39, 0x8b, 
	0x39, 0x8b, 0x39, 0x8b, 0x39, 0x8b, 0x31, 0x49, 
	0x31, 0x49, 0x39, 0x8b, 0x41, 0xcb, 0x39, 0x8b, 
	0x31, 0x49, 0x31, 0x49, 0x31, 0x49, 0x31, 0x49, 
	0x39, 0x8b, 0x41, 0xcb, 0x41, 0xcb, 0x41, 0xcb, 
	0x39, 0x8b, 0x39, 0x8b, 0xff, 0xfe, 0xff, 0xfe, 
	0xff, 0xfe, 0xff, 0xfe, 0xff, 0xfe, 0xff, 0xfe, 
	0xff, 0xfe, 0xff, 0xfe, 0xff, 0xfe, 0xff, 0xfe, 
	0xff, 0xfe, 0xff, 0xfe, 0xff, 0xfe, 0xff, 0xfe, 
	0xff, 0xfe, 0xff, 0xfe, 0xff, 0xfe, 0xff, 0xfe, 
	0xff, 0xfe, 0xff, 0xfe, 0xff, 0xfe, 0xff, 0xfe, 
	0xff, 0xfe, 0xff, 0xfe, 0xff, 0xfe, 0xff, 0xfe, 
	0xff, 0xfe, 0xff, 0xfe, 0xff, 0xfe, 0xff, 0xfe, 
	0xff, 0xfe, 0xff, 0xfe, 0x41, 0xcb, 0x41, 0xcb, 
	0x41, 0xcb, 0x41, 0xcb, 0x41, 0xcb, 0x41, 0xcb, 
	0x21, 0x07, 0x21, 0x07, 0x39, 0x8b, 0x52, 0x0d, 
	
};

Vtx hyrule_dl_hyrule_castle_mesh_layer_1_vtx_0[74] = {
	{{ {-257, 468, -564}, 0, {2543, -4112}, {125, 0, 231, 255} }},
	{{ {-102, 592, 183}, 0, {5103, 1008}, {125, 0, 231, 255} }},
	{{ {-102, 345, 183}, 0, {-16, 1008}, {125, 0, 231, 255} }},
	{{ {-257, 468, -564}, 0, {2543, -4112}, {131, 0, 231, 255} }},
	{{ {-411, 345, 183}, 0, {-16, 1008}, {131, 0, 231, 255} }},
	{{ {-411, 592, 183}, 0, {5103, 1008}, {131, 0, 231, 255} }},
	{{ {-257, 468, -564}, 0, {2543, -4112}, {0, 125, 236, 255} }},
	{{ {-411, 592, 183}, 0, {-16, 1008}, {0, 125, 236, 255} }},
	{{ {-102, 592, 183}, 0, {5103, 1008}, {0, 125, 236, 255} }},
	{{ {1491, 177, 1}, 0, {5103, 1008}, {0, 126, 242, 255} }},
	{{ {1230, 161, -135}, 0, {1248, 29}, {0, 126, 242, 255} }},
	{{ {1145, 177, 1}, 0, {-16, 1008}, {0, 126, 242, 255} }},
	{{ {1241, 147, -265}, 0, {1413, -912}, {0, 126, 242, 255} }},
	{{ {1241, 97, -710}, 0, {1413, -4112}, {0, 126, 242, 255} }},
	{{ {1404, 161, -135}, 0, {3823, 29}, {0, 126, 242, 255} }},
	{{ {1241, 147, -265}, 0, {1413, -912}, {0, 126, 242, 255} }},
	{{ {1393, 147, -265}, 0, {3658, -912}, {0, 126, 242, 255} }},
	{{ {1393, 97, -710}, 0, {3658, -4112}, {0, 126, 242, 255} }},
	{{ {1491, 177, 1}, 0, {5103, 1008}, {0, 126, 242, 255} }},
	{{ {1404, 161, -135}, 0, {3823, 29}, {0, 126, 242, 255} }},
	{{ {1241, 97, -710}, 0, {1413, -4112}, {0, 126, 242, 255} }},
	{{ {1448, 96, -315}, 0, {-16, -1270}, {126, 1, 239, 255} }},
	{{ {1393, 97, -710}, 0, {-9, -4112}, {126, 1, 239, 255} }},
	{{ {1491, 177, 1}, 0, {1008, 1008}, {126, 1, 239, 255} }},
	{{ {1241, 97, -710}, 0, {-9, -4112}, {130, 0, 239, 255} }},
	{{ {1188, 96, -315}, 0, {-16, -1270}, {130, 0, 239, 255} }},
	{{ {1145, 177, 1}, 0, {1008, 1008}, {130, 0, 239, 255} }},
	{{ {-1658, 117, -68}, 0, {26, -2063}, {226, 0, 133, 255} }},
	{{ {-990, 281, -232}, 0, {2053, 1008}, {226, 0, 133, 255} }},
	{{ {-990, 117, -232}, 0, {26, 1008}, {226, 0, 133, 255} }},
	{{ {-1658, 435, -68}, 0, {4079, -2064}, {226, 0, 133, 255} }},
	{{ {-690, 435, -68}, 0, {4072, 1024}, {61, 0, 144, 255} }},
	{{ {-990, 117, -232}, 0, {375, -2059}, {61, 0, 144, 255} }},
	{{ {-990, 281, -232}, 0, {2142, -2059}, {61, 0, 144, 255} }},
	{{ {-690, 117, -68}, 0, {375, 1024}, {61, 0, 144, 255} }},
	{{ {-990, 281, -232}, 0, {5448, 1015}, {0, 93, 169, 255} }},
	{{ {-1658, 435, -68}, 0, {-16, -1038}, {0, 93, 169, 255} }},
	{{ {-690, 435, -68}, 0, {8175, -1038}, {0, 93, 169, 255} }},
	{{ {1188, 96, -315}, 0, {3046, 781}, {130, 0, 239, 255} }},
	{{ {1241, 97, -710}, 0, {3056, -2063}, {130, 0, 239, 255} }},
	{{ {1241, -95, -710}, 0, {-16, -2063}, {130, 0, 239, 255} }},
	{{ {1188, -94, -315}, 0, {-2, 781}, {130, 0, 239, 255} }},
	{{ {1448, -94, -315}, 0, {-2, 781}, {126, 0, 239, 255} }},
	{{ {1393, -95, -710}, 0, {-16, -2063}, {126, 0, 239, 255} }},
	{{ {1393, 97, -710}, 0, {3056, -2063}, {126, 0, 239, 255} }},
	{{ {1448, 96, -315}, 0, {3046, 781}, {126, 0, 239, 255} }},
	{{ {-827, -232, -378}, 0, {-16, 1008}, {0, 126, 239, 255} }},
	{{ {-480, -232, -378}, 0, {5103, 1008}, {0, 126, 239, 255} }},
	{{ {-654, -406, -1643}, 0, {2543, -4112}, {0, 126, 239, 255} }},
	{{ {-6, -215, -1745}, 0, {-16, 1008}, {0, 126, 241, 255} }},
	{{ {346, -215, -1745}, 0, {5103, 1008}, {0, 126, 241, 255} }},
	{{ {170, -382, -3100}, 0, {2543, -4112}, {0, 126, 241, 255} }},
	{{ {1393, -95, -710}, 0, {995, -4112}, {126, 255, 239, 255} }},
	{{ {1448, -94, -315}, 0, {1007, -1270}, {126, 255, 239, 255} }},
	{{ {1491, -171, 1}, 0, {-16, 1008}, {126, 255, 239, 255} }},
	{{ {1188, -94, -315}, 0, {1007, -1270}, {130, 0, 239, 255} }},
	{{ {1241, -95, -710}, 0, {995, -4112}, {130, 0, 239, 255} }},
	{{ {1145, -171, 1}, 0, {-16, 1008}, {130, 0, 239, 255} }},
	{{ {-1658, -309, -68}, 0, {-16, -2063}, {226, 0, 133, 255} }},
	{{ {-990, -136, -232}, 0, {2032, 1008}, {226, 0, 133, 255} }},
	{{ {-990, -309, -232}, 0, {-16, 1008}, {226, 0, 133, 255} }},
	{{ {-1658, -136, -68}, 0, {2031, -2064}, {226, 0, 133, 255} }},
	{{ {-654, -406, -1643}, 0, {2543, -4112}, {126, 0, 239, 255} }},
	{{ {-480, -232, -378}, 0, {5103, 1008}, {126, 0, 239, 255} }},
	{{ {-480, -579, -378}, 0, {-16, 1008}, {126, 0, 239, 255} }},
	{{ {-654, -406, -1643}, 0, {2543, -4112}, {130, 0, 239, 255} }},
	{{ {-827, -579, -378}, 0, {-16, 1008}, {130, 0, 239, 255} }},
	{{ {-827, -232, -378}, 0, {5103, 1008}, {130, 0, 239, 255} }},
	{{ {170, -382, -3100}, 0, {2543, -4112}, {126, 0, 240, 255} }},
	{{ {346, -215, -1745}, 0, {5103, 1008}, {126, 0, 240, 255} }},
	{{ {346, -549, -1745}, 0, {-16, 1008}, {126, 0, 240, 255} }},
	{{ {170, -382, -3100}, 0, {2543, -4112}, {130, 0, 240, 255} }},
	{{ {-6, -549, -1745}, 0, {-16, 1008}, {130, 0, 240, 255} }},
	{{ {-6, -215, -1745}, 0, {5103, 1008}, {130, 0, 240, 255} }},
};

Gfx hyrule_dl_hyrule_castle_mesh_layer_1_tri_0[] = {
	gsSPVertex(hyrule_dl_hyrule_castle_mesh_layer_1_vtx_0 + 0, 15, 0),
	gsSP1Triangle(0, 1, 2, 0),
	gsSP1Triangle(3, 4, 5, 0),
	gsSP1Triangle(6, 7, 8, 0),
	gsSP1Triangle(9, 10, 11, 0),
	gsSP1Triangle(12, 11, 10, 0),
	gsSP1Triangle(11, 12, 13, 0),
	gsSP1Triangle(9, 14, 10, 0),
	gsSPVertex(hyrule_dl_hyrule_castle_mesh_layer_1_vtx_0 + 15, 16, 0),
	gsSP1Triangle(0, 1, 2, 0),
	gsSP1Triangle(3, 1, 4, 0),
	gsSP1Triangle(1, 3, 2, 0),
	gsSP1Triangle(0, 2, 5, 0),
	gsSP1Triangle(6, 7, 8, 0),
	gsSP1Triangle(9, 10, 11, 0),
	gsSP1Triangle(12, 13, 14, 0),
	gsSP1Triangle(12, 15, 13, 0),
	gsSPVertex(hyrule_dl_hyrule_castle_mesh_layer_1_vtx_0 + 31, 15, 0),
	gsSP1Triangle(0, 1, 2, 0),
	gsSP1Triangle(1, 0, 3, 0),
	gsSP1Triangle(4, 5, 6, 0),
	gsSP1Triangle(7, 8, 9, 0),
	gsSP1Triangle(7, 9, 10, 0),
	gsSP1Triangle(11, 12, 13, 0),
	gsSP1Triangle(11, 13, 14, 0),
	gsSPVertex(hyrule_dl_hyrule_castle_mesh_layer_1_vtx_0 + 46, 16, 0),
	gsSP1Triangle(0, 1, 2, 0),
	gsSP1Triangle(3, 4, 5, 0),
	gsSP1Triangle(6, 7, 8, 0),
	gsSP1Triangle(9, 10, 11, 0),
	gsSP1Triangle(12, 13, 14, 0),
	gsSP1Triangle(13, 12, 15, 0),
	gsSPVertex(hyrule_dl_hyrule_castle_mesh_layer_1_vtx_0 + 62, 12, 0),
	gsSP1Triangle(0, 1, 2, 0),
	gsSP1Triangle(3, 4, 5, 0),
	gsSP1Triangle(6, 7, 8, 0),
	gsSP1Triangle(9, 10, 11, 0),
	gsSPEndDisplayList(),
};

Vtx hyrule_dl_hyrule_castle_mesh_layer_1_vtx_1[33] = {
	{{ {1448, 96, -315}, 0, {3584, -1040}, {0, 123, 225, 255} }},
	{{ {1489, 177, 1}, 0, {4077, 1008}, {0, 123, 225, 255} }},
	{{ {1489, 96, -315}, 0, {4080, -1039}, {0, 123, 225, 255} }},
	{{ {1147, 177, 1}, 0, {-12, 1008}, {0, 123, 225, 255} }},
	{{ {1188, 96, -315}, 0, {478, -1040}, {0, 123, 225, 255} }},
	{{ {1147, 96, -315}, 0, {-16, -1038}, {0, 123, 225, 255} }},
	{{ {1489, 96, -315}, 0, {4080, -16}, {0, 0, 127, 255} }},
	{{ {1147, -94, -315}, 0, {-16, 1008}, {0, 0, 127, 255} }},
	{{ {1489, -94, -315}, 0, {4080, 1008}, {0, 0, 127, 255} }},
	{{ {1489, 96, -315}, 0, {4080, -16}, {0, 0, 127, 255} }},
	{{ {1147, 96, -315}, 0, {-16, -16}, {0, 0, 127, 255} }},
	{{ {1147, -94, -315}, 0, {-16, 1008}, {0, 0, 127, 255} }},
	{{ {1318, -94, -338}, 0, {2032, 1008}, {16, 0, 130, 255} }},
	{{ {1489, 96, -315}, 0, {4080, -16}, {16, 0, 130, 255} }},
	{{ {1489, -94, -315}, 0, {4080, 1008}, {16, 0, 130, 255} }},
	{{ {1318, -94, -338}, 0, {2032, 1008}, {0, 14, 130, 255} }},
	{{ {1147, 96, -315}, 0, {-16, -16}, {0, 14, 130, 255} }},
	{{ {1489, 96, -315}, 0, {4080, -16}, {0, 14, 130, 255} }},
	{{ {1241, 97, -710}, 0, {1008, -18}, {0, 0, 129, 255} }},
	{{ {1393, 97, -710}, 0, {1007, 1004}, {0, 0, 129, 255} }},
	{{ {1393, -95, -710}, 0, {-16, 1004}, {0, 0, 129, 255} }},
	{{ {1241, -95, -710}, 0, {-16, -18}, {0, 0, 129, 255} }},
	{{ {1147, 96, -315}, 0, {-16, -16}, {240, 0, 130, 255} }},
	{{ {1318, -94, -338}, 0, {2032, 1008}, {240, 0, 130, 255} }},
	{{ {1147, -94, -315}, 0, {-16, 1008}, {240, 0, 130, 255} }},
	{{ {-1658, -136, -68}, 0, {-16, -2063}, {226, 0, 133, 255} }},
	{{ {-990, 117, -232}, 0, {1008, 1008}, {226, 0, 133, 255} }},
	{{ {-990, -136, -232}, 0, {-16, 1008}, {226, 0, 133, 255} }},
	{{ {-1658, 117, -68}, 0, {1007, -2064}, {226, 0, 133, 255} }},
	{{ {1147, -171, 1}, 0, {-12, 1008}, {0, 123, 30, 255} }},
	{{ {1489, -94, -315}, 0, {4080, -1039}, {0, 123, 30, 255} }},
	{{ {1147, -94, -315}, 0, {-16, -1040}, {0, 123, 30, 255} }},
	{{ {1489, -171, 1}, 0, {4077, 1008}, {0, 123, 30, 255} }},
};

Gfx hyrule_dl_hyrule_castle_mesh_layer_1_tri_1[] = {
	gsSPVertex(hyrule_dl_hyrule_castle_mesh_layer_1_vtx_1 + 0, 15, 0),
	gsSP1Triangle(0, 1, 2, 0),
	gsSP1Triangle(3, 4, 5, 0),
	gsSP1Triangle(6, 7, 8, 0),
	gsSP1Triangle(9, 10, 11, 0),
	gsSP1Triangle(12, 13, 14, 0),
	gsSPVertex(hyrule_dl_hyrule_castle_mesh_layer_1_vtx_1 + 15, 14, 0),
	gsSP1Triangle(0, 1, 2, 0),
	gsSP1Triangle(3, 4, 5, 0),
	gsSP1Triangle(3, 5, 6, 0),
	gsSP1Triangle(7, 8, 9, 0),
	gsSP1Triangle(10, 11, 12, 0),
	gsSP1Triangle(11, 10, 13, 0),
	gsSPVertex(hyrule_dl_hyrule_castle_mesh_layer_1_vtx_1 + 29, 4, 0),
	gsSP1Triangle(0, 1, 2, 0),
	gsSP1Triangle(0, 3, 1, 0),
	gsSPEndDisplayList(),
};

Vtx hyrule_dl_hyrule_castle_mesh_layer_1_vtx_2[12] = {
	{{ {-81, -132, -721}, 0, {-16, 1008}, {0, 0, 129, 255} }},
	{{ {165, 81, -721}, 0, {1008, -16}, {0, 0, 129, 255} }},
	{{ {165, -132, -721}, 0, {1008, 1008}, {0, 0, 129, 255} }},
	{{ {-81, 81, -721}, 0, {-16, -16}, {0, 0, 129, 255} }},
	{{ {164, -132, -1060}, 0, {-16, 1008}, {0, 0, 129, 255} }},
	{{ {411, 81, -1060}, 0, {1008, -16}, {0, 0, 129, 255} }},
	{{ {411, -132, -1060}, 0, {1008, 1008}, {0, 0, 129, 255} }},
	{{ {164, 81, -1060}, 0, {-16, -16}, {0, 0, 129, 255} }},
	{{ {-80, -132, -1401}, 0, {-16, 1008}, {0, 0, 129, 255} }},
	{{ {167, 81, -1401}, 0, {1008, -16}, {0, 0, 129, 255} }},
	{{ {167, -132, -1401}, 0, {1008, 1008}, {0, 0, 129, 255} }},
	{{ {-80, 81, -1401}, 0, {-16, -16}, {0, 0, 129, 255} }},
};

Gfx hyrule_dl_hyrule_castle_mesh_layer_1_tri_2[] = {
	gsSPVertex(hyrule_dl_hyrule_castle_mesh_layer_1_vtx_2 + 0, 12, 0),
	gsSP1Triangle(0, 1, 2, 0),
	gsSP1Triangle(0, 3, 1, 0),
	gsSP1Triangle(4, 5, 6, 0),
	gsSP1Triangle(4, 7, 5, 0),
	gsSP1Triangle(8, 9, 10, 0),
	gsSP1Triangle(8, 11, 9, 0),
	gsSPEndDisplayList(),
};

Vtx hyrule_dl_hyrule_castle_mesh_layer_1_vtx_3[43] = {
	{{ {-104, 347, 178}, 0, {2796, -865}, {0, 0, 129, 255} }},
	{{ {194, 760, 178}, 0, {5104, -1237}, {0, 0, 129, 255} }},
	{{ {194, 117, 178}, 0, {2858, 1008}, {0, 0, 129, 255} }},
	{{ {-693, 117, 178}, 0, {-16, -1866}, {0, 0, 129, 255} }},
	{{ {-104, 591, 178}, 0, {3591, -1657}, {0, 0, 129, 255} }},
	{{ {-693, 760, 178}, 0, {2229, -4112}, {0, 0, 129, 255} }},
	{{ {1199, 117, -3}, 0, {3091, -1203}, {0, 0, 129, 255} }},
	{{ {526, 294, -3}, 0, {808, -5136}, {0, 0, 129, 255} }},
	{{ {1490, 175, -3}, 0, {4607, -270}, {0, 0, 129, 255} }},
	{{ {526, 117, -3}, 0, {-16, -4311}, {0, 0, 129, 255} }},
	{{ {1709, 117, -3}, 0, {5303, 1008}, {0, 0, 129, 255} }},
	{{ {1709, 294, -3}, 0, {6128, 184}, {0, 0, 129, 255} }},
	{{ {654, -97, -3}, 0, {2126, -6160}, {0, 0, 129, 255} }},
	{{ {1200, -97, -3}, 0, {4813, -3473}, {0, 0, 129, 255} }},
	{{ {1490, -170, -3}, 0, {5760, -1831}, {0, 0, 129, 255} }},
	{{ {654, -469, -3}, 0, {-16, -4017}, {0, 0, 129, 255} }},
	{{ {1709, -469, -3}, 0, {5009, 1008}, {0, 0, 129, 255} }},
	{{ {1490, -170, -3}, 0, {5760, -1831}, {0, 0, 129, 255} }},
	{{ {1709, -97, -3}, 0, {7151, -1134}, {0, 0, 129, 255} }},
	{{ {654, -469, -3}, 0, {-16, -4017}, {0, 0, 129, 255} }},
	{{ {1709, -97, -3}, 0, {7151, -1134}, {0, 0, 129, 255} }},
	{{ {1490, -170, -3}, 0, {5760, -1831}, {0, 0, 129, 255} }},
	{{ {1200, -97, -3}, 0, {4813, -3473}, {0, 0, 129, 255} }},
	{{ {-995, -258, -380}, 0, {2524, -8705}, {0, 0, 129, 255} }},
	{{ {-995, -136, -380}, 0, {3051, -9232}, {0, 0, 129, 255} }},
	{{ {-486, -580, -380}, 0, {3335, -5109}, {0, 0, 129, 255} }},
	{{ {-995, -845, -380}, 0, {-16, -6164}, {0, 0, 129, 255} }},
	{{ {-486, -580, -380}, 0, {3335, -5109}, {0, 0, 129, 255} }},
	{{ {-995, -136, -380}, 0, {3051, -9232}, {0, 0, 129, 255} }},
	{{ {-121, -136, -380}, 0, {6832, -5451}, {0, 0, 129, 255} }},
	{{ {664, -845, -380}, 0, {7156, 1008}, {0, 0, 129, 255} }},
	{{ {664, -845, -380}, 0, {7156, 1008}, {0, 0, 129, 255} }},
	{{ {-121, -136, -380}, 0, {6832, -5451}, {0, 0, 129, 255} }},
	{{ {664, -136, -380}, 0, {10224, -2059}, {0, 0, 129, 255} }},
	{{ {-486, -580, -380}, 0, {3335, -5109}, {0, 0, 129, 255} }},
	{{ {-121, -660, -1751}, 0, {-16, -1649}, {0, 0, 129, 255} }},
	{{ {344, -215, -1751}, 0, {4263, -1556}, {0, 0, 129, 255} }},
	{{ {444, -660, -1751}, 0, {2641, 1008}, {0, 0, 129, 255} }},
	{{ {-121, -136, -1751}, 0, {2446, -4112}, {0, 0, 129, 255} }},
	{{ {444, -136, -1751}, 0, {5104, -1454}, {0, 0, 129, 255} }},
	{{ {-121, -136, -1751}, 0, {2446, -4112}, {0, 0, 129, 255} }},
	{{ {444, -136, -1751}, 0, {5104, -1454}, {0, 0, 129, 255} }},
	{{ {344, -215, -1751}, 0, {4263, -1556}, {0, 0, 129, 255} }},
};

Gfx hyrule_dl_hyrule_castle_mesh_layer_1_tri_3[] = {
	gsSPVertex(hyrule_dl_hyrule_castle_mesh_layer_1_vtx_3 + 0, 16, 0),
	gsSP1Triangle(0, 1, 2, 0),
	gsSP1Triangle(3, 0, 2, 0),
	gsSP1Triangle(1, 4, 5, 0),
	gsSP1Triangle(4, 1, 0, 0),
	gsSP1Triangle(0, 3, 4, 0),
	gsSP1Triangle(5, 4, 3, 0),
	gsSP1Triangle(6, 7, 8, 0),
	gsSP1Triangle(6, 9, 7, 0),
	gsSP1Triangle(10, 8, 11, 0),
	gsSP1Triangle(8, 7, 11, 0),
	gsSP1Triangle(8, 10, 6, 0),
	gsSP1Triangle(12, 13, 14, 0),
	gsSP1Triangle(12, 14, 15, 0),
	gsSPVertex(hyrule_dl_hyrule_castle_mesh_layer_1_vtx_3 + 16, 15, 0),
	gsSP1Triangle(0, 1, 2, 0),
	gsSP1Triangle(1, 0, 3, 0),
	gsSP1Triangle(4, 5, 6, 0),
	gsSP1Triangle(7, 8, 9, 0),
	gsSP1Triangle(7, 9, 10, 0),
	gsSP1Triangle(11, 12, 13, 0),
	gsSP1Triangle(9, 14, 10, 0),
	gsSPVertex(hyrule_dl_hyrule_castle_mesh_layer_1_vtx_3 + 31, 12, 0),
	gsSP1Triangle(0, 1, 2, 0),
	gsSP1Triangle(0, 3, 1, 0),
	gsSP1Triangle(4, 5, 6, 0),
	gsSP1Triangle(7, 5, 4, 0),
	gsSP1Triangle(6, 5, 8, 0),
	gsSP1Triangle(9, 10, 11, 0),
	gsSPEndDisplayList(),
};

Vtx hyrule_dl_hyrule_castle_mesh_layer_1_vtx_4[44] = {
	{{ {194, 760, 2775}, 0, {6128, 2032}, {0, 127, 0, 255} }},
	{{ {194, 760, 178}, 0, {6128, -14352}, {0, 127, 0, 255} }},
	{{ {-693, 760, 178}, 0, {-16, -14352}, {0, 127, 0, 255} }},
	{{ {-693, 760, 2775}, 0, {-16, 2032}, {0, 127, 0, 255} }},
	{{ {-693, 760, 2775}, 0, {6128, 2032}, {129, 0, 0, 255} }},
	{{ {-693, 760, 178}, 0, {6128, -14352}, {129, 0, 0, 255} }},
	{{ {-693, 117, 178}, 0, {-16, -14352}, {129, 0, 0, 255} }},
	{{ {-693, 117, 2775}, 0, {-16, 2032}, {129, 0, 0, 255} }},
	{{ {194, 117, 2775}, 0, {-16, 2032}, {127, 0, 0, 255} }},
	{{ {194, 117, 178}, 0, {-16, -14352}, {127, 0, 0, 255} }},
	{{ {194, 760, 178}, 0, {6128, -14352}, {127, 0, 0, 255} }},
	{{ {194, 760, 2775}, 0, {6128, 2032}, {127, 0, 0, 255} }},
	{{ {-1658, 435, 2776}, 0, {2032, 2032}, {129, 0, 0, 255} }},
	{{ {-1658, 435, -68}, 0, {2032, -16400}, {129, 0, 0, 255} }},
	{{ {-1658, 117, -68}, 0, {-16, -16400}, {129, 0, 0, 255} }},
	{{ {-1658, 117, 2776}, 0, {-16, 2032}, {129, 0, 0, 255} }},
	{{ {-690, 117, 2776}, 0, {11, 2032}, {127, 0, 0, 255} }},
	{{ {-690, 117, -68}, 0, {11, -16400}, {127, 0, 0, 255} }},
	{{ {-690, 435, -68}, 0, {2032, -16400}, {127, 0, 0, 255} }},
	{{ {-690, 435, 2776}, 0, {2032, 2032}, {127, 0, 0, 255} }},
	{{ {-1658, 435, 2776}, 0, {-16, 2032}, {0, 127, 0, 255} }},
	{{ {-690, 435, -68}, 0, {6128, -16400}, {0, 127, 0, 255} }},
	{{ {-1658, 435, -68}, 0, {-16, -16400}, {0, 127, 0, 255} }},
	{{ {-690, 435, 2776}, 0, {6128, 2032}, {0, 127, 0, 255} }},
	{{ {-1658, 117, 2776}, 0, {2032, 2032}, {129, 0, 0, 255} }},
	{{ {-1658, 117, -68}, 0, {2032, -16400}, {129, 0, 0, 255} }},
	{{ {-1658, -136, -68}, 0, {-16, -16400}, {129, 0, 0, 255} }},
	{{ {-1658, -136, 2776}, 0, {-16, 2032}, {129, 0, 0, 255} }},
	{{ {-121, -136, -380}, 0, {-16, 2032}, {0, 127, 0, 255} }},
	{{ {444, -136, -1751}, 0, {4080, -6160}, {0, 127, 0, 255} }},
	{{ {-121, -136, -1751}, 0, {-16, -6160}, {0, 127, 0, 255} }},
	{{ {444, -136, -380}, 0, {4080, 2032}, {0, 127, 0, 255} }},
	{{ {-1658, -136, 2776}, 0, {2032, 2032}, {129, 0, 0, 255} }},
	{{ {-1658, -136, -68}, 0, {2032, -16400}, {129, 0, 0, 255} }},
	{{ {-1658, -309, -68}, 0, {386, -16400}, {129, 0, 0, 255} }},
	{{ {-1658, -309, 2776}, 0, {386, 2032}, {129, 0, 0, 255} }},
	{{ {-121, -136, -380}, 0, {4080, 2032}, {129, 0, 0, 255} }},
	{{ {-121, -136, -1751}, 0, {4080, -6160}, {129, 0, 0, 255} }},
	{{ {-121, -660, -1751}, 0, {-16, -6160}, {129, 0, 0, 255} }},
	{{ {-121, -660, -380}, 0, {-16, 2032}, {129, 0, 0, 255} }},
	{{ {444, -660, -380}, 0, {-16, 2032}, {127, 0, 0, 255} }},
	{{ {444, -660, -1751}, 0, {-16, -6160}, {127, 0, 0, 255} }},
	{{ {444, -136, -1751}, 0, {4080, -6160}, {127, 0, 0, 255} }},
	{{ {444, -136, -380}, 0, {4080, 2032}, {127, 0, 0, 255} }},
};

Gfx hyrule_dl_hyrule_castle_mesh_layer_1_tri_4[] = {
	gsSPVertex(hyrule_dl_hyrule_castle_mesh_layer_1_vtx_4 + 0, 16, 0),
	gsSP1Triangle(0, 1, 2, 0),
	gsSP1Triangle(0, 2, 3, 0),
	gsSP1Triangle(4, 5, 6, 0),
	gsSP1Triangle(4, 6, 7, 0),
	gsSP1Triangle(8, 9, 10, 0),
	gsSP1Triangle(8, 10, 11, 0),
	gsSP1Triangle(12, 13, 14, 0),
	gsSP1Triangle(12, 14, 15, 0),
	gsSPVertex(hyrule_dl_hyrule_castle_mesh_layer_1_vtx_4 + 16, 16, 0),
	gsSP1Triangle(0, 1, 2, 0),
	gsSP1Triangle(0, 2, 3, 0),
	gsSP1Triangle(4, 5, 6, 0),
	gsSP1Triangle(4, 7, 5, 0),
	gsSP1Triangle(8, 9, 10, 0),
	gsSP1Triangle(8, 10, 11, 0),
	gsSP1Triangle(12, 13, 14, 0),
	gsSP1Triangle(12, 15, 13, 0),
	gsSPVertex(hyrule_dl_hyrule_castle_mesh_layer_1_vtx_4 + 32, 12, 0),
	gsSP1Triangle(0, 1, 2, 0),
	gsSP1Triangle(0, 2, 3, 0),
	gsSP1Triangle(4, 5, 6, 0),
	gsSP1Triangle(4, 6, 7, 0),
	gsSP1Triangle(8, 9, 10, 0),
	gsSP1Triangle(8, 10, 11, 0),
	gsSPEndDisplayList(),
};

Vtx hyrule_dl_hyrule_castle_mesh_layer_1_vtx_5[44] = {
	{{ {526, 294, 2776}, 0, {2032, 2032}, {129, 0, 0, 255} }},
	{{ {526, 294, 72}, 0, {2032, -14352}, {129, 0, 0, 255} }},
	{{ {526, 117, 72}, 0, {4080, -14352}, {129, 0, 0, 255} }},
	{{ {526, 117, 2776}, 0, {4080, 2032}, {129, 0, 0, 255} }},
	{{ {1709, 117, 2776}, 0, {4080, 2032}, {127, 0, 0, 255} }},
	{{ {1709, 117, 72}, 0, {4080, -14352}, {127, 0, 0, 255} }},
	{{ {1709, 294, 72}, 0, {2032, -14352}, {127, 0, 0, 255} }},
	{{ {1709, 294, 2776}, 0, {2032, 2032}, {127, 0, 0, 255} }},
	{{ {526, 294, 2776}, 0, {2032, 2032}, {0, 127, 0, 255} }},
	{{ {1709, 294, 72}, 0, {14320, -14352}, {0, 127, 0, 255} }},
	{{ {526, 294, 72}, 0, {2032, -14352}, {0, 127, 0, 255} }},
	{{ {526, 294, 2776}, 0, {2032, 2032}, {0, 127, 0, 255} }},
	{{ {1709, 294, 2776}, 0, {14320, 2032}, {0, 127, 0, 255} }},
	{{ {1709, 294, 72}, 0, {14320, -14352}, {0, 127, 0, 255} }},
	{{ {658, 117, 2776}, 0, {14320, 2032}, {0, 127, 0, 255} }},
	{{ {658, 117, -336}, 0, {14320, -16400}, {0, 127, 0, 255} }},
	{{ {-990, 117, -336}, 0, {2032, -16400}, {0, 127, 0, 255} }},
	{{ {-990, 117, 2776}, 0, {2032, 2032}, {0, 127, 0, 255} }},
	{{ {1709, -97, 2792}, 0, {2032, 2032}, {127, 0, 0, 255} }},
	{{ {1709, -97, 72}, 0, {2032, -14352}, {127, 0, 0, 255} }},
	{{ {1709, 117, 72}, 0, {4080, -14352}, {127, 0, 0, 255} }},
	{{ {1709, -97, 2792}, 0, {2032, 2032}, {127, 0, 0, 255} }},
	{{ {1709, 117, 72}, 0, {4080, -14352}, {127, 0, 0, 255} }},
	{{ {1709, 117, 2792}, 0, {4080, 2032}, {127, 0, 0, 255} }},
	{{ {-990, 117, 2776}, 0, {2032, 2032}, {129, 0, 0, 255} }},
	{{ {-990, 117, -336}, 0, {2032, -16400}, {129, 0, 0, 255} }},
	{{ {-990, -136, -336}, 0, {4080, -16400}, {129, 0, 0, 255} }},
	{{ {-990, -136, 2776}, 0, {4080, 2032}, {129, 0, 0, 255} }},
	{{ {658, -97, -336}, 0, {4080, -16400}, {127, 0, 0, 255} }},
	{{ {658, 117, -336}, 0, {2032, -16400}, {127, 0, 0, 255} }},
	{{ {658, 117, 2776}, 0, {2032, 2032}, {127, 0, 0, 255} }},
	{{ {658, -97, 2776}, 0, {4080, 2032}, {127, 0, 0, 255} }},
	{{ {1709, -469, 2792}, 0, {6128, 2032}, {127, 0, 0, 255} }},
	{{ {1709, -469, 72}, 0, {6128, -14352}, {127, 0, 0, 255} }},
	{{ {1709, -97, 72}, 0, {2032, -14352}, {127, 0, 0, 255} }},
	{{ {1709, -97, 2792}, 0, {2032, 2032}, {127, 0, 0, 255} }},
	{{ {-990, -136, 2775}, 0, {8176, 2032}, {129, 0, 0, 255} }},
	{{ {-990, -136, -336}, 0, {8176, -16400}, {129, 0, 0, 255} }},
	{{ {-990, -825, -336}, 0, {2032, -16400}, {129, 0, 0, 255} }},
	{{ {-990, -825, 2775}, 0, {2032, 2032}, {129, 0, 0, 255} }},
	{{ {658, -825, 2775}, 0, {2032, 2032}, {127, 0, 0, 255} }},
	{{ {658, -825, -336}, 0, {2032, -16400}, {127, 0, 0, 255} }},
	{{ {658, -97, -336}, 0, {8176, -16400}, {127, 0, 0, 255} }},
	{{ {658, -97, 2775}, 0, {8176, 2032}, {127, 0, 0, 255} }},
};

Gfx hyrule_dl_hyrule_castle_mesh_layer_1_tri_5[] = {
	gsSPVertex(hyrule_dl_hyrule_castle_mesh_layer_1_vtx_5 + 0, 14, 0),
	gsSP1Triangle(0, 1, 2, 0),
	gsSP1Triangle(0, 2, 3, 0),
	gsSP1Triangle(4, 5, 6, 0),
	gsSP1Triangle(4, 6, 7, 0),
	gsSP1Triangle(8, 9, 10, 0),
	gsSP1Triangle(11, 12, 13, 0),
	gsSPVertex(hyrule_dl_hyrule_castle_mesh_layer_1_vtx_5 + 14, 14, 0),
	gsSP1Triangle(0, 1, 2, 0),
	gsSP1Triangle(0, 2, 3, 0),
	gsSP1Triangle(4, 5, 6, 0),
	gsSP1Triangle(7, 8, 9, 0),
	gsSP1Triangle(10, 11, 12, 0),
	gsSP1Triangle(10, 12, 13, 0),
	gsSPVertex(hyrule_dl_hyrule_castle_mesh_layer_1_vtx_5 + 28, 16, 0),
	gsSP1Triangle(0, 1, 2, 0),
	gsSP1Triangle(0, 2, 3, 0),
	gsSP1Triangle(4, 5, 6, 0),
	gsSP1Triangle(4, 6, 7, 0),
	gsSP1Triangle(8, 9, 10, 0),
	gsSP1Triangle(8, 10, 11, 0),
	gsSP1Triangle(12, 13, 14, 0),
	gsSP1Triangle(12, 14, 15, 0),
	gsSPEndDisplayList(),
};

Vtx hyrule_dl_hyrule_castle_mesh_layer_1_vtx_6[56] = {
	{{ {526, 294, -3}, 0, {4080, -16}, {129, 0, 0, 255} }},
	{{ {526, 117, 72}, 0, {-16, 1008}, {129, 0, 0, 255} }},
	{{ {526, 294, 72}, 0, {4080, 1008}, {129, 0, 0, 255} }},
	{{ {526, 117, -3}, 0, {-16, -16}, {129, 0, 0, 255} }},
	{{ {1709, 117, 72}, 0, {-16, 1008}, {127, 0, 0, 255} }},
	{{ {1709, 117, -3}, 0, {-16, -16}, {127, 0, 0, 255} }},
	{{ {1709, 294, -3}, 0, {4080, -16}, {127, 0, 0, 255} }},
	{{ {1709, 294, 72}, 0, {4080, 1008}, {127, 0, 0, 255} }},
	{{ {526, 294, 72}, 0, {-16, 1008}, {0, 127, 0, 255} }},
	{{ {1709, 294, 72}, 0, {10222, 1008}, {0, 127, 0, 255} }},
	{{ {1709, 294, -3}, 0, {10224, -16}, {0, 127, 0, 255} }},
	{{ {526, 294, -3}, 0, {-16, -16}, {0, 127, 0, 255} }},
	{{ {-995, 138, -303}, 0, {-16, 1008}, {0, 127, 0, 255} }},
	{{ {664, 138, -303}, 0, {16368, 1008}, {0, 127, 0, 255} }},
	{{ {664, 138, -380}, 0, {16368, -16}, {0, 127, 0, 255} }},
	{{ {-995, 138, -380}, 0, {-16, -16}, {0, 127, 0, 255} }},
	{{ {-138, -118, -825}, 0, {6128, 1008}, {129, 0, 0, 255} }},
	{{ {-138, -118, -866}, 0, {6128, -16}, {129, 0, 0, 255} }},
	{{ {-138, -657, -866}, 0, {-16, -16}, {129, 0, 0, 255} }},
	{{ {-138, -657, -825}, 0, {-16, 1008}, {129, 0, 0, 255} }},
	{{ {459, -657, -866}, 0, {-16, -16}, {127, 0, 0, 255} }},
	{{ {459, -118, -866}, 0, {6128, -16}, {127, 0, 0, 255} }},
	{{ {459, -118, -825}, 0, {6128, 1008}, {127, 0, 0, 255} }},
	{{ {459, -657, -825}, 0, {-16, 1008}, {127, 0, 0, 255} }},
	{{ {-138, -118, -825}, 0, {-16, 1008}, {0, 127, 0, 255} }},
	{{ {459, -118, -825}, 0, {6128, 1008}, {0, 127, 0, 255} }},
	{{ {459, -118, -866}, 0, {6128, -16}, {0, 127, 0, 255} }},
	{{ {-138, -118, -866}, 0, {-16, -16}, {0, 127, 0, 255} }},
	{{ {-138, -118, -1172}, 0, {6128, 1008}, {129, 0, 0, 255} }},
	{{ {-138, -118, -1212}, 0, {6128, -16}, {129, 0, 0, 255} }},
	{{ {-138, -657, -1212}, 0, {-16, -16}, {129, 0, 0, 255} }},
	{{ {-138, -657, -1172}, 0, {-16, 1008}, {129, 0, 0, 255} }},
	{{ {459, -657, -1212}, 0, {-16, -16}, {127, 0, 0, 255} }},
	{{ {459, -118, -1212}, 0, {6128, -16}, {127, 0, 0, 255} }},
	{{ {459, -118, -1172}, 0, {6128, 1008}, {127, 0, 0, 255} }},
	{{ {459, -657, -1172}, 0, {-16, 1008}, {127, 0, 0, 255} }},
	{{ {-138, -118, -1172}, 0, {-16, 1008}, {0, 127, 0, 255} }},
	{{ {459, -118, -1172}, 0, {6128, 1008}, {0, 127, 0, 255} }},
	{{ {459, -118, -1212}, 0, {6128, -16}, {0, 127, 0, 255} }},
	{{ {-138, -118, -1212}, 0, {-16, -16}, {0, 127, 0, 255} }},
	{{ {-995, -136, -380}, 0, {6128, -16}, {129, 0, 0, 255} }},
	{{ {-995, -845, -303}, 0, {-16, 1008}, {129, 0, 0, 255} }},
	{{ {-995, -136, -303}, 0, {6128, 1008}, {129, 0, 0, 255} }},
	{{ {-995, -136, -380}, 0, {6128, -16}, {129, 0, 0, 255} }},
	{{ {-995, -845, -380}, 0, {-16, -16}, {129, 0, 0, 255} }},
	{{ {-995, -845, -303}, 0, {-16, 1008}, {129, 0, 0, 255} }},
	{{ {664, -845, -380}, 0, {-16, -16}, {127, 0, 0, 255} }},
	{{ {664, -136, -380}, 0, {6128, -16}, {127, 0, 0, 255} }},
	{{ {664, -136, -303}, 0, {6128, 1008}, {127, 0, 0, 255} }},
	{{ {664, -845, -380}, 0, {-16, -16}, {127, 0, 0, 255} }},
	{{ {664, -136, -303}, 0, {6128, 1008}, {127, 0, 0, 255} }},
	{{ {664, -845, -303}, 0, {-16, 1008}, {127, 0, 0, 255} }},
	{{ {1709, -469, -3}, 0, {-16, -16}, {127, 0, 0, 255} }},
	{{ {1709, -97, -3}, 0, {6128, -16}, {127, 0, 0, 255} }},
	{{ {1709, -97, 72}, 0, {6128, 1008}, {127, 0, 0, 255} }},
	{{ {1709, -469, 72}, 0, {-16, 1008}, {127, 0, 0, 255} }},
};

Gfx hyrule_dl_hyrule_castle_mesh_layer_1_tri_6[] = {
	gsSPVertex(hyrule_dl_hyrule_castle_mesh_layer_1_vtx_6 + 0, 16, 0),
	gsSP1Triangle(0, 1, 2, 0),
	gsSP1Triangle(0, 3, 1, 0),
	gsSP1Triangle(4, 5, 6, 0),
	gsSP1Triangle(4, 6, 7, 0),
	gsSP1Triangle(8, 9, 10, 0),
	gsSP1Triangle(8, 10, 11, 0),
	gsSP1Triangle(12, 13, 14, 0),
	gsSP1Triangle(12, 14, 15, 0),
	gsSPVertex(hyrule_dl_hyrule_castle_mesh_layer_1_vtx_6 + 16, 16, 0),
	gsSP1Triangle(0, 1, 2, 0),
	gsSP1Triangle(0, 2, 3, 0),
	gsSP1Triangle(4, 5, 6, 0),
	gsSP1Triangle(4, 6, 7, 0),
	gsSP1Triangle(8, 9, 10, 0),
	gsSP1Triangle(8, 10, 11, 0),
	gsSP1Triangle(12, 13, 14, 0),
	gsSP1Triangle(12, 14, 15, 0),
	gsSPVertex(hyrule_dl_hyrule_castle_mesh_layer_1_vtx_6 + 32, 14, 0),
	gsSP1Triangle(0, 1, 2, 0),
	gsSP1Triangle(0, 2, 3, 0),
	gsSP1Triangle(4, 5, 6, 0),
	gsSP1Triangle(4, 6, 7, 0),
	gsSP1Triangle(8, 9, 10, 0),
	gsSP1Triangle(11, 12, 13, 0),
	gsSPVertex(hyrule_dl_hyrule_castle_mesh_layer_1_vtx_6 + 46, 10, 0),
	gsSP1Triangle(0, 1, 2, 0),
	gsSP1Triangle(3, 4, 5, 0),
	gsSP1Triangle(6, 7, 8, 0),
	gsSP1Triangle(6, 8, 9, 0),
	gsSPEndDisplayList(),
};

Vtx hyrule_dl_hyrule_castle_mesh_layer_1_vtx_7[14] = {
	{{ {526, 117, -3}, 0, {-16, -16}, {0, 0, 129, 255} }},
	{{ {1199, 117, -3}, 0, {4770, -15}, {0, 0, 129, 255} }},
	{{ {1200, -97, -3}, 0, {4776, 2032}, {0, 0, 129, 255} }},
	{{ {526, 117, -3}, 0, {-16, -16}, {0, 0, 129, 255} }},
	{{ {1200, -97, -3}, 0, {4776, 2032}, {0, 0, 129, 255} }},
	{{ {526, -97, -3}, 0, {-16, 2032}, {0, 0, 129, 255} }},
	{{ {1199, 117, -3}, 0, {4770, -15}, {0, 0, 129, 255} }},
	{{ {1709, 117, -3}, 0, {8176, -16}, {0, 0, 129, 255} }},
	{{ {1709, -97, -3}, 0, {8176, 2032}, {0, 0, 129, 255} }},
	{{ {443, -136, -380}, 0, {14191, 2032}, {0, 0, 129, 255} }},
	{{ {-995, 138, -380}, 0, {-16, -16}, {0, 0, 129, 255} }},
	{{ {664, 138, -380}, 0, {16368, -16}, {0, 0, 129, 255} }},
	{{ {-995, -136, -380}, 0, {-16, 2032}, {0, 0, 129, 255} }},
	{{ {664, -136, -380}, 0, {16368, 2032}, {0, 0, 129, 255} }},
};

Gfx hyrule_dl_hyrule_castle_mesh_layer_1_tri_7[] = {
	gsSPVertex(hyrule_dl_hyrule_castle_mesh_layer_1_vtx_7 + 0, 14, 0),
	gsSP1Triangle(0, 1, 2, 0),
	gsSP1Triangle(3, 4, 5, 0),
	gsSP1Triangle(4, 6, 7, 0),
	gsSP1Triangle(4, 7, 8, 0),
	gsSP1Triangle(9, 10, 11, 0),
	gsSP1Triangle(10, 9, 12, 0),
	gsSP1Triangle(9, 11, 13, 0),
	gsSPEndDisplayList(),
};

Vtx hyrule_dl_hyrule_castle_mesh_layer_1_vtx_8[12] = {
	{{ {-995, 138, -380}, 0, {2032, -16}, {129, 0, 0, 255} }},
	{{ {-995, -136, -303}, 0, {-16, 1008}, {129, 0, 0, 255} }},
	{{ {-995, 138, -303}, 0, {2032, 1008}, {129, 0, 0, 255} }},
	{{ {-995, -136, -380}, 0, {-16, -16}, {129, 0, 0, 255} }},
	{{ {664, -136, -380}, 0, {-16, -16}, {127, 0, 0, 255} }},
	{{ {664, 138, -380}, 0, {2032, -16}, {127, 0, 0, 255} }},
	{{ {664, 138, -303}, 0, {2032, 1008}, {127, 0, 0, 255} }},
	{{ {664, -136, -303}, 0, {-16, 1008}, {127, 0, 0, 255} }},
	{{ {1709, -97, -3}, 0, {-16, -16}, {127, 0, 0, 255} }},
	{{ {1709, 117, -3}, 0, {2032, -16}, {127, 0, 0, 255} }},
	{{ {1709, 117, 72}, 0, {2032, 1008}, {127, 0, 0, 255} }},
	{{ {1709, -97, 72}, 0, {-16, 1008}, {127, 0, 0, 255} }},
};

Gfx hyrule_dl_hyrule_castle_mesh_layer_1_tri_8[] = {
	gsSPVertex(hyrule_dl_hyrule_castle_mesh_layer_1_vtx_8 + 0, 12, 0),
	gsSP1Triangle(0, 1, 2, 0),
	gsSP1Triangle(0, 3, 1, 0),
	gsSP1Triangle(4, 5, 6, 0),
	gsSP1Triangle(4, 6, 7, 0),
	gsSP1Triangle(8, 9, 10, 0),
	gsSP1Triangle(8, 10, 11, 0),
	gsSPEndDisplayList(),
};

Vtx hyrule_dl_hyrule_castle_mesh_layer_4_vtx_0[16] = {
	{{ {424, -148, -1747}, 0, {5104, 1008}, {0, 127, 0, 255} }},
	{{ {424, -148, -1858}, 0, {5104, -16}, {0, 127, 0, 255} }},
	{{ {-94, -148, -1858}, 0, {1008, -16}, {0, 127, 0, 255} }},
	{{ {-94, -148, -1747}, 0, {1008, 1008}, {0, 127, 0, 255} }},
	{{ {424, -645, -1747}, 0, {1008, 1008}, {127, 0, 0, 255} }},
	{{ {424, -148, -1858}, 0, {5104, -16}, {127, 0, 0, 255} }},
	{{ {424, -148, -1747}, 0, {5104, 1008}, {127, 0, 0, 255} }},
	{{ {424, -645, -1858}, 0, {1008, -16}, {127, 0, 0, 255} }},
	{{ {-94, -148, -1747}, 0, {5104, 1008}, {129, 0, 0, 255} }},
	{{ {-94, -148, -1858}, 0, {5104, -16}, {129, 0, 0, 255} }},
	{{ {-94, -645, -1858}, 0, {1008, -16}, {129, 0, 0, 255} }},
	{{ {-94, -645, -1747}, 0, {1008, 1008}, {129, 0, 0, 255} }},
	{{ {-94, -645, -1858}, 0, {1008, -16}, {0, 129, 0, 255} }},
	{{ {424, -645, -1858}, 0, {5104, -16}, {0, 129, 0, 255} }},
	{{ {424, -645, -1747}, 0, {5104, 1008}, {0, 129, 0, 255} }},
	{{ {-94, -645, -1747}, 0, {1008, 1008}, {0, 129, 0, 255} }},
};

Gfx hyrule_dl_hyrule_castle_mesh_layer_4_tri_0[] = {
	gsSPVertex(hyrule_dl_hyrule_castle_mesh_layer_4_vtx_0 + 0, 16, 0),
	gsSP1Triangle(0, 1, 2, 0),
	gsSP1Triangle(0, 2, 3, 0),
	gsSP1Triangle(4, 5, 6, 0),
	gsSP1Triangle(4, 7, 5, 0),
	gsSP1Triangle(8, 9, 10, 0),
	gsSP1Triangle(8, 10, 11, 0),
	gsSP1Triangle(12, 13, 14, 0),
	gsSP1Triangle(12, 14, 15, 0),
	gsSPEndDisplayList(),
};

Vtx hyrule_dl_hyrule_castle_mesh_layer_4_vtx_1[16] = {
	{{ {1023, 297, 284}, 0, {-16, 1008}, {0, 127, 0, 255} }},
	{{ {1197, 297, 284}, 0, {1008, 1008}, {0, 127, 0, 255} }},
	{{ {1197, 297, 161}, 0, {1008, -16}, {0, 127, 0, 255} }},
	{{ {1023, 297, 161}, 0, {-16, -16}, {0, 127, 0, 255} }},
	{{ {-1146, 439, 158}, 0, {-16, 1008}, {0, 127, 0, 255} }},
	{{ {-984, 439, 158}, 0, {1008, 1008}, {0, 127, 0, 255} }},
	{{ {-984, 439, 34}, 0, {1008, -16}, {0, 127, 0, 255} }},
	{{ {-1146, 439, 34}, 0, {-16, -16}, {0, 127, 0, 255} }},
	{{ {-381, 764, 470}, 0, {-16, 1008}, {0, 127, 0, 255} }},
	{{ {-145, 765, 470}, 0, {1008, 1008}, {0, 127, 0, 255} }},
	{{ {-145, 765, 290}, 0, {1008, -16}, {0, 127, 0, 255} }},
	{{ {-381, 764, 290}, 0, {-16, -16}, {0, 127, 0, 255} }},
	{{ {186, -135, -1343}, 0, {-16, 1008}, {0, 127, 0, 255} }},
	{{ {381, -135, -1343}, 0, {1008, 1008}, {0, 127, 0, 255} }},
	{{ {381, -135, -1533}, 0, {1008, -16}, {0, 127, 0, 255} }},
	{{ {186, -135, -1533}, 0, {-16, -16}, {0, 127, 0, 255} }},
};

Gfx hyrule_dl_hyrule_castle_mesh_layer_4_tri_1[] = {
	gsSPVertex(hyrule_dl_hyrule_castle_mesh_layer_4_vtx_1 + 0, 16, 0),
	gsSP1Triangle(0, 1, 2, 0),
	gsSP1Triangle(0, 2, 3, 0),
	gsSP1Triangle(4, 5, 6, 0),
	gsSP1Triangle(4, 6, 7, 0),
	gsSP1Triangle(8, 9, 10, 0),
	gsSP1Triangle(8, 10, 11, 0),
	gsSP1Triangle(12, 13, 14, 0),
	gsSP1Triangle(12, 14, 15, 0),
	gsSPEndDisplayList(),
};

Vtx hyrule_dl_hyrule_castle_mesh_layer_4_vtx_2[4] = {
	{{ {1404, 161, -135}, 0, {919, 826}, {0, 126, 242, 255} }},
	{{ {1393, 147, -265}, 0, {865, 156}, {0, 126, 242, 255} }},
	{{ {1230, 161, -135}, 0, {76, 826}, {0, 126, 242, 255} }},
	{{ {1241, 147, -265}, 0, {130, 156}, {0, 126, 242, 255} }},
};

Gfx hyrule_dl_hyrule_castle_mesh_layer_4_tri_2[] = {
	gsSPVertex(hyrule_dl_hyrule_castle_mesh_layer_4_vtx_2 + 0, 4, 0),
	gsSP1Triangle(0, 1, 2, 0),
	gsSP1Triangle(2, 1, 3, 0),
	gsSPEndDisplayList(),
};

Vtx hyrule_dl_hyrule_castle_mesh_layer_5_vtx_0[18] = {
	{{ {129, -135, -547}, 0, {-16, -16}, {0, 127, 0, 255} }},
	{{ {165, -135, -690}, 0, {-16, -16}, {0, 127, 0, 255} }},
	{{ {-80, -135, -690}, 0, {-16, -16}, {0, 127, 0, 255} }},
	{{ {129, -135, -547}, 0, {-16, -16}, {0, 127, 0, 255} }},
	{{ {-80, -135, -690}, 0, {-16, -16}, {0, 127, 0, 255} }},
	{{ {-116, -135, -547}, 0, {-16, -16}, {0, 127, 0, 255} }},
	{{ {375, -135, -889}, 0, {-16, -16}, {0, 127, 0, 255} }},
	{{ {410, -135, -1031}, 0, {-16, -16}, {0, 127, 0, 255} }},
	{{ {165, -135, -1031}, 0, {-16, -16}, {0, 127, 0, 255} }},
	{{ {375, -135, -889}, 0, {-16, -16}, {0, 127, 0, 255} }},
	{{ {165, -135, -1031}, 0, {-16, -16}, {0, 127, 0, 255} }},
	{{ {129, -135, -889}, 0, {-16, -16}, {0, 127, 0, 255} }},
	{{ {130, -135, -1236}, 0, {-16, -16}, {0, 127, 0, 255} }},
	{{ {167, -135, -1373}, 0, {-16, -16}, {0, 127, 0, 255} }},
	{{ {-79, -135, -1373}, 0, {-16, -16}, {0, 127, 0, 255} }},
	{{ {130, -135, -1236}, 0, {-16, -16}, {0, 127, 0, 255} }},
	{{ {-79, -135, -1373}, 0, {-16, -16}, {0, 127, 0, 255} }},
	{{ {-115, -135, -1236}, 0, {-16, -16}, {0, 127, 0, 255} }},
};

Gfx hyrule_dl_hyrule_castle_mesh_layer_5_tri_0[] = {
	gsSPVertex(hyrule_dl_hyrule_castle_mesh_layer_5_vtx_0 + 0, 15, 0),
	gsSP1Triangle(0, 1, 2, 0),
	gsSP1Triangle(3, 4, 5, 0),
	gsSP1Triangle(6, 7, 8, 0),
	gsSP1Triangle(9, 10, 11, 0),
	gsSP1Triangle(12, 13, 14, 0),
	gsSPVertex(hyrule_dl_hyrule_castle_mesh_layer_5_vtx_0 + 15, 3, 0),
	gsSP1Triangle(0, 1, 2, 0),
	gsSPEndDisplayList(),
};

Vtx hyrule_dl_hyrule_castle_mesh_layer_5_vtx_1[4] = {
	{{ {-6356, 747, 2686}, 0, {-16, 1008}, {0, 0, 129, 255} }},
	{{ {6356, 747, 2686}, 0, {1008, 1008}, {0, 0, 129, 255} }},
	{{ {6356, -747, 2686}, 0, {1008, -16}, {0, 0, 129, 255} }},
	{{ {-6356, -747, 2686}, 0, {-16, -16}, {0, 0, 129, 255} }},
};

Gfx hyrule_dl_hyrule_castle_mesh_layer_5_tri_1[] = {
	gsSPVertex(hyrule_dl_hyrule_castle_mesh_layer_5_vtx_1 + 0, 4, 0),
	gsSP1Triangle(0, 1, 2, 0),
	gsSP1Triangle(0, 2, 3, 0),
	gsSPEndDisplayList(),
};

Vtx hyrule_dl_visual_mesh_layer_1_vtx_0[12] = {
	{{ {165, -132, -691}, 0, {1008, 1008}, {0, 0, 127, 255} }},
	{{ {165, 81, -691}, 0, {1008, -16}, {0, 0, 127, 255} }},
	{{ {-81, -132, -691}, 0, {-16, 1008}, {0, 0, 127, 255} }},
	{{ {-81, 81, -691}, 0, {-16, -16}, {0, 0, 127, 255} }},
	{{ {411, -132, -1030}, 0, {1008, 1008}, {0, 0, 127, 255} }},
	{{ {411, 81, -1030}, 0, {1008, -16}, {0, 0, 127, 255} }},
	{{ {164, -132, -1030}, 0, {-16, 1008}, {0, 0, 127, 255} }},
	{{ {164, 81, -1030}, 0, {-16, -16}, {0, 0, 127, 255} }},
	{{ {167, -132, -1370}, 0, {1008, 1008}, {0, 0, 127, 255} }},
	{{ {167, 81, -1370}, 0, {1008, -16}, {0, 0, 127, 255} }},
	{{ {-80, -132, -1370}, 0, {-16, 1008}, {0, 0, 127, 255} }},
	{{ {-80, 81, -1370}, 0, {-16, -16}, {0, 0, 127, 255} }},
};

Gfx hyrule_dl_visual_mesh_layer_1_tri_0[] = {
	gsSPVertex(hyrule_dl_visual_mesh_layer_1_vtx_0 + 0, 12, 0),
	gsSP1Triangle(0, 1, 2, 0),
	gsSP1Triangle(2, 1, 3, 0),
	gsSP1Triangle(4, 5, 6, 0),
	gsSP1Triangle(6, 5, 7, 0),
	gsSP1Triangle(8, 9, 10, 0),
	gsSP1Triangle(10, 9, 11, 0),
	gsSPEndDisplayList(),
};

Vtx hyrule_dl_visual_mesh_layer_4_vtx_0[36] = {
	{{ {-81, 81, -676}, 0, {2032, 496}, {129, 0, 0, 255} }},
	{{ {-81, 81, -721}, 0, {2032, -16}, {129, 0, 0, 255} }},
	{{ {-81, -132, -721}, 0, {-16, -16}, {129, 0, 0, 255} }},
	{{ {-81, -132, -676}, 0, {-16, 496}, {129, 0, 0, 255} }},
	{{ {165, 81, -676}, 0, {2032, 496}, {0, 127, 0, 255} }},
	{{ {165, 81, -721}, 0, {2032, -16}, {0, 127, 0, 255} }},
	{{ {-81, 81, -721}, 0, {-16, -16}, {0, 127, 0, 255} }},
	{{ {-81, 81, -676}, 0, {-16, 496}, {0, 127, 0, 255} }},
	{{ {165, -132, -676}, 0, {-16, 496}, {127, 0, 0, 255} }},
	{{ {165, 81, -721}, 0, {2032, -16}, {127, 0, 0, 255} }},
	{{ {165, 81, -676}, 0, {2032, 496}, {127, 0, 0, 255} }},
	{{ {165, -132, -721}, 0, {-16, -16}, {127, 0, 0, 255} }},
	{{ {164, 81, -1015}, 0, {2032, 496}, {129, 0, 0, 255} }},
	{{ {164, -132, -1060}, 0, {-16, -16}, {129, 0, 0, 255} }},
	{{ {164, -132, -1015}, 0, {-16, 496}, {129, 0, 0, 255} }},
	{{ {164, 81, -1060}, 0, {2032, -16}, {129, 0, 0, 255} }},
	{{ {-80, 81, -1356}, 0, {2032, 496}, {129, 0, 0, 255} }},
	{{ {-80, 81, -1401}, 0, {2032, -16}, {129, 0, 0, 255} }},
	{{ {-80, -132, -1401}, 0, {-16, -16}, {129, 0, 0, 255} }},
	{{ {-80, -132, -1356}, 0, {-16, 496}, {129, 0, 0, 255} }},
	{{ {167, 81, -1356}, 0, {2032, 496}, {0, 127, 0, 255} }},
	{{ {167, 81, -1401}, 0, {2032, -16}, {0, 127, 0, 255} }},
	{{ {-80, 81, -1401}, 0, {-16, -16}, {0, 127, 0, 255} }},
	{{ {-80, 81, -1356}, 0, {-16, 496}, {0, 127, 0, 255} }},
	{{ {167, -132, -1356}, 0, {-16, 496}, {127, 0, 0, 255} }},
	{{ {167, 81, -1401}, 0, {2032, -16}, {127, 0, 0, 255} }},
	{{ {167, 81, -1356}, 0, {2032, 496}, {127, 0, 0, 255} }},
	{{ {167, -132, -1401}, 0, {-16, -16}, {127, 0, 0, 255} }},
	{{ {411, -132, -1015}, 0, {-16, 496}, {127, 0, 0, 255} }},
	{{ {411, 81, -1060}, 0, {2032, -16}, {127, 0, 0, 255} }},
	{{ {411, 81, -1015}, 0, {2032, 496}, {127, 0, 0, 255} }},
	{{ {411, -132, -1060}, 0, {-16, -16}, {127, 0, 0, 255} }},
	{{ {411, 81, -1015}, 0, {2032, 496}, {0, 127, 0, 255} }},
	{{ {411, 81, -1060}, 0, {2032, -16}, {0, 127, 0, 255} }},
	{{ {164, 81, -1060}, 0, {-16, -16}, {0, 127, 0, 255} }},
	{{ {164, 81, -1015}, 0, {-16, 496}, {0, 127, 0, 255} }},
};

Gfx hyrule_dl_visual_mesh_layer_4_tri_0[] = {
	gsSPVertex(hyrule_dl_visual_mesh_layer_4_vtx_0 + 0, 16, 0),
	gsSP1Triangle(0, 1, 2, 0),
	gsSP1Triangle(0, 2, 3, 0),
	gsSP1Triangle(4, 5, 6, 0),
	gsSP1Triangle(4, 6, 7, 0),
	gsSP1Triangle(8, 9, 10, 0),
	gsSP1Triangle(8, 11, 9, 0),
	gsSP1Triangle(12, 13, 14, 0),
	gsSP1Triangle(12, 15, 13, 0),
	gsSPVertex(hyrule_dl_visual_mesh_layer_4_vtx_0 + 16, 16, 0),
	gsSP1Triangle(0, 1, 2, 0),
	gsSP1Triangle(0, 2, 3, 0),
	gsSP1Triangle(4, 5, 6, 0),
	gsSP1Triangle(4, 6, 7, 0),
	gsSP1Triangle(8, 9, 10, 0),
	gsSP1Triangle(8, 11, 9, 0),
	gsSP1Triangle(12, 13, 14, 0),
	gsSP1Triangle(12, 15, 13, 0),
	gsSPVertex(hyrule_dl_visual_mesh_layer_4_vtx_0 + 32, 4, 0),
	gsSP1Triangle(0, 1, 2, 0),
	gsSP1Triangle(0, 2, 3, 0),
	gsSPEndDisplayList(),
};

Gfx mat_hyrule_dl_Material01_f3d[] = {
	gsDPPipeSync(),
	gsDPSetCombineLERP(TEXEL0, 0, SHADE, 0, 0, 0, 0, ENVIRONMENT, TEXEL0, 0, SHADE, 0, 0, 0, 0, ENVIRONMENT),
	gsSPTexture(65535, 65535, 0, 0, 1),
	gsSPSetLights1(hyrule_dl_Material01_f3d_lights),
	gsDPSetTextureImage(G_IM_FMT_RGBA, G_IM_SIZ_16b_LOAD_BLOCK, 1, hyrule_dl_green_rgba16),
	gsDPSetTile(G_IM_FMT_RGBA, G_IM_SIZ_16b_LOAD_BLOCK, 0, 0, 7, 0, G_TX_WRAP | G_TX_NOMIRROR, 0, 0, G_TX_WRAP | G_TX_NOMIRROR, 0, 0),
	gsDPLoadBlock(7, 0, 0, 1023, 256),
	gsDPSetTile(G_IM_FMT_RGBA, G_IM_SIZ_16b, 8, 0, 0, 0, G_TX_WRAP | G_TX_NOMIRROR, 5, 0, G_TX_WRAP | G_TX_NOMIRROR, 5, 0),
	gsDPSetTileSize(0, 0, 0, 124, 124),
	gsSPEndDisplayList(),
};

Gfx mat_hyrule_dl_Material02_f3d[] = {
	gsDPPipeSync(),
	gsDPSetCombineLERP(TEXEL0, 0, SHADE, 0, 0, 0, 0, ENVIRONMENT, TEXEL0, 0, SHADE, 0, 0, 0, 0, ENVIRONMENT),
	gsSPTexture(65535, 65535, 0, 0, 1),
	gsSPSetLights1(hyrule_dl_Material02_f3d_lights),
	gsDPSetTextureImage(G_IM_FMT_RGBA, G_IM_SIZ_16b_LOAD_BLOCK, 1, hyrule_dl_green_way_rgba16),
	gsDPSetTile(G_IM_FMT_RGBA, G_IM_SIZ_16b_LOAD_BLOCK, 0, 0, 7, 0, G_TX_WRAP | G_TX_NOMIRROR, 0, 0, G_TX_WRAP | G_TX_NOMIRROR, 0, 0),
	gsDPLoadBlock(7, 0, 0, 1023, 256),
	gsDPSetTile(G_IM_FMT_RGBA, G_IM_SIZ_16b, 8, 0, 0, 0, G_TX_WRAP | G_TX_NOMIRROR, 5, 0, G_TX_WRAP | G_TX_NOMIRROR, 5, 0),
	gsDPSetTileSize(0, 0, 0, 124, 124),
	gsSPEndDisplayList(),
};

Gfx mat_hyrule_dl_Material03_f3d[] = {
	gsDPPipeSync(),
	gsDPSetCombineLERP(TEXEL0, 0, SHADE, 0, 0, 0, 0, ENVIRONMENT, TEXEL0, 0, SHADE, 0, 0, 0, 0, ENVIRONMENT),
	gsSPTexture(65535, 65535, 0, 0, 1),
	gsSPSetLights1(hyrule_dl_Material03_f3d_lights),
	gsDPSetTextureImage(G_IM_FMT_RGBA, G_IM_SIZ_16b_LOAD_BLOCK, 1, hyrule_dl_platforms_top_rgba16),
	gsDPSetTile(G_IM_FMT_RGBA, G_IM_SIZ_16b_LOAD_BLOCK, 0, 0, 7, 0, G_TX_WRAP | G_TX_NOMIRROR, 0, 0, G_TX_WRAP | G_TX_NOMIRROR, 0, 0),
	gsDPLoadBlock(7, 0, 0, 1023, 256),
	gsDPSetTile(G_IM_FMT_RGBA, G_IM_SIZ_16b, 8, 0, 0, 0, G_TX_WRAP | G_TX_NOMIRROR, 5, 0, G_TX_WRAP | G_TX_NOMIRROR, 5, 0),
	gsDPSetTileSize(0, 0, 0, 124, 124),
	gsSPEndDisplayList(),
};

Gfx mat_hyrule_dl_Material05_f3d[] = {
	gsDPPipeSync(),
	gsDPSetCombineLERP(TEXEL0, 0, SHADE, 0, 0, 0, 0, ENVIRONMENT, TEXEL0, 0, SHADE, 0, 0, 0, 0, ENVIRONMENT),
	gsSPTexture(65535, 65535, 0, 0, 1),
	gsSPSetLights1(hyrule_dl_Material05_f3d_lights),
	gsDPSetTextureImage(G_IM_FMT_RGBA, G_IM_SIZ_16b_LOAD_BLOCK, 1, hyrule_dl_rock_top_rgba16),
	gsDPSetTile(G_IM_FMT_RGBA, G_IM_SIZ_16b_LOAD_BLOCK, 0, 0, 7, 0, G_TX_WRAP | G_TX_NOMIRROR, 0, 0, G_TX_WRAP | G_TX_NOMIRROR, 0, 0),
	gsDPLoadBlock(7, 0, 0, 1023, 256),
	gsDPSetTile(G_IM_FMT_RGBA, G_IM_SIZ_16b, 8, 0, 0, 0, G_TX_WRAP | G_TX_NOMIRROR, 5, 0, G_TX_WRAP | G_TX_NOMIRROR, 5, 0),
	gsDPSetTileSize(0, 0, 0, 124, 124),
	gsSPEndDisplayList(),
};

Gfx mat_hyrule_dl_Material06_f3d[] = {
	gsDPPipeSync(),
	gsDPSetCombineLERP(TEXEL0, 0, SHADE, 0, TEXEL0, 0, ENVIRONMENT, 0, TEXEL0, 0, SHADE, 0, TEXEL0, 0, ENVIRONMENT, 0),
	gsSPClearGeometryMode(G_CULL_BACK),
	gsSPTexture(65535, 65535, 0, 0, 1),
	gsSPSetLights1(hyrule_dl_Material06_f3d_lights),
	gsDPSetTextureImage(G_IM_FMT_RGBA, G_IM_SIZ_16b_LOAD_BLOCK, 1, hyrule_dl_rock_top_2_rgba16),
	gsDPSetTile(G_IM_FMT_RGBA, G_IM_SIZ_16b_LOAD_BLOCK, 0, 0, 7, 0, G_TX_WRAP | G_TX_NOMIRROR, 0, 0, G_TX_WRAP | G_TX_NOMIRROR, 0, 0),
	gsDPLoadBlock(7, 0, 0, 2047, 128),
	gsDPSetTile(G_IM_FMT_RGBA, G_IM_SIZ_16b, 16, 0, 0, 0, G_TX_WRAP | G_TX_MIRROR, 5, 0, G_TX_WRAP | G_TX_NOMIRROR, 6, 0),
	gsDPSetTileSize(0, 0, 0, 252, 124),
	gsSPEndDisplayList(),
};

Gfx mat_revert_hyrule_dl_Material06_f3d[] = {
	gsDPPipeSync(),
	gsSPSetGeometryMode(G_CULL_BACK),
	gsSPEndDisplayList(),
};

Gfx mat_hyrule_dl_Material07_f3d[] = {
	gsDPPipeSync(),
	gsDPSetCombineLERP(TEXEL0, 0, SHADE, 0, 0, 0, 0, ENVIRONMENT, TEXEL0, 0, SHADE, 0, 0, 0, 0, ENVIRONMENT),
	gsSPTexture(65535, 65535, 0, 0, 1),
	gsSPSetLights1(hyrule_dl_Material07_f3d_lights),
	gsDPSetTextureImage(G_IM_FMT_RGBA, G_IM_SIZ_16b_LOAD_BLOCK, 1, hyrule_dl_rock_side_rgba16),
	gsDPSetTile(G_IM_FMT_RGBA, G_IM_SIZ_16b_LOAD_BLOCK, 0, 0, 7, 0, G_TX_WRAP | G_TX_NOMIRROR, 0, 0, G_TX_WRAP | G_TX_NOMIRROR, 0, 0),
	gsDPLoadBlock(7, 0, 0, 4095, 128),
	gsDPSetTile(G_IM_FMT_RGBA, G_IM_SIZ_16b, 16, 0, 0, 0, G_TX_WRAP | G_TX_NOMIRROR, 6, 0, G_TX_WRAP | G_TX_NOMIRROR, 6, 0),
	gsDPSetTileSize(0, 0, 0, 252, 252),
	gsSPEndDisplayList(),
};

Gfx mat_hyrule_dl_Material08_f3d[] = {
	gsDPPipeSync(),
	gsDPSetCombineLERP(TEXEL0, 0, SHADE, 0, 0, 0, 0, ENVIRONMENT, TEXEL0, 0, SHADE, 0, 0, 0, 0, ENVIRONMENT),
	gsSPTexture(65535, 65535, 0, 0, 1),
	gsSPSetLights1(hyrule_dl_Material08_f3d_lights),
	gsDPSetTextureImage(G_IM_FMT_RGBA, G_IM_SIZ_16b_LOAD_BLOCK, 1, hyrule_dl_rock_side_2_rgba16),
	gsDPSetTile(G_IM_FMT_RGBA, G_IM_SIZ_16b_LOAD_BLOCK, 0, 0, 7, 0, G_TX_WRAP | G_TX_NOMIRROR, 0, 0, G_TX_WRAP | G_TX_NOMIRROR, 0, 0),
	gsDPLoadBlock(7, 0, 0, 8191, 64),
	gsDPSetTile(G_IM_FMT_RGBA, G_IM_SIZ_16b, 32, 0, 0, 0, G_TX_WRAP | G_TX_NOMIRROR, 6, 0, G_TX_WRAP | G_TX_NOMIRROR, 7, 0),
	gsDPSetTileSize(0, 0, 0, 508, 252),
	gsSPEndDisplayList(),
};

Gfx mat_hyrule_dl_Material09_f3d[] = {
	gsDPPipeSync(),
	gsDPSetCombineLERP(TEXEL0, 0, SHADE, 0, 0, 0, 0, ENVIRONMENT, TEXEL0, 0, SHADE, 0, 0, 0, 0, ENVIRONMENT),
	gsSPTexture(65535, 65535, 0, 0, 1),
	gsSPSetLights1(hyrule_dl_Material09_f3d_lights),
	gsDPSetTextureImage(G_IM_FMT_RGBA, G_IM_SIZ_16b_LOAD_BLOCK, 1, hyrule_dl_rock_lines_rgba16),
	gsDPSetTile(G_IM_FMT_RGBA, G_IM_SIZ_16b_LOAD_BLOCK, 0, 0, 7, 0, G_TX_WRAP | G_TX_NOMIRROR, 0, 0, G_TX_WRAP | G_TX_NOMIRROR, 0, 0),
	gsDPLoadBlock(7, 0, 0, 2047, 128),
	gsDPSetTile(G_IM_FMT_RGBA, G_IM_SIZ_16b, 16, 0, 0, 0, G_TX_WRAP | G_TX_NOMIRROR, 5, 0, G_TX_WRAP | G_TX_NOMIRROR, 6, 0),
	gsDPSetTileSize(0, 0, 0, 252, 124),
	gsSPEndDisplayList(),
};

Gfx mat_hyrule_dl_Material10_f3d[] = {
	gsDPPipeSync(),
	gsDPSetCombineLERP(TEXEL0, 0, SHADE, 0, 0, 0, 0, ENVIRONMENT, TEXEL0, 0, SHADE, 0, 0, 0, 0, ENVIRONMENT),
	gsSPTexture(65535, 65535, 0, 0, 1),
	gsSPSetLights1(hyrule_dl_Material10_f3d_lights),
	gsDPSetTextureImage(G_IM_FMT_RGBA, G_IM_SIZ_16b_LOAD_BLOCK, 1, hyrule_dl_way_rgba16),
	gsDPSetTile(G_IM_FMT_RGBA, G_IM_SIZ_16b_LOAD_BLOCK, 0, 0, 7, 0, G_TX_WRAP | G_TX_NOMIRROR, 0, 0, G_TX_WRAP | G_TX_NOMIRROR, 0, 0),
	gsDPLoadBlock(7, 0, 0, 4095, 128),
	gsDPSetTile(G_IM_FMT_RGBA, G_IM_SIZ_16b, 16, 0, 0, 0, G_TX_WRAP | G_TX_NOMIRROR, 6, 0, G_TX_WRAP | G_TX_NOMIRROR, 6, 0),
	gsDPSetTileSize(0, 0, 0, 252, 252),
	gsSPEndDisplayList(),
};

Gfx mat_hyrule_dl_Material11_f3d[] = {
	gsDPPipeSync(),
	gsDPSetCombineLERP(TEXEL0, 0, SHADE, 0, 0, 0, 0, ENVIRONMENT, TEXEL0, 0, SHADE, 0, 0, 0, 0, ENVIRONMENT),
	gsSPTexture(65535, 65535, 0, 0, 1),
	gsSPSetLights1(hyrule_dl_Material11_f3d_lights),
	gsDPSetTextureImage(G_IM_FMT_RGBA, G_IM_SIZ_16b_LOAD_BLOCK, 1, hyrule_dl_way_side_rgba16),
	gsDPSetTile(G_IM_FMT_RGBA, G_IM_SIZ_16b_LOAD_BLOCK, 0, 0, 7, 0, G_TX_WRAP | G_TX_NOMIRROR, 0, 0, G_TX_WRAP | G_TX_NOMIRROR, 0, 0),
	gsDPLoadBlock(7, 0, 0, 2047, 128),
	gsDPSetTile(G_IM_FMT_RGBA, G_IM_SIZ_16b, 16, 0, 0, 0, G_TX_WRAP | G_TX_NOMIRROR, 5, 0, G_TX_WRAP | G_TX_NOMIRROR, 6, 0),
	gsDPSetTileSize(0, 0, 0, 252, 124),
	gsSPEndDisplayList(),
};

Gfx mat_hyrule_dl_Material12_f3d[] = {
	gsDPPipeSync(),
	gsDPSetCombineLERP(TEXEL0, 0, SHADE, 0, TEXEL0, 0, ENVIRONMENT, 0, TEXEL0, 0, SHADE, 0, TEXEL0, 0, ENVIRONMENT, 0),
	gsSPClearGeometryMode(G_CULL_BACK),
	gsSPTexture(65535, 65535, 0, 0, 1),
	gsSPSetLights1(hyrule_dl_Material12_f3d_lights),
	gsDPSetTextureImage(G_IM_FMT_IA, G_IM_SIZ_16b, 1, hyrule_dl_window_ia4),
	gsDPSetTile(G_IM_FMT_IA, G_IM_SIZ_16b, 0, 0, 7, 0, G_TX_WRAP | G_TX_NOMIRROR, 0, 0, G_TX_WRAP | G_TX_NOMIRROR, 0, 0),
	gsDPLoadBlock(7, 0, 0, 255, 1024),
	gsDPSetTile(G_IM_FMT_IA, G_IM_SIZ_4b, 2, 0, 0, 0, G_TX_WRAP | G_TX_NOMIRROR, 5, 0, G_TX_WRAP | G_TX_NOMIRROR, 5, 0),
	gsDPSetTileSize(0, 0, 0, 124, 124),
	gsSPEndDisplayList(),
};

Gfx mat_revert_hyrule_dl_Material12_f3d[] = {
	gsDPPipeSync(),
	gsSPSetGeometryMode(G_CULL_BACK),
	gsSPEndDisplayList(),
};

Gfx mat_hyrule_dl_Material13_f3d[] = {
	gsDPPipeSync(),
	gsDPSetCombineLERP(TEXEL0, 0, SHADE, 0, TEXEL0, 0, ENVIRONMENT, 0, TEXEL0, 0, SHADE, 0, TEXEL0, 0, ENVIRONMENT, 0),
	gsSPClearGeometryMode(G_CULL_BACK),
	gsSPTexture(65535, 65535, 0, 0, 1),
	gsSPSetLights1(hyrule_dl_Material13_f3d_lights),
	gsDPSetTextureImage(G_IM_FMT_RGBA, G_IM_SIZ_16b_LOAD_BLOCK, 1, hyrule_dl_window_2_rgba16),
	gsDPSetTile(G_IM_FMT_RGBA, G_IM_SIZ_16b_LOAD_BLOCK, 0, 0, 7, 0, G_TX_WRAP | G_TX_NOMIRROR, 0, 0, G_TX_WRAP | G_TX_NOMIRROR, 0, 0),
	gsDPLoadBlock(7, 0, 0, 1023, 256),
	gsDPSetTile(G_IM_FMT_RGBA, G_IM_SIZ_16b, 8, 0, 0, 0, G_TX_WRAP | G_TX_NOMIRROR, 5, 0, G_TX_WRAP | G_TX_NOMIRROR, 5, 0),
	gsDPSetTileSize(0, 0, 0, 124, 124),
	gsSPEndDisplayList(),
};

Gfx mat_revert_hyrule_dl_Material13_f3d[] = {
	gsDPPipeSync(),
	gsSPSetGeometryMode(G_CULL_BACK),
	gsSPEndDisplayList(),
};

Gfx mat_hyrule_dl_Material14_f3d[] = {
	gsDPPipeSync(),
	gsDPSetCombineLERP(0, 0, 0, PRIMITIVE, 0, 0, 0, PRIMITIVE, 0, 0, 0, PRIMITIVE, 0, 0, 0, PRIMITIVE),
	gsSPTexture(65535, 65535, 0, 0, 1),
	gsDPSetPrimColor(0, 0, 0, 0, 0, 226),
	gsSPEndDisplayList(),
};

Gfx mat_hyrule_dl_death[] = {
	gsDPPipeSync(),
	gsDPSetCombineLERP(0, 0, 0, PRIMITIVE, 0, 0, 0, PRIMITIVE, 0, 0, 0, PRIMITIVE, 0, 0, 0, PRIMITIVE),
	gsSPTexture(65535, 65535, 0, 0, 1),
	gsDPSetPrimColor(0, 0, 255, 255, 255, 0),
	gsSPEndDisplayList(),
};

Gfx mat_hyrule_dl_Material04_f3d[] = {
	gsDPPipeSync(),
	gsDPSetCombineLERP(TEXEL0, 0, SHADE, 0, TEXEL0, 0, ENVIRONMENT, 0, TEXEL0, 0, SHADE, 0, TEXEL0, 0, ENVIRONMENT, 0),
	gsSPClearGeometryMode(G_CULL_BACK),
	gsSPTexture(65535, 65535, 0, 0, 1),
	gsSPSetLights1(hyrule_dl_Material04_f3d_lights),
	gsDPSetTextureImage(G_IM_FMT_RGBA, G_IM_SIZ_16b_LOAD_BLOCK, 1, hyrule_dl_platforms_side_rgba16),
	gsDPSetTile(G_IM_FMT_RGBA, G_IM_SIZ_16b_LOAD_BLOCK, 0, 0, 7, 0, G_TX_WRAP | G_TX_NOMIRROR, 0, 0, G_TX_WRAP | G_TX_NOMIRROR, 0, 0),
	gsDPLoadBlock(7, 0, 0, 1023, 128),
	gsDPSetTile(G_IM_FMT_RGBA, G_IM_SIZ_16b, 16, 0, 0, 0, G_TX_WRAP | G_TX_NOMIRROR, 4, 0, G_TX_WRAP | G_TX_NOMIRROR, 6, 0),
	gsDPSetTileSize(0, 0, 0, 252, 60),
	gsSPEndDisplayList(),
};

Gfx mat_revert_hyrule_dl_Material04_f3d[] = {
	gsDPPipeSync(),
	gsSPSetGeometryMode(G_CULL_BACK),
	gsSPEndDisplayList(),
};

Gfx hyrule_dl_hyrule_castle_mesh_layer_1[] = {
	gsSPDisplayList(mat_hyrule_dl_Material01_f3d),
	gsSPDisplayList(hyrule_dl_hyrule_castle_mesh_layer_1_tri_0),
	gsSPDisplayList(mat_hyrule_dl_Material02_f3d),
	gsSPDisplayList(hyrule_dl_hyrule_castle_mesh_layer_1_tri_1),
	gsSPDisplayList(mat_hyrule_dl_Material03_f3d),
	gsSPDisplayList(hyrule_dl_hyrule_castle_mesh_layer_1_tri_2),
	gsSPDisplayList(mat_hyrule_dl_Material05_f3d),
	gsSPDisplayList(hyrule_dl_hyrule_castle_mesh_layer_1_tri_3),
	gsSPDisplayList(mat_hyrule_dl_Material07_f3d),
	gsSPDisplayList(hyrule_dl_hyrule_castle_mesh_layer_1_tri_4),
	gsSPDisplayList(mat_hyrule_dl_Material08_f3d),
	gsSPDisplayList(hyrule_dl_hyrule_castle_mesh_layer_1_tri_5),
	gsSPDisplayList(mat_hyrule_dl_Material09_f3d),
	gsSPDisplayList(hyrule_dl_hyrule_castle_mesh_layer_1_tri_6),
	gsSPDisplayList(mat_hyrule_dl_Material10_f3d),
	gsSPDisplayList(hyrule_dl_hyrule_castle_mesh_layer_1_tri_7),
	gsSPDisplayList(mat_hyrule_dl_Material11_f3d),
	gsSPDisplayList(hyrule_dl_hyrule_castle_mesh_layer_1_tri_8),
	gsSPEndDisplayList(),
};

Gfx hyrule_dl_hyrule_castle_mesh_layer_4[] = {
	gsSPDisplayList(mat_hyrule_dl_Material06_f3d),
	gsSPDisplayList(hyrule_dl_hyrule_castle_mesh_layer_4_tri_0),
	gsSPDisplayList(mat_revert_hyrule_dl_Material06_f3d),
	gsSPDisplayList(mat_hyrule_dl_Material12_f3d),
	gsSPDisplayList(hyrule_dl_hyrule_castle_mesh_layer_4_tri_1),
	gsSPDisplayList(mat_revert_hyrule_dl_Material12_f3d),
	gsSPDisplayList(mat_hyrule_dl_Material13_f3d),
	gsSPDisplayList(hyrule_dl_hyrule_castle_mesh_layer_4_tri_2),
	gsSPDisplayList(mat_revert_hyrule_dl_Material13_f3d),
	gsSPEndDisplayList(),
};

Gfx hyrule_dl_hyrule_castle_mesh_layer_5[] = {
	gsSPDisplayList(mat_hyrule_dl_Material14_f3d),
	gsSPDisplayList(hyrule_dl_hyrule_castle_mesh_layer_5_tri_0),
	gsSPDisplayList(mat_hyrule_dl_death),
	gsSPDisplayList(hyrule_dl_hyrule_castle_mesh_layer_5_tri_1),
	gsSPEndDisplayList(),
};

Gfx hyrule_dl_visual_mesh_layer_1[] = {
	gsSPDisplayList(mat_hyrule_dl_Material03_f3d),
	gsSPDisplayList(hyrule_dl_visual_mesh_layer_1_tri_0),
	gsSPEndDisplayList(),
};

Gfx hyrule_dl_visual_mesh_layer_4[] = {
	gsSPDisplayList(mat_hyrule_dl_Material04_f3d),
	gsSPDisplayList(hyrule_dl_visual_mesh_layer_4_tri_0),
	gsSPDisplayList(mat_revert_hyrule_dl_Material04_f3d),
	gsSPEndDisplayList(),
};

Gfx hyrule_dl_material_revert_render_settings[] = {
	gsDPPipeSync(),
	gsSPSetGeometryMode(G_LIGHTING),
	gsSPClearGeometryMode(G_TEXTURE_GEN),
	gsDPSetCombineLERP(0, 0, 0, SHADE, 0, 0, 0, ENVIRONMENT, 0, 0, 0, SHADE, 0, 0, 0, ENVIRONMENT),
	gsSPTexture(65535, 65535, 0, 0, 0),
	gsDPSetEnvColor(255, 255, 255, 255),
	gsDPSetAlphaCompare(G_AC_NONE),
	gsSPEndDisplayList(),
};

